SMM: enter
EAX=00000000 EBX=00000000 ECX=02000000 EDX=02000628
ESI=0000000b EDI=02000000 EBP=00014e40 ESP=00006c5c
EIP=000ea61d EFL=00000046 [---Z-P-] CPL=0 II=0 A20=1 SMM=0 HLT=0
ES =0010 00000000 ffffffff 00cf9300 DPL=0 DS   [-WA]
CS =0008 00000000 ffffffff 00cf9b00 DPL=0 CS32 [-RA]
SS =0010 00000000 ffffffff 00cf9300 DPL=0 DS   [-WA]
DS =0010 00000000 ffffffff 00cf9300 DPL=0 DS   [-WA]
FS =0010 00000000 ffffffff 00cf9300 DPL=0 DS   [-WA]
GS =0010 00000000 ffffffff 00cf9300 DPL=0 DS   [-WA]
LDT=0000 00000000 0000ffff 00008200 DPL=0 LDT
TR =0000 00000000 0000ffff 00008b00 DPL=0 TSS32-busy
GDT=     000f61e0 00000037
IDT=     000f621e 00000000
CR0=00000011 CR2=00000000 CR3=00000000 CR4=00000000
DR0=00000000 DR1=00000000 DR2=00000000 DR3=00000000 
DR6=ffff0ff0 DR7=00000400
CCS=00000000 CCD=ffffffff CCO=CLR
EFER=0000000000000000
SMM: after RSM
EAX=00000000 EBX=00000000 ECX=02000000 EDX=02000628
ESI=0000000b EDI=02000000 EBP=00014e40 ESP=00006c5c
EIP=000ea61d EFL=00000046 [---Z-P-] CPL=0 II=0 A20=1 SMM=0 HLT=0
ES =0010 00000000 ffffffff 00c09300 DPL=0 DS   [-WA]
CS =0008 00000000 ffffffff 00c09b00 DPL=0 CS32 [-RA]
SS =0010 00000000 ffffffff 00c09300 DPL=0 DS   [-WA]
DS =0010 00000000 ffffffff 00c09300 DPL=0 DS   [-WA]
FS =0010 00000000 ffffffff 00c09300 DPL=0 DS   [-WA]
GS =0010 00000000 ffffffff 00c09300 DPL=0 DS   [-WA]
LDT=0000 00000000 0000ffff 00008200 DPL=0 LDT
TR =0000 00000000 0000ffff 00008b00 DPL=0 TSS32-busy
GDT=     000f61e0 00000037
IDT=     000f621e 00000000
CR0=00000011 CR2=00000000 CR3=00000000 CR4=00000000
DR0=00000000 DR1=00000000 DR2=00000000 DR3=00000000 
DR6=ffff0ff0 DR7=00000400
CCS=00000044 CCD=00000000 CCO=EFLAGS
EFER=0000000000000000
SMM: enter
EAX=000000b5 EBX=000f7e0e ECX=00001234 EDX=00006cff
ESI=00006cb4 EDI=06ffec55 EBP=00006c74 ESP=00006c74
EIP=00007e0b EFL=00000006 [-----P-] CPL=0 II=0 A20=1 SMM=0 HLT=0
ES =d900 000d9000 ffffffff 008f9300
CS =f000 000f0000 ffffffff 008f9b00
SS =0000 00000000 ffffffff 008f9300
DS =0000 00000000 ffffffff 008f9300
FS =0000 00000000 ffffffff 008f9300
GS =0000 00000000 ffffffff 008f9300
LDT=0000 00000000 0000ffff 00008200
TR =0000 00000000 0000ffff 00008b00
GDT=     00000000 00000000
IDT=     00000000 000003ff
CR0=00000010 CR2=00000000 CR3=00000000 CR4=00000000
DR0=00000000 DR1=00000000 DR2=00000000 DR3=00000000 
DR6=ffff0ff0 DR7=00000400
CCS=00000000 CCD=00006c74 CCO=ADDL
EFER=0000000000000000
SMM: after RSM
EAX=000000b5 EBX=000f7e0e ECX=00001234 EDX=00006cff
ESI=00006cb4 EDI=06ffec55 EBP=00006c74 ESP=00006c74
EIP=000f7e0e EFL=00000046 [---Z-P-] CPL=0 II=0 A20=1 SMM=0 HLT=0
ES =0010 00000000 ffffffff 00c09300 DPL=0 DS   [-WA]
CS =0008 00000000 ffffffff 00c09b00 DPL=0 CS32 [-RA]
SS =0010 00000000 ffffffff 00c09300 DPL=0 DS   [-WA]
DS =0010 00000000 ffffffff 00c09300 DPL=0 DS   [-WA]
FS =0010 00000000 ffffffff 00c09300 DPL=0 DS   [-WA]
GS =0010 00000000 ffffffff 00c09300 DPL=0 DS   [-WA]
LDT=0000 00000000 0000ffff 00008200 DPL=0 LDT
TR =0000 00000000 0000ffff 00008b00 DPL=0 TSS32-busy
GDT=     000f61e0 00000037
IDT=     000f621e 00000000
CR0=00000011 CR2=00000000 CR3=00000000 CR4=00000000
DR0=00000000 DR1=00000000 DR2=00000000 DR3=00000000 
DR6=ffff0ff0 DR7=00000400
CCS=00000044 CCD=00000000 CCO=EFLAGS
EFER=0000000000000000
SMM: enter
EAX=000000b5 EBX=00007e28 ECX=00005678 EDX=06fe8a50
ESI=000e8380 EDI=06ffec55 EBP=00006c74 ESP=00006c74
EIP=000f7e25 EFL=00000016 [----AP-] CPL=0 II=0 A20=1 SMM=0 HLT=0
ES =0010 00000000 ffffffff 00c09300 DPL=0 DS   [-WA]
CS =0008 00000000 ffffffff 00c09b00 DPL=0 CS32 [-RA]
SS =0010 00000000 ffffffff 00c09300 DPL=0 DS   [-WA]
DS =0010 00000000 ffffffff 00c09300 DPL=0 DS   [-WA]
FS =0010 00000000 ffffffff 00c09300 DPL=0 DS   [-WA]
GS =0010 00000000 ffffffff 00c09300 DPL=0 DS   [-WA]
LDT=0000 00000000 0000ffff 00008200 DPL=0 LDT
TR =0000 00000000 0000ffff 00008b00 DPL=0 TSS32-busy
GDT=     000f61e0 00000037
IDT=     000f621e 00000000
CR0=00000011 CR2=00000000 CR3=00000000 CR4=00000000
DR0=00000000 DR1=00000000 DR2=00000000 DR3=00000000 
DR6=ffff0ff0 DR7=00000400
CCS=00000008 CCD=00006c60 CCO=ADDL
EFER=0000000000000000
SMM: after RSM
EAX=000000b5 EBX=00007e28 ECX=00005678 EDX=06fe8a50
ESI=000e8380 EDI=06ffec55 EBP=00006c74 ESP=00006c74
EIP=00007e28 EFL=00000006 [-----P-] CPL=0 II=0 A20=1 SMM=0 HLT=0
ES =d900 000d9000 ffffffff 00809300
CS =f000 000f0000 ffffffff 00809b00
SS =0000 00000000 ffffffff 00809300
DS =0000 00000000 ffffffff 00809300
FS =0000 00000000 ffffffff 00809300
GS =0000 00000000 ffffffff 00809300
LDT=0000 00000000 0000ffff 00008200
TR =0000 00000000 0000ffff 00008b00
GDT=     00000000 00000000
IDT=     00000000 000003ff
CR0=00000010 CR2=00000000 CR3=00000000 CR4=00000000
DR0=00000000 DR1=00000000 DR2=00000000 DR3=00000000 
DR6=ffff0ff0 DR7=00000400
CCS=00000004 CCD=00000001 CCO=EFLAGS
EFER=0000000000000000
SMM: enter
EAX=000000b5 EBX=000f7e0e ECX=00001234 EDX=000069ff
ESI=00006996 EDI=06ffec55 EBP=00006956 ESP=00006956
EIP=00007e0b EFL=00000006 [-----P-] CPL=0 II=0 A20=1 SMM=0 HLT=0
ES =d900 000d9000 ffffffff 008f9300
CS =f000 000f0000 ffffffff 008f9b00
SS =0000 00000000 ffffffff 008f9300
DS =0000 00000000 ffffffff 008f9300
FS =0000 00000000 ffffffff 008f9300
GS =ca00 000ca000 ffffffff 008f9300
LDT=0000 00000000 0000ffff 00008200
TR =0000 00000000 0000ffff 00008b00
GDT=     00000000 00000000
IDT=     00000000 000003ff
CR0=00000010 CR2=00000000 CR3=00000000 CR4=00000000
DR0=00000000 DR1=00000000 DR2=00000000 DR3=00000000 
DR6=ffff0ff0 DR7=00000400
CCS=00000000 CCD=00006956 CCO=ADDL
EFER=0000000000000000
SMM: after RSM
EAX=000000b5 EBX=000f7e0e ECX=00001234 EDX=000069ff
ESI=00006996 EDI=06ffec55 EBP=00006956 ESP=00006956
EIP=000f7e0e EFL=00000046 [---Z-P-] CPL=0 II=0 A20=1 SMM=0 HLT=0
ES =0010 00000000 ffffffff 00c09300 DPL=0 DS   [-WA]
CS =0008 00000000 ffffffff 00c09b00 DPL=0 CS32 [-RA]
SS =0010 00000000 ffffffff 00c09300 DPL=0 DS   [-WA]
DS =0010 00000000 ffffffff 00c09300 DPL=0 DS   [-WA]
FS =0010 00000000 ffffffff 00c09300 DPL=0 DS   [-WA]
GS =0010 00000000 ffffffff 00c09300 DPL=0 DS   [-WA]
LDT=0000 00000000 0000ffff 00008200 DPL=0 LDT
TR =0000 00000000 0000ffff 00008b00 DPL=0 TSS32-busy
GDT=     000f61e0 00000037
IDT=     000f621e 00000000
CR0=00000011 CR2=00000000 CR3=00000000 CR4=00000000
DR0=00000000 DR1=00000000 DR2=00000000 DR3=00000000 
DR6=ffff0ff0 DR7=00000400
CCS=00000044 CCD=00000000 CCO=EFLAGS
EFER=0000000000000000
SMM: enter
EAX=000000b5 EBX=00007e28 ECX=00005678 EDX=00000005
ESI=00000000 EDI=06ffec55 EBP=00006956 ESP=00006956
EIP=000f7e25 EFL=00000016 [----AP-] CPL=0 II=0 A20=1 SMM=0 HLT=0
ES =0010 00000000 ffffffff 00c09300 DPL=0 DS   [-WA]
CS =0008 00000000 ffffffff 00c09b00 DPL=0 CS32 [-RA]
SS =0010 00000000 ffffffff 00c09300 DPL=0 DS   [-WA]
DS =0010 00000000 ffffffff 00c09300 DPL=0 DS   [-WA]
FS =0010 00000000 ffffffff 00c09300 DPL=0 DS   [-WA]
GS =0010 00000000 ffffffff 00c09300 DPL=0 DS   [-WA]
LDT=0000 00000000 0000ffff 00008200 DPL=0 LDT
TR =0000 00000000 0000ffff 00008b00 DPL=0 TSS32-busy
GDT=     000f61e0 00000037
IDT=     000f621e 00000000
CR0=00000011 CR2=00000000 CR3=00000000 CR4=00000000
DR0=00000000 DR1=00000000 DR2=00000000 DR3=00000000 
DR6=ffff0ff0 DR7=00000400
CCS=00000008 CCD=00006942 CCO=ADDL
EFER=0000000000000000
SMM: after RSM
EAX=000000b5 EBX=00007e28 ECX=00005678 EDX=00000005
ESI=00000000 EDI=06ffec55 EBP=00006956 ESP=00006956
EIP=00007e28 EFL=00000006 [-----P-] CPL=0 II=0 A20=1 SMM=0 HLT=0
ES =d900 000d9000 ffffffff 00809300
CS =f000 000f0000 ffffffff 00809b00
SS =0000 00000000 ffffffff 00809300
DS =0000 00000000 ffffffff 00809300
FS =0000 00000000 ffffffff 00809300
GS =ca00 000ca000 ffffffff 00809300
LDT=0000 00000000 0000ffff 00008200
TR =0000 00000000 0000ffff 00008b00
GDT=     00000000 00000000
IDT=     00000000 000003ff
CR0=00000010 CR2=00000000 CR3=00000000 CR4=00000000
DR0=00000000 DR1=00000000 DR2=00000000 DR3=00000000 
DR6=ffff0ff0 DR7=00000400
CCS=00000004 CCD=00000001 CCO=EFLAGS
EFER=0000000000000000
SMM: enter
EAX=000000b5 EBX=000f7e0e ECX=00001234 EDX=000069ff
ESI=00006990 EDI=06ffec55 EBP=00006950 ESP=00006950
EIP=00007e0b EFL=00000006 [-----P-] CPL=0 II=0 A20=1 SMM=0 HLT=0
ES =d900 000d9000 ffffffff 00809300
CS =f000 000f0000 ffffffff 00809b00
SS =0000 00000000 ffffffff 00809300
DS =0000 00000000 ffffffff 00809300
FS =0000 00000000 ffffffff 00809300
GS =ca00 000ca000 ffffffff 00809300
LDT=0000 00000000 0000ffff 00008200
TR =0000 00000000 0000ffff 00008b00
GDT=     00000000 00000000
IDT=     00000000 000003ff
CR0=00000010 CR2=00000000 CR3=00000000 CR4=00000000
DR0=00000000 DR1=00000000 DR2=00000000 DR3=00000000 
DR6=ffff0ff0 DR7=00000400
CCS=00000000 CCD=00006950 CCO=ADDL
EFER=0000000000000000
SMM: after RSM
EAX=000000b5 EBX=000f7e0e ECX=00001234 EDX=000069ff
ESI=00006990 EDI=06ffec55 EBP=00006950 ESP=00006950
EIP=000f7e0e EFL=00000046 [---Z-P-] CPL=0 II=0 A20=1 SMM=0 HLT=0
ES =0010 00000000 ffffffff 00c09300 DPL=0 DS   [-WA]
CS =0008 00000000 ffffffff 00c09b00 DPL=0 CS32 [-RA]
SS =0010 00000000 ffffffff 00c09300 DPL=0 DS   [-WA]
DS =0010 00000000 ffffffff 00c09300 DPL=0 DS   [-WA]
FS =0010 00000000 ffffffff 00c09300 DPL=0 DS   [-WA]
GS =0010 00000000 ffffffff 00c09300 DPL=0 DS   [-WA]
LDT=0000 00000000 0000ffff 00008200 DPL=0 LDT
TR =0000 00000000 0000ffff 00008b00 DPL=0 TSS32-busy
GDT=     000f61e0 00000037
IDT=     000f621e 00000000
CR0=00000011 CR2=00000000 CR3=00000000 CR4=00000000
DR0=00000000 DR1=00000000 DR2=00000000 DR3=00000000 
DR6=ffff0ff0 DR7=00000400
CCS=00000044 CCD=00000000 CCO=EFLAGS
EFER=0000000000000000
SMM: enter
EAX=000000b5 EBX=00007e28 ECX=00005678 EDX=00000003
ESI=06fcaf00 EDI=06ffec55 EBP=00006950 ESP=00006950
EIP=000f7e25 EFL=00000006 [-----P-] CPL=0 II=0 A20=1 SMM=0 HLT=0
ES =0010 00000000 ffffffff 00c09300 DPL=0 DS   [-WA]
CS =0008 00000000 ffffffff 00c09b00 DPL=0 CS32 [-RA]
SS =0010 00000000 ffffffff 00c09300 DPL=0 DS   [-WA]
DS =0010 00000000 ffffffff 00c09300 DPL=0 DS   [-WA]
FS =0010 00000000 ffffffff 00c09300 DPL=0 DS   [-WA]
GS =0010 00000000 ffffffff 00c09300 DPL=0 DS   [-WA]
LDT=0000 00000000 0000ffff 00008200 DPL=0 LDT
TR =0000 00000000 0000ffff 00008b00 DPL=0 TSS32-busy
GDT=     000f61e0 00000037
IDT=     000f621e 00000000
CR0=00000011 CR2=00000000 CR3=00000000 CR4=00000000
DR0=00000000 DR1=00000000 DR2=00000000 DR3=00000000 
DR6=ffff0ff0 DR7=00000400
CCS=00000008 CCD=0000693c CCO=ADDL
EFER=0000000000000000
SMM: after RSM
EAX=000000b5 EBX=00007e28 ECX=00005678 EDX=00000003
ESI=06fcaf00 EDI=06ffec55 EBP=00006950 ESP=00006950
EIP=00007e28 EFL=00000006 [-----P-] CPL=0 II=0 A20=1 SMM=0 HLT=0
ES =d900 000d9000 ffffffff 00809300
CS =f000 000f0000 ffffffff 00809b00
SS =0000 00000000 ffffffff 00809300
DS =0000 00000000 ffffffff 00809300
FS =0000 00000000 ffffffff 00809300
GS =ca00 000ca000 ffffffff 00809300
LDT=0000 00000000 0000ffff 00008200
TR =0000 00000000 0000ffff 00008b00
GDT=     00000000 00000000
IDT=     00000000 000003ff
CR0=00000010 CR2=00000000 CR3=00000000 CR4=00000000
DR0=00000000 DR1=00000000 DR2=00000000 DR3=00000000 
DR6=ffff0ff0 DR7=00000400
CCS=00000004 CCD=00000001 CCO=EFLAGS
EFER=0000000000000000
SMM: enter
EAX=000000b5 EBX=000f7e0e ECX=00001234 EDX=000069ff
ESI=00006996 EDI=06ffec55 EBP=00006956 ESP=00006956
EIP=00007e0b EFL=00000006 [-----P-] CPL=0 II=0 A20=1 SMM=0 HLT=0
ES =d900 000d9000 ffffffff 00809300
CS =f000 000f0000 ffffffff 00809b00
SS =0000 00000000 ffffffff 00809300
DS =0000 00000000 ffffffff 00809300
FS =0000 00000000 ffffffff 00809300
GS =ca00 000ca000 ffffffff 00809300
LDT=0000 00000000 0000ffff 00008200
TR =0000 00000000 0000ffff 00008b00
GDT=     00000000 00000000
IDT=     00000000 000003ff
CR0=00000010 CR2=00000000 CR3=00000000 CR4=00000000
DR0=00000000 DR1=00000000 DR2=00000000 DR3=00000000 
DR6=ffff0ff0 DR7=00000400
CCS=00000000 CCD=00006956 CCO=ADDL
EFER=0000000000000000
SMM: after RSM
EAX=000000b5 EBX=000f7e0e ECX=00001234 EDX=000069ff
ESI=00006996 EDI=06ffec55 EBP=00006956 ESP=00006956
EIP=000f7e0e EFL=00000046 [---Z-P-] CPL=0 II=0 A20=1 SMM=0 HLT=0
ES =0010 00000000 ffffffff 00c09300 DPL=0 DS   [-WA]
CS =0008 00000000 ffffffff 00c09b00 DPL=0 CS32 [-RA]
SS =0010 00000000 ffffffff 00c09300 DPL=0 DS   [-WA]
DS =0010 00000000 ffffffff 00c09300 DPL=0 DS   [-WA]
FS =0010 00000000 ffffffff 00c09300 DPL=0 DS   [-WA]
GS =0010 00000000 ffffffff 00c09300 DPL=0 DS   [-WA]
LDT=0000 00000000 0000ffff 00008200 DPL=0 LDT
TR =0000 00000000 0000ffff 00008b00 DPL=0 TSS32-busy
GDT=     000f61e0 00000037
IDT=     000f621e 00000000
CR0=00000011 CR2=00000000 CR3=00000000 CR4=00000000
DR0=00000000 DR1=00000000 DR2=00000000 DR3=00000000 
DR6=ffff0ff0 DR7=00000400
CCS=00000044 CCD=00000000 CCO=EFLAGS
EFER=0000000000000000
SMM: enter
EAX=000000b5 EBX=00007e28 ECX=00005678 EDX=00000005
ESI=00000000 EDI=06ffec55 EBP=00006956 ESP=00006956
EIP=000f7e25 EFL=00000016 [----AP-] CPL=0 II=0 A20=1 SMM=0 HLT=0
ES =0010 00000000 ffffffff 00c09300 DPL=0 DS   [-WA]
CS =0008 00000000 ffffffff 00c09b00 DPL=0 CS32 [-RA]
SS =0010 00000000 ffffffff 00c09300 DPL=0 DS   [-WA]
DS =0010 00000000 ffffffff 00c09300 DPL=0 DS   [-WA]
FS =0010 00000000 ffffffff 00c09300 DPL=0 DS   [-WA]
GS =0010 00000000 ffffffff 00c09300 DPL=0 DS   [-WA]
LDT=0000 00000000 0000ffff 00008200 DPL=0 LDT
TR =0000 00000000 0000ffff 00008b00 DPL=0 TSS32-busy
GDT=     000f61e0 00000037
IDT=     000f621e 00000000
CR0=00000011 CR2=00000000 CR3=00000000 CR4=00000000
DR0=00000000 DR1=00000000 DR2=00000000 DR3=00000000 
DR6=ffff0ff0 DR7=00000400
CCS=00000008 CCD=00006942 CCO=ADDL
EFER=0000000000000000
SMM: after RSM
EAX=000000b5 EBX=00007e28 ECX=00005678 EDX=00000005
ESI=00000000 EDI=06ffec55 EBP=00006956 ESP=00006956
EIP=00007e28 EFL=00000006 [-----P-] CPL=0 II=0 A20=1 SMM=0 HLT=0
ES =d900 000d9000 ffffffff 00809300
CS =f000 000f0000 ffffffff 00809b00
SS =0000 00000000 ffffffff 00809300
DS =0000 00000000 ffffffff 00809300
FS =0000 00000000 ffffffff 00809300
GS =ca00 000ca000 ffffffff 00809300
LDT=0000 00000000 0000ffff 00008200
TR =0000 00000000 0000ffff 00008b00
GDT=     00000000 00000000
IDT=     00000000 000003ff
CR0=00000010 CR2=00000000 CR3=00000000 CR4=00000000
DR0=00000000 DR1=00000000 DR2=00000000 DR3=00000000 
DR6=ffff0ff0 DR7=00000400
CCS=00000004 CCD=00000001 CCO=EFLAGS
EFER=0000000000000000
SMM: enter
EAX=000000b5 EBX=000f7e0e ECX=00001234 EDX=000069ff
ESI=00006990 EDI=06ffec55 EBP=00006950 ESP=00006950
EIP=00007e0b EFL=00000006 [-----P-] CPL=0 II=0 A20=1 SMM=0 HLT=0
ES =d900 000d9000 ffffffff 00809300
CS =f000 000f0000 ffffffff 00809b00
SS =0000 00000000 ffffffff 00809300
DS =0000 00000000 ffffffff 00809300
FS =0000 00000000 ffffffff 00809300
GS =ca00 000ca000 ffffffff 00809300
LDT=0000 00000000 0000ffff 00008200
TR =0000 00000000 0000ffff 00008b00
GDT=     00000000 00000000
IDT=     00000000 000003ff
CR0=00000010 CR2=00000000 CR3=00000000 CR4=00000000
DR0=00000000 DR1=00000000 DR2=00000000 DR3=00000000 
DR6=ffff0ff0 DR7=00000400
CCS=00000000 CCD=00006950 CCO=ADDL
EFER=0000000000000000
SMM: after RSM
EAX=000000b5 EBX=000f7e0e ECX=00001234 EDX=000069ff
ESI=00006990 EDI=06ffec55 EBP=00006950 ESP=00006950
EIP=000f7e0e EFL=00000046 [---Z-P-] CPL=0 II=0 A20=1 SMM=0 HLT=0
ES =0010 00000000 ffffffff 00c09300 DPL=0 DS   [-WA]
CS =0008 00000000 ffffffff 00c09b00 DPL=0 CS32 [-RA]
SS =0010 00000000 ffffffff 00c09300 DPL=0 DS   [-WA]
DS =0010 00000000 ffffffff 00c09300 DPL=0 DS   [-WA]
FS =0010 00000000 ffffffff 00c09300 DPL=0 DS   [-WA]
GS =0010 00000000 ffffffff 00c09300 DPL=0 DS   [-WA]
LDT=0000 00000000 0000ffff 00008200 DPL=0 LDT
TR =0000 00000000 0000ffff 00008b00 DPL=0 TSS32-busy
GDT=     000f61e0 00000037
IDT=     000f621e 00000000
CR0=00000011 CR2=00000000 CR3=00000000 CR4=00000000
DR0=00000000 DR1=00000000 DR2=00000000 DR3=00000000 
DR6=ffff0ff0 DR7=00000400
CCS=00000044 CCD=00000000 CCO=EFLAGS
EFER=0000000000000000
SMM: enter
EAX=000000b5 EBX=00007e28 ECX=00005678 EDX=00000003
ESI=06f0af00 EDI=06ffec55 EBP=00006950 ESP=00006950
EIP=000f7e25 EFL=00000006 [-----P-] CPL=0 II=0 A20=1 SMM=0 HLT=0
ES =0010 00000000 ffffffff 00c09300 DPL=0 DS   [-WA]
CS =0008 00000000 ffffffff 00c09b00 DPL=0 CS32 [-RA]
SS =0010 00000000 ffffffff 00c09300 DPL=0 DS   [-WA]
DS =0010 00000000 ffffffff 00c09300 DPL=0 DS   [-WA]
FS =0010 00000000 ffffffff 00c09300 DPL=0 DS   [-WA]
GS =0010 00000000 ffffffff 00c09300 DPL=0 DS   [-WA]
LDT=0000 00000000 0000ffff 00008200 DPL=0 LDT
TR =0000 00000000 0000ffff 00008b00 DPL=0 TSS32-busy
GDT=     000f61e0 00000037
IDT=     000f621e 00000000
CR0=00000011 CR2=00000000 CR3=00000000 CR4=00000000
DR0=00000000 DR1=00000000 DR2=00000000 DR3=00000000 
DR6=ffff0ff0 DR7=00000400
CCS=00000008 CCD=0000693c CCO=ADDL
EFER=0000000000000000
SMM: after RSM
EAX=000000b5 EBX=00007e28 ECX=00005678 EDX=00000003
ESI=06f0af00 EDI=06ffec55 EBP=00006950 ESP=00006950
EIP=00007e28 EFL=00000006 [-----P-] CPL=0 II=0 A20=1 SMM=0 HLT=0
ES =d900 000d9000 ffffffff 00809300
CS =f000 000f0000 ffffffff 00809b00
SS =0000 00000000 ffffffff 00809300
DS =0000 00000000 ffffffff 00809300
FS =0000 00000000 ffffffff 00809300
GS =ca00 000ca000 ffffffff 00809300
LDT=0000 00000000 0000ffff 00008200
TR =0000 00000000 0000ffff 00008b00
GDT=     00000000 00000000
IDT=     00000000 000003ff
CR0=00000010 CR2=00000000 CR3=00000000 CR4=00000000
DR0=00000000 DR1=00000000 DR2=00000000 DR3=00000000 
DR6=ffff0ff0 DR7=00000400
CCS=00000004 CCD=00000001 CCO=EFLAGS
EFER=0000000000000000
Servicing hardware INT=0x20
     0: v=20 e=0000 i=0 cpl=0 IP=0008:00100b7d pc=00100b7d SP=0010:00107fe8 env->regs[R_EAX]=d0001ffe
EAX=d0001ffe EBX=00000001 ECX=00001000 EDX=00000000
ESI=00100a00 EDI=00001000 EBP=00107ff0 ESP=00107fe8
EIP=00100b7d EFL=00000206 [-----P-] CPL=0 II=0 A20=1 SMM=0 HLT=0
ES =0010 00000000 ffffffff 00cf9300 DPL=0 DS   [-WA]
CS =0008 00000000 ffffffff 00cf9a00 DPL=0 CS32 [-R-]
SS =0010 00000000 ffffffff 00cf9300 DPL=0 DS   [-WA]
DS =0010 00000000 ffffffff 00cf9300 DPL=0 DS   [-WA]
FS =0010 00000000 ffffffff 00cf9300 DPL=0 DS   [-WA]
GS =0010 00000000 ffffffff 00cf9300 DPL=0 DS   [-WA]
LDT=0000 00000000 0000ffff 00008200 DPL=0 LDT
TR =0000 00000000 0000ffff 00008b00 DPL=0 TSS32-busy
GDT=     00108008 00000017
IDT=     00108060 000007ff
CR0=80000011 CR2=00000000 CR3=00000000 CR4=00000000
DR0=00000000 DR1=00000000 DR2=00000000 DR3=00000000 
DR6=ffff0ff0 DR7=00000400
CCS=00000010 CCD=00107fe8 CCO=ADDL
EFER=0000000000000000
Servicing hardware INT=0x20
     1: v=20 e=0000 i=0 cpl=0 IP=0008:0010117e pc=0010117e SP=0010:d0000fa9 env->regs[R_EAX]=00000741
EAX=00000741 EBX=00000004 ECX=00000374 EDX=0000000b
ESI=000b8000 EDI=00000700 EBP=d0000fb5 ESP=d0000fa9
EIP=0010117e EFL=00000206 [-----P-] CPL=0 II=0 A20=1 SMM=0 HLT=0
ES =0010 00000000 ffffffff 00cf9300 DPL=0 DS   [-WA]
CS =0008 00000000 ffffffff 00cf9a00 DPL=0 CS32 [-R-]
SS =0010 00000000 ffffffff 00cf9300 DPL=0 DS   [-WA]
DS =0010 00000000 ffffffff 00cf9300 DPL=0 DS   [-WA]
FS =0010 00000000 ffffffff 00cf9300 DPL=0 DS   [-WA]
GS =0010 00000000 ffffffff 00cf9300 DPL=0 DS   [-WA]
LDT=0000 00000000 0000ffff 00008200 DPL=0 LDT
TR =0000 00000000 0000ffff 00008b00 DPL=0 TSS32-busy
GDT=     00108008 00000017
IDT=     00108060 000007ff
CR0=80000011 CR2=00000000 CR3=00000000 CR4=00000000
DR0=00000000 DR1=00000000 DR2=00000000 DR3=00000000 
DR6=ffff0ff0 DR7=00000400
CCS=00000004 CCD=00000374 CCO=EFLAGS
EFER=0000000000000000
Servicing hardware INT=0x20
     2: v=20 e=0000 i=0 cpl=0 IP=0008:0010117e pc=0010117e SP=0010:d0001fb2 env->regs[R_EAX]=00000742
EAX=00000742 EBX=0000003d ECX=0000008d EDX=00000001
ESI=000b8000 EDI=00000700 EBP=d0001fbe ESP=d0001fb2
EIP=0010117e EFL=00000206 [-----P-] CPL=0 II=0 A20=1 SMM=0 HLT=0
ES =0010 00000000 ffffffff 00cf9300 DPL=0 DS   [-WA]
CS =0008 00000000 ffffffff 00cf9a00 DPL=0 CS32 [-R-]
SS =0010 00000000 ffffffff 00cf9300 DPL=0 DS   [-WA]
DS =0010 00000000 ffffffff 00cf9300 DPL=0 DS   [-WA]
FS =0010 00000000 ffffffff 00cf9300 DPL=0 DS   [-WA]
GS =0010 00000000 ffffffff 00cf9300 DPL=0 DS   [-WA]
LDT=0000 00000000 0000ffff 00008200 DPL=0 LDT
TR =0000 00000000 0000ffff 00008b00 DPL=0 TSS32-busy
GDT=     00108008 00000017
IDT=     00108060 000007ff
CR0=80000011 CR2=00000000 CR3=00000000 CR4=00000000
DR0=00000000 DR1=00000000 DR2=00000000 DR3=00000000 
DR6=ffff0ff0 DR7=00000400
CCS=00000004 CCD=0000008d CCO=EFLAGS
EFER=0000000000000000
Servicing hardware INT=0x20
     3: v=20 e=0000 i=0 cpl=0 IP=0008:0010117e pc=0010117e SP=0010:00107fa4 env->regs[R_EAX]=00000730
EAX=00000730 EBX=0000002c ECX=000002ac EDX=00000008
ESI=000b8000 EDI=00000700 EBP=00107fb0 ESP=00107fa4
EIP=0010117e EFL=00000206 [-----P-] CPL=0 II=0 A20=1 SMM=0 HLT=0
ES =0010 00000000 ffffffff 00cf9300 DPL=0 DS   [-WA]
CS =0008 00000000 ffffffff 00cf9a00 DPL=0 CS32 [-R-]
SS =0010 00000000 ffffffff 00cf9300 DPL=0 DS   [-WA]
DS =0010 00000000 ffffffff 00cf9300 DPL=0 DS   [-WA]
FS =0010 00000000 ffffffff 00cf9300 DPL=0 DS   [-WA]
GS =0010 00000000 ffffffff 00cf9300 DPL=0 DS   [-WA]
LDT=0000 00000000 0000ffff 00008200 DPL=0 LDT
TR =0000 00000000 0000ffff 00008b00 DPL=0 TSS32-busy
GDT=     00108008 00000017
IDT=     00108060 000007ff
CR0=80000011 CR2=00000000 CR3=00000000 CR4=00000000
DR0=00000000 DR1=00000000 DR2=00000000 DR3=00000000 
DR6=ffff0ff0 DR7=00000400
CCS=00000004 CCD=000002ac CCO=EFLAGS
EFER=0000000000000000
Servicing hardware INT=0x20
     4: v=20 e=0000 i=0 cpl=0 IP=0008:0010117e pc=0010117e SP=0010:d0000fa9 env->regs[R_EAX]=00000741
EAX=00000741 EBX=0000000d ECX=0000078d EDX=00000018
ESI=000b8000 EDI=00000700 EBP=d0000fb5 ESP=d0000fa9
EIP=0010117e EFL=00000206 [-----P-] CPL=0 II=0 A20=1 SMM=0 HLT=0
ES =0010 00000000 ffffffff 00cf9300 DPL=0 DS   [-WA]
CS =0008 00000000 ffffffff 00cf9a00 DPL=0 CS32 [-R-]
SS =0010 00000000 ffffffff 00cf9300 DPL=0 DS   [-WA]
DS =0010 00000000 ffffffff 00cf9300 DPL=0 DS   [-WA]
FS =0010 00000000 ffffffff 00cf9300 DPL=0 DS   [-WA]
GS =0010 00000000 ffffffff 00cf9300 DPL=0 DS   [-WA]
LDT=0000 00000000 0000ffff 00008200 DPL=0 LDT
TR =0000 00000000 0000ffff 00008b00 DPL=0 TSS32-busy
GDT=     00108008 00000017
IDT=     00108060 000007ff
CR0=80000011 CR2=00000000 CR3=00000000 CR4=00000000
DR0=00000000 DR1=00000000 DR2=00000000 DR3=00000000 
DR6=ffff0ff0 DR7=00000400
CCS=00000004 CCD=0000078d CCO=EFLAGS
EFER=0000000000000000
Servicing hardware INT=0x20
     5: v=20 e=0000 i=0 cpl=0 IP=0008:0010117e pc=0010117e SP=0010:d0001fb2 env->regs[R_EAX]=00000742
EAX=00000742 EBX=0000004f ECX=0000013f EDX=00000003
ESI=000b8000 EDI=00000700 EBP=d0001fbe ESP=d0001fb2
EIP=0010117e EFL=00000206 [-----P-] CPL=0 II=0 A20=1 SMM=0 HLT=0
ES =0010 00000000 ffffffff 00cf9300 DPL=0 DS   [-WA]
CS =0008 00000000 ffffffff 00cf9a00 DPL=0 CS32 [-R-]
SS =0010 00000000 ffffffff 00cf9300 DPL=0 DS   [-WA]
DS =0010 00000000 ffffffff 00cf9300 DPL=0 DS   [-WA]
FS =0010 00000000 ffffffff 00cf9300 DPL=0 DS   [-WA]
GS =0010 00000000 ffffffff 00cf9300 DPL=0 DS   [-WA]
LDT=0000 00000000 0000ffff 00008200 DPL=0 LDT
TR =0000 00000000 0000ffff 00008b00 DPL=0 TSS32-busy
GDT=     00108008 00000017
IDT=     00108060 000007ff
CR0=80000011 CR2=00000000 CR3=00000000 CR4=00000000
DR0=00000000 DR1=00000000 DR2=00000000 DR3=00000000 
DR6=ffff0ff0 DR7=00000400
CCS=00000004 CCD=0000013f CCO=EFLAGS
EFER=0000000000000000
Servicing hardware INT=0x20
     6: v=20 e=0000 i=0 cpl=0 IP=0008:0010117e pc=0010117e SP=0010:00107fa4 env->regs[R_EAX]=00000730
EAX=00000730 EBX=00000038 ECX=00000088 EDX=00000001
ESI=000b8000 EDI=00000700 EBP=00107fb0 ESP=00107fa4
EIP=0010117e EFL=00000206 [-----P-] CPL=0 II=0 A20=1 SMM=0 HLT=0
ES =0010 00000000 ffffffff 00cf9300 DPL=0 DS   [-WA]
CS =0008 00000000 ffffffff 00cf9a00 DPL=0 CS32 [-R-]
SS =0010 00000000 ffffffff 00cf9300 DPL=0 DS   [-WA]
DS =0010 00000000 ffffffff 00cf9300 DPL=0 DS   [-WA]
FS =0010 00000000 ffffffff 00cf9300 DPL=0 DS   [-WA]
GS =0010 00000000 ffffffff 00cf9300 DPL=0 DS   [-WA]
LDT=0000 00000000 0000ffff 00008200 DPL=0 LDT
TR =0000 00000000 0000ffff 00008b00 DPL=0 TSS32-busy
GDT=     00108008 00000017
IDT=     00108060 000007ff
CR0=80000011 CR2=00000000 CR3=00000000 CR4=00000000
DR0=00000000 DR1=00000000 DR2=00000000 DR3=00000000 
DR6=ffff0ff0 DR7=00000400
CCS=00000004 CCD=00000088 CCO=EFLAGS
EFER=0000000000000000
Servicing hardware INT=0x20
     7: v=20 e=0000 i=0 cpl=0 IP=0008:0010117e pc=0010117e SP=0010:d0000fa9 env->regs[R_EAX]=00000741
EAX=00000741 EBX=00000004 ECX=00000054 EDX=00000001
ESI=000b8000 EDI=00000700 EBP=d0000fb5 ESP=d0000fa9
EIP=0010117e EFL=00000202 [-------] CPL=0 II=0 A20=1 SMM=0 HLT=0
ES =0010 00000000 ffffffff 00cf9300 DPL=0 DS   [-WA]
CS =0008 00000000 ffffffff 00cf9a00 DPL=0 CS32 [-R-]
SS =0010 00000000 ffffffff 00cf9300 DPL=0 DS   [-WA]
DS =0010 00000000 ffffffff 00cf9300 DPL=0 DS   [-WA]
FS =0010 00000000 ffffffff 00cf9300 DPL=0 DS   [-WA]
GS =0010 00000000 ffffffff 00cf9300 DPL=0 DS   [-WA]
LDT=0000 00000000 0000ffff 00008200 DPL=0 LDT
TR =0000 00000000 0000ffff 00008b00 DPL=0 TSS32-busy
GDT=     00108008 00000017
IDT=     00108060 000007ff
CR0=80000011 CR2=00000000 CR3=00000000 CR4=00000000
DR0=00000000 DR1=00000000 DR2=00000000 DR3=00000000 
DR6=ffff0ff0 DR7=00000400
CCS=00000000 CCD=00000054 CCO=EFLAGS
EFER=0000000000000000
Servicing hardware INT=0x20
     8: v=20 e=0000 i=0 cpl=0 IP=0008:0010117e pc=0010117e SP=0010:d0001fb2 env->regs[R_EAX]=00000742
EAX=00000742 EBX=00000025 ECX=00000395 EDX=0000000b
ESI=000b8000 EDI=00000700 EBP=d0001fbe ESP=d0001fb2
EIP=0010117e EFL=00000206 [-----P-] CPL=0 II=0 A20=1 SMM=0 HLT=0
ES =0010 00000000 ffffffff 00cf9300 DPL=0 DS   [-WA]
CS =0008 00000000 ffffffff 00cf9a00 DPL=0 CS32 [-R-]
SS =0010 00000000 ffffffff 00cf9300 DPL=0 DS   [-WA]
DS =0010 00000000 ffffffff 00cf9300 DPL=0 DS   [-WA]
FS =0010 00000000 ffffffff 00cf9300 DPL=0 DS   [-WA]
GS =0010 00000000 ffffffff 00cf9300 DPL=0 DS   [-WA]
LDT=0000 00000000 0000ffff 00008200 DPL=0 LDT
TR =0000 00000000 0000ffff 00008b00 DPL=0 TSS32-busy
GDT=     00108008 00000017
IDT=     00108060 000007ff
CR0=80000011 CR2=00000000 CR3=00000000 CR4=00000000
DR0=00000000 DR1=00000000 DR2=00000000 DR3=00000000 
DR6=ffff0ff0 DR7=00000400
CCS=00000004 CCD=00000395 CCO=EFLAGS
EFER=0000000000000000
Servicing hardware INT=0x20
     9: v=20 e=0000 i=0 cpl=0 IP=0008:0010117e pc=0010117e SP=0010:00107fa4 env->regs[R_EAX]=00000730
EAX=00000730 EBX=0000001e ECX=0000038e EDX=0000000b
ESI=000b8000 EDI=00000700 EBP=00107fb0 ESP=00107fa4
EIP=0010117e EFL=00000206 [-----P-] CPL=0 II=0 A20=1 SMM=0 HLT=0
ES =0010 00000000 ffffffff 00cf9300 DPL=0 DS   [-WA]
CS =0008 00000000 ffffffff 00cf9a00 DPL=0 CS32 [-R-]
SS =0010 00000000 ffffffff 00cf9300 DPL=0 DS   [-WA]
DS =0010 00000000 ffffffff 00cf9300 DPL=0 DS   [-WA]
FS =0010 00000000 ffffffff 00cf9300 DPL=0 DS   [-WA]
GS =0010 00000000 ffffffff 00cf9300 DPL=0 DS   [-WA]
LDT=0000 00000000 0000ffff 00008200 DPL=0 LDT
TR =0000 00000000 0000ffff 00008b00 DPL=0 TSS32-busy
GDT=     00108008 00000017
IDT=     00108060 000007ff
CR0=80000011 CR2=00000000 CR3=00000000 CR4=00000000
DR0=00000000 DR1=00000000 DR2=00000000 DR3=00000000 
DR6=ffff0ff0 DR7=00000400
CCS=00000004 CCD=0000038e CCO=EFLAGS
EFER=0000000000000000
Servicing hardware INT=0x20
    10: v=20 e=0000 i=0 cpl=0 IP=0008:0010117e pc=0010117e SP=0010:d0000fa9 env->regs[R_EAX]=00000741
EAX=00000741 EBX=0000002c ECX=000007ac EDX=00000018
ESI=000b8000 EDI=00000700 EBP=d0000fb5 ESP=d0000fa9
EIP=0010117e EFL=00000206 [-----P-] CPL=0 II=0 A20=1 SMM=0 HLT=0
ES =0010 00000000 ffffffff 00cf9300 DPL=0 DS   [-WA]
CS =0008 00000000 ffffffff 00cf9a00 DPL=0 CS32 [-R-]
SS =0010 00000000 ffffffff 00cf9300 DPL=0 DS   [-WA]
DS =0010 00000000 ffffffff 00cf9300 DPL=0 DS   [-WA]
FS =0010 00000000 ffffffff 00cf9300 DPL=0 DS   [-WA]
GS =0010 00000000 ffffffff 00cf9300 DPL=0 DS   [-WA]
LDT=0000 00000000 0000ffff 00008200 DPL=0 LDT
TR =0000 00000000 0000ffff 00008b00 DPL=0 TSS32-busy
GDT=     00108008 00000017
IDT=     00108060 000007ff
CR0=80000011 CR2=00000000 CR3=00000000 CR4=00000000
DR0=00000000 DR1=00000000 DR2=00000000 DR3=00000000 
DR6=ffff0ff0 DR7=00000400
CCS=00000004 CCD=000007ac CCO=EFLAGS
EFER=0000000000000000
Servicing hardware INT=0x20
    11: v=20 e=0000 i=0 cpl=0 IP=0008:0010117e pc=0010117e SP=0010:d0001fb2 env->regs[R_EAX]=00000742
EAX=00000742 EBX=0000004c ECX=0000045c EDX=0000000d
ESI=000b8000 EDI=00000700 EBP=d0001fbe ESP=d0001fb2
EIP=0010117e EFL=00000206 [-----P-] CPL=0 II=0 A20=1 SMM=0 HLT=0
ES =0010 00000000 ffffffff 00cf9300 DPL=0 DS   [-WA]
CS =0008 00000000 ffffffff 00cf9a00 DPL=0 CS32 [-R-]
SS =0010 00000000 ffffffff 00cf9300 DPL=0 DS   [-WA]
DS =0010 00000000 ffffffff 00cf9300 DPL=0 DS   [-WA]
FS =0010 00000000 ffffffff 00cf9300 DPL=0 DS   [-WA]
GS =0010 00000000 ffffffff 00cf9300 DPL=0 DS   [-WA]
LDT=0000 00000000 0000ffff 00008200 DPL=0 LDT
TR =0000 00000000 0000ffff 00008b00 DPL=0 TSS32-busy
GDT=     00108008 00000017
IDT=     00108060 000007ff
CR0=80000011 CR2=00000000 CR3=00000000 CR4=00000000
DR0=00000000 DR1=00000000 DR2=00000000 DR3=00000000 
DR6=ffff0ff0 DR7=00000400
CCS=00000004 CCD=0000045c CCO=EFLAGS
EFER=0000000000000000
Servicing hardware INT=0x20
    12: v=20 e=0000 i=0 cpl=0 IP=0008:0010117e pc=0010117e SP=0010:00107fa4 env->regs[R_EAX]=00000730
EAX=00000730 EBX=00000009 ECX=00000559 EDX=00000011
ESI=000b8000 EDI=00000700 EBP=00107fb0 ESP=00107fa4
EIP=0010117e EFL=00000206 [-----P-] CPL=0 II=0 A20=1 SMM=0 HLT=0
ES =0010 00000000 ffffffff 00cf9300 DPL=0 DS   [-WA]
CS =0008 00000000 ffffffff 00cf9a00 DPL=0 CS32 [-R-]
SS =0010 00000000 ffffffff 00cf9300 DPL=0 DS   [-WA]
DS =0010 00000000 ffffffff 00cf9300 DPL=0 DS   [-WA]
FS =0010 00000000 ffffffff 00cf9300 DPL=0 DS   [-WA]
GS =0010 00000000 ffffffff 00cf9300 DPL=0 DS   [-WA]
LDT=0000 00000000 0000ffff 00008200 DPL=0 LDT
TR =0000 00000000 0000ffff 00008b00 DPL=0 TSS32-busy
GDT=     00108008 00000017
IDT=     00108060 000007ff
CR0=80000011 CR2=00000000 CR3=00000000 CR4=00000000
DR0=00000000 DR1=00000000 DR2=00000000 DR3=00000000 
DR6=ffff0ff0 DR7=00000400
CCS=00000004 CCD=00000559 CCO=EFLAGS
EFER=0000000000000000
Servicing hardware INT=0x20
    13: v=20 e=0000 i=0 cpl=0 IP=0008:0010117e pc=0010117e SP=0010:d0000fa9 env->regs[R_EAX]=00000741
EAX=00000741 EBX=00000036 ECX=00000716 EDX=00000016
ESI=000b8000 EDI=00000700 EBP=d0000fb5 ESP=d0000fa9
EIP=0010117e EFL=00000202 [-------] CPL=0 II=0 A20=1 SMM=0 HLT=0
ES =0010 00000000 ffffffff 00cf9300 DPL=0 DS   [-WA]
CS =0008 00000000 ffffffff 00cf9a00 DPL=0 CS32 [-R-]
SS =0010 00000000 ffffffff 00cf9300 DPL=0 DS   [-WA]
DS =0010 00000000 ffffffff 00cf9300 DPL=0 DS   [-WA]
FS =0010 00000000 ffffffff 00cf9300 DPL=0 DS   [-WA]
GS =0010 00000000 ffffffff 00cf9300 DPL=0 DS   [-WA]
LDT=0000 00000000 0000ffff 00008200 DPL=0 LDT
TR =0000 00000000 0000ffff 00008b00 DPL=0 TSS32-busy
GDT=     00108008 00000017
IDT=     00108060 000007ff
CR0=80000011 CR2=00000000 CR3=00000000 CR4=00000000
DR0=00000000 DR1=00000000 DR2=00000000 DR3=00000000 
DR6=ffff0ff0 DR7=00000400
CCS=00000000 CCD=00000716 CCO=EFLAGS
EFER=0000000000000000
Servicing hardware INT=0x20
    14: v=20 e=0000 i=0 cpl=0 IP=0008:0010117e pc=0010117e SP=0010:d0001fb2 env->regs[R_EAX]=00000742
EAX=00000742 EBX=00000044 ECX=00000544 EDX=00000010
ESI=000b8000 EDI=00000700 EBP=d0001fbe ESP=d0001fb2
EIP=0010117e EFL=00000206 [-----P-] CPL=0 II=0 A20=1 SMM=0 HLT=0
ES =0010 00000000 ffffffff 00cf9300 DPL=0 DS   [-WA]
CS =0008 00000000 ffffffff 00cf9a00 DPL=0 CS32 [-R-]
SS =0010 00000000 ffffffff 00cf9300 DPL=0 DS   [-WA]
DS =0010 00000000 ffffffff 00cf9300 DPL=0 DS   [-WA]
FS =0010 00000000 ffffffff 00cf9300 DPL=0 DS   [-WA]
GS =0010 00000000 ffffffff 00cf9300 DPL=0 DS   [-WA]
LDT=0000 00000000 0000ffff 00008200 DPL=0 LDT
TR =0000 00000000 0000ffff 00008b00 DPL=0 TSS32-busy
GDT=     00108008 00000017
IDT=     00108060 000007ff
CR0=80000011 CR2=00000000 CR3=00000000 CR4=00000000
DR0=00000000 DR1=00000000 DR2=00000000 DR3=00000000 
DR6=ffff0ff0 DR7=00000400
CCS=00000004 CCD=00000544 CCO=EFLAGS
EFER=0000000000000000
Servicing hardware INT=0x20
    15: v=20 e=0000 i=0 cpl=0 IP=0008:0010117e pc=0010117e SP=0010:00107fa4 env->regs[R_EAX]=00000730
EAX=00000730 EBX=00000007 ECX=00000237 EDX=00000007
ESI=000b8000 EDI=00000700 EBP=00107fb0 ESP=00107fa4
EIP=0010117e EFL=00000202 [-------] CPL=0 II=0 A20=1 SMM=0 HLT=0
ES =0010 00000000 ffffffff 00cf9300 DPL=0 DS   [-WA]
CS =0008 00000000 ffffffff 00cf9a00 DPL=0 CS32 [-R-]
SS =0010 00000000 ffffffff 00cf9300 DPL=0 DS   [-WA]
DS =0010 00000000 ffffffff 00cf9300 DPL=0 DS   [-WA]
FS =0010 00000000 ffffffff 00cf9300 DPL=0 DS   [-WA]
GS =0010 00000000 ffffffff 00cf9300 DPL=0 DS   [-WA]
LDT=0000 00000000 0000ffff 00008200 DPL=0 LDT
TR =0000 00000000 0000ffff 00008b00 DPL=0 TSS32-busy
GDT=     00108008 00000017
IDT=     00108060 000007ff
CR0=80000011 CR2=00000000 CR3=00000000 CR4=00000000
DR0=00000000 DR1=00000000 DR2=00000000 DR3=00000000 
DR6=ffff0ff0 DR7=00000400
CCS=00000000 CCD=00000237 CCO=EFLAGS
EFER=0000000000000000
Servicing hardware INT=0x20
    16: v=20 e=0000 i=0 cpl=0 IP=0008:0010117e pc=0010117e SP=0010:d0000fa9 env->regs[R_EAX]=00000741
EAX=00000741 EBX=0000003e ECX=000005de EDX=00000012
ESI=000b8000 EDI=00000700 EBP=d0000fb5 ESP=d0000fa9
EIP=0010117e EFL=00000206 [-----P-] CPL=0 II=0 A20=1 SMM=0 HLT=0
ES =0010 00000000 ffffffff 00cf9300 DPL=0 DS   [-WA]
CS =0008 00000000 ffffffff 00cf9a00 DPL=0 CS32 [-R-]
SS =0010 00000000 ffffffff 00cf9300 DPL=0 DS   [-WA]
DS =0010 00000000 ffffffff 00cf9300 DPL=0 DS   [-WA]
FS =0010 00000000 ffffffff 00cf9300 DPL=0 DS   [-WA]
GS =0010 00000000 ffffffff 00cf9300 DPL=0 DS   [-WA]
LDT=0000 00000000 0000ffff 00008200 DPL=0 LDT
TR =0000 00000000 0000ffff 00008b00 DPL=0 TSS32-busy
GDT=     00108008 00000017
IDT=     00108060 000007ff
CR0=80000011 CR2=00000000 CR3=00000000 CR4=00000000
DR0=00000000 DR1=00000000 DR2=00000000 DR3=00000000 
DR6=ffff0ff0 DR7=00000400
CCS=00000004 CCD=000005de CCO=EFLAGS
EFER=0000000000000000
Servicing hardware INT=0x20
    17: v=20 e=0000 i=0 cpl=0 IP=0008:0010117e pc=0010117e SP=0010:d0001fb2 env->regs[R_EAX]=00000742
EAX=00000742 EBX=0000002a ECX=0000070a EDX=00000016
ESI=000b8000 EDI=00000700 EBP=d0001fbe ESP=d0001fb2
EIP=0010117e EFL=00000206 [-----P-] CPL=0 II=0 A20=1 SMM=0 HLT=0
ES =0010 00000000 ffffffff 00cf9300 DPL=0 DS   [-WA]
CS =0008 00000000 ffffffff 00cf9a00 DPL=0 CS32 [-R-]
SS =0010 00000000 ffffffff 00cf9300 DPL=0 DS   [-WA]
DS =0010 00000000 ffffffff 00cf9300 DPL=0 DS   [-WA]
FS =0010 00000000 ffffffff 00cf9300 DPL=0 DS   [-WA]
GS =0010 00000000 ffffffff 00cf9300 DPL=0 DS   [-WA]
LDT=0000 00000000 0000ffff 00008200 DPL=0 LDT
TR =0000 00000000 0000ffff 00008b00 DPL=0 TSS32-busy
GDT=     00108008 00000017
IDT=     00108060 000007ff
CR0=80000011 CR2=00000000 CR3=00000000 CR4=00000000
DR0=00000000 DR1=00000000 DR2=00000000 DR3=00000000 
DR6=ffff0ff0 DR7=00000400
CCS=00000004 CCD=0000070a CCO=EFLAGS
EFER=0000000000000000
Servicing hardware INT=0x20
    18: v=20 e=0000 i=0 cpl=0 IP=0008:0010117a pc=0010117a SP=0010:00107fa4 env->regs[R_EAX]=00000730
EAX=00000730 EBX=00000001 ECX=00000411 EDX=0000000d
ESI=000b8000 EDI=00000700 EBP=00107fb0 ESP=00107fa4
EIP=0010117a EFL=00000206 [-----P-] CPL=0 II=0 A20=1 SMM=0 HLT=0
ES =0010 00000000 ffffffff 00cf9300 DPL=0 DS   [-WA]
CS =0008 00000000 ffffffff 00cf9a00 DPL=0 CS32 [-R-]
SS =0010 00000000 ffffffff 00cf9300 DPL=0 DS   [-WA]
DS =0010 00000000 ffffffff 00cf9300 DPL=0 DS   [-WA]
FS =0010 00000000 ffffffff 00cf9300 DPL=0 DS   [-WA]
GS =0010 00000000 ffffffff 00cf9300 DPL=0 DS   [-WA]
LDT=0000 00000000 0000ffff 00008200 DPL=0 LDT
TR =0000 00000000 0000ffff 00008b00 DPL=0 TSS32-busy
GDT=     00108008 00000017
IDT=     00108060 000007ff
CR0=80000011 CR2=00000000 CR3=00000000 CR4=00000000
DR0=00000000 DR1=00000000 DR2=00000000 DR3=00000000 
DR6=ffff0ff0 DR7=00000400
CCS=00000004 CCD=00000411 CCO=EFLAGS
EFER=0000000000000000
Servicing hardware INT=0x20
    19: v=20 e=0000 i=0 cpl=0 IP=0008:0010117e pc=0010117e SP=0010:d0000fa9 env->regs[R_EAX]=00000741
EAX=00000741 EBX=00000013 ECX=00000423 EDX=0000000d
ESI=000b8000 EDI=00000700 EBP=d0000fb5 ESP=d0000fa9
EIP=0010117e EFL=00000202 [-------] CPL=0 II=0 A20=1 SMM=0 HLT=0
ES =0010 00000000 ffffffff 00cf9300 DPL=0 DS   [-WA]
CS =0008 00000000 ffffffff 00cf9a00 DPL=0 CS32 [-R-]
SS =0010 00000000 ffffffff 00cf9300 DPL=0 DS   [-WA]
DS =0010 00000000 ffffffff 00cf9300 DPL=0 DS   [-WA]
FS =0010 00000000 ffffffff 00cf9300 DPL=0 DS   [-WA]
GS =0010 00000000 ffffffff 00cf9300 DPL=0 DS   [-WA]
LDT=0000 00000000 0000ffff 00008200 DPL=0 LDT
TR =0000 00000000 0000ffff 00008b00 DPL=0 TSS32-busy
GDT=     00108008 00000017
IDT=     00108060 000007ff
CR0=80000011 CR2=00000000 CR3=00000000 CR4=00000000
DR0=00000000 DR1=00000000 DR2=00000000 DR3=00000000 
DR6=ffff0ff0 DR7=00000400
CCS=00000000 CCD=00000423 CCO=EFLAGS
EFER=0000000000000000
Servicing hardware INT=0x20
    20: v=20 e=0000 i=0 cpl=0 IP=0008:0010117e pc=0010117e SP=0010:d0001fb2 env->regs[R_EAX]=00000742
EAX=00000742 EBX=00000019 ECX=00000069 EDX=00000001
ESI=000b8000 EDI=00000700 EBP=d0001fbe ESP=d0001fb2
EIP=0010117e EFL=00000206 [-----P-] CPL=0 II=0 A20=1 SMM=0 HLT=0
ES =0010 00000000 ffffffff 00cf9300 DPL=0 DS   [-WA]
CS =0008 00000000 ffffffff 00cf9a00 DPL=0 CS32 [-R-]
SS =0010 00000000 ffffffff 00cf9300 DPL=0 DS   [-WA]
DS =0010 00000000 ffffffff 00cf9300 DPL=0 DS   [-WA]
FS =0010 00000000 ffffffff 00cf9300 DPL=0 DS   [-WA]
GS =0010 00000000 ffffffff 00cf9300 DPL=0 DS   [-WA]
LDT=0000 00000000 0000ffff 00008200 DPL=0 LDT
TR =0000 00000000 0000ffff 00008b00 DPL=0 TSS32-busy
GDT=     00108008 00000017
IDT=     00108060 000007ff
CR0=80000011 CR2=00000000 CR3=00000000 CR4=00000000
DR0=00000000 DR1=00000000 DR2=00000000 DR3=00000000 
DR6=ffff0ff0 DR7=00000400
CCS=00000004 CCD=00000069 CCO=EFLAGS
EFER=0000000000000000
Servicing hardware INT=0x20
    21: v=20 e=0000 i=0 cpl=0 IP=0008:0010117e pc=0010117e SP=0010:00107fa4 env->regs[R_EAX]=00000730
EAX=00000730 EBX=0000003d ECX=0000062d EDX=00000013
ESI=000b8000 EDI=00000700 EBP=00107fb0 ESP=00107fa4
EIP=0010117e EFL=00000206 [-----P-] CPL=0 II=0 A20=1 SMM=0 HLT=0
ES =0010 00000000 ffffffff 00cf9300 DPL=0 DS   [-WA]
CS =0008 00000000 ffffffff 00cf9a00 DPL=0 CS32 [-R-]
SS =0010 00000000 ffffffff 00cf9300 DPL=0 DS   [-WA]
DS =0010 00000000 ffffffff 00cf9300 DPL=0 DS   [-WA]
FS =0010 00000000 ffffffff 00cf9300 DPL=0 DS   [-WA]
GS =0010 00000000 ffffffff 00cf9300 DPL=0 DS   [-WA]
LDT=0000 00000000 0000ffff 00008200 DPL=0 LDT
TR =0000 00000000 0000ffff 00008b00 DPL=0 TSS32-busy
GDT=     00108008 00000017
IDT=     00108060 000007ff
CR0=80000011 CR2=00000000 CR3=00000000 CR4=00000000
DR0=00000000 DR1=00000000 DR2=00000000 DR3=00000000 
DR6=ffff0ff0 DR7=00000400
CCS=00000004 CCD=0000062d CCO=EFLAGS
EFER=0000000000000000
Servicing hardware INT=0x20
    22: v=20 e=0000 i=0 cpl=0 IP=0008:0010117e pc=0010117e SP=0010:d0000fa9 env->regs[R_EAX]=00000741
EAX=00000741 EBX=00000049 ECX=00000459 EDX=0000000d
ESI=000b8000 EDI=00000700 EBP=d0000fb5 ESP=d0000fa9
EIP=0010117e EFL=00000206 [-----P-] CPL=0 II=0 A20=1 SMM=0 HLT=0
ES =0010 00000000 ffffffff 00cf9300 DPL=0 DS   [-WA]
CS =0008 00000000 ffffffff 00cf9a00 DPL=0 CS32 [-R-]
SS =0010 00000000 ffffffff 00cf9300 DPL=0 DS   [-WA]
DS =0010 00000000 ffffffff 00cf9300 DPL=0 DS   [-WA]
FS =0010 00000000 ffffffff 00cf9300 DPL=0 DS   [-WA]
GS =0010 00000000 ffffffff 00cf9300 DPL=0 DS   [-WA]
LDT=0000 00000000 0000ffff 00008200 DPL=0 LDT
TR =0000 00000000 0000ffff 00008b00 DPL=0 TSS32-busy
GDT=     00108008 00000017
IDT=     00108060 000007ff
CR0=80000011 CR2=00000000 CR3=00000000 CR4=00000000
DR0=00000000 DR1=00000000 DR2=00000000 DR3=00000000 
DR6=ffff0ff0 DR7=00000400
CCS=00000004 CCD=00000459 CCO=EFLAGS
EFER=0000000000000000
Servicing hardware INT=0x20
    23: v=20 e=0000 i=0 cpl=0 IP=0008:0010117e pc=0010117e SP=0010:d0001fb2 env->regs[R_EAX]=00000742
EAX=00000742 EBX=00000008 ECX=000002d8 EDX=00000009
ESI=000b8000 EDI=00000700 EBP=d0001fbe ESP=d0001fb2
EIP=0010117e EFL=00000206 [-----P-] CPL=0 II=0 A20=1 SMM=0 HLT=0
ES =0010 00000000 ffffffff 00cf9300 DPL=0 DS   [-WA]
CS =0008 00000000 ffffffff 00cf9a00 DPL=0 CS32 [-R-]
SS =0010 00000000 ffffffff 00cf9300 DPL=0 DS   [-WA]
DS =0010 00000000 ffffffff 00cf9300 DPL=0 DS   [-WA]
FS =0010 00000000 ffffffff 00cf9300 DPL=0 DS   [-WA]
GS =0010 00000000 ffffffff 00cf9300 DPL=0 DS   [-WA]
LDT=0000 00000000 0000ffff 00008200 DPL=0 LDT
TR =0000 00000000 0000ffff 00008b00 DPL=0 TSS32-busy
GDT=     00108008 00000017
IDT=     00108060 000007ff
CR0=80000011 CR2=00000000 CR3=00000000 CR4=00000000
DR0=00000000 DR1=00000000 DR2=00000000 DR3=00000000 
DR6=ffff0ff0 DR7=00000400
CCS=00000004 CCD=000002d8 CCO=EFLAGS
EFER=0000000000000000
Servicing hardware INT=0x20
    24: v=20 e=0000 i=0 cpl=0 IP=0008:0010117e pc=0010117e SP=0010:00107fa4 env->regs[R_EAX]=00000730
EAX=00000730 EBX=0000003d ECX=000005dd EDX=00000012
ESI=000b8000 EDI=00000700 EBP=00107fb0 ESP=00107fa4
EIP=0010117e EFL=00000206 [-----P-] CPL=0 II=0 A20=1 SMM=0 HLT=0
ES =0010 00000000 ffffffff 00cf9300 DPL=0 DS   [-WA]
CS =0008 00000000 ffffffff 00cf9a00 DPL=0 CS32 [-R-]
SS =0010 00000000 ffffffff 00cf9300 DPL=0 DS   [-WA]
DS =0010 00000000 ffffffff 00cf9300 DPL=0 DS   [-WA]
FS =0010 00000000 ffffffff 00cf9300 DPL=0 DS   [-WA]
GS =0010 00000000 ffffffff 00cf9300 DPL=0 DS   [-WA]
LDT=0000 00000000 0000ffff 00008200 DPL=0 LDT
TR =0000 00000000 0000ffff 00008b00 DPL=0 TSS32-busy
GDT=     00108008 00000017
IDT=     00108060 000007ff
CR0=80000011 CR2=00000000 CR3=00000000 CR4=00000000
DR0=00000000 DR1=00000000 DR2=00000000 DR3=00000000 
DR6=ffff0ff0 DR7=00000400
CCS=00000004 CCD=000005dd CCO=EFLAGS
EFER=0000000000000000
Servicing hardware INT=0x20
    25: v=20 e=0000 i=0 cpl=0 IP=0008:0010117e pc=0010117e SP=0010:d0000fa9 env->regs[R_EAX]=00000741
EAX=00000741 EBX=00000022 ECX=00000202 EDX=00000006
ESI=000b8000 EDI=00000700 EBP=d0000fb5 ESP=d0000fa9
EIP=0010117e EFL=00000202 [-------] CPL=0 II=0 A20=1 SMM=0 HLT=0
ES =0010 00000000 ffffffff 00cf9300 DPL=0 DS   [-WA]
CS =0008 00000000 ffffffff 00cf9a00 DPL=0 CS32 [-R-]
SS =0010 00000000 ffffffff 00cf9300 DPL=0 DS   [-WA]
DS =0010 00000000 ffffffff 00cf9300 DPL=0 DS   [-WA]
FS =0010 00000000 ffffffff 00cf9300 DPL=0 DS   [-WA]
GS =0010 00000000 ffffffff 00cf9300 DPL=0 DS   [-WA]
LDT=0000 00000000 0000ffff 00008200 DPL=0 LDT
TR =0000 00000000 0000ffff 00008b00 DPL=0 TSS32-busy
GDT=     00108008 00000017
IDT=     00108060 000007ff
CR0=80000011 CR2=00000000 CR3=00000000 CR4=00000000
DR0=00000000 DR1=00000000 DR2=00000000 DR3=00000000 
DR6=ffff0ff0 DR7=00000400
CCS=00000000 CCD=00000202 CCO=EFLAGS
EFER=0000000000000000
Servicing hardware INT=0x20
    26: v=20 e=0000 i=0 cpl=0 IP=0008:0010117e pc=0010117e SP=0010:d0001fb2 env->regs[R_EAX]=00000742
EAX=00000742 EBX=0000000a ECX=0000000a EDX=00000000
ESI=000b8000 EDI=00000700 EBP=d0001fbe ESP=d0001fb2
EIP=0010117e EFL=00000206 [-----P-] CPL=0 II=0 A20=1 SMM=0 HLT=0
ES =0010 00000000 ffffffff 00cf9300 DPL=0 DS   [-WA]
CS =0008 00000000 ffffffff 00cf9a00 DPL=0 CS32 [-R-]
SS =0010 00000000 ffffffff 00cf9300 DPL=0 DS   [-WA]
DS =0010 00000000 ffffffff 00cf9300 DPL=0 DS   [-WA]
FS =0010 00000000 ffffffff 00cf9300 DPL=0 DS   [-WA]
GS =0010 00000000 ffffffff 00cf9300 DPL=0 DS   [-WA]
LDT=0000 00000000 0000ffff 00008200 DPL=0 LDT
TR =0000 00000000 0000ffff 00008b00 DPL=0 TSS32-busy
GDT=     00108008 00000017
IDT=     00108060 000007ff
CR0=80000011 CR2=00000000 CR3=00000000 CR4=00000000
DR0=00000000 DR1=00000000 DR2=00000000 DR3=00000000 
DR6=ffff0ff0 DR7=00000400
CCS=00000004 CCD=0000000a CCO=EFLAGS
EFER=0000000000000000
Servicing hardware INT=0x20
    27: v=20 e=0000 i=0 cpl=0 IP=0008:0010117a pc=0010117a SP=0010:00107fa4 env->regs[R_EAX]=00000730
EAX=00000730 EBX=00000030 ECX=000000d0 EDX=00000002
ESI=000b8000 EDI=00000700 EBP=00107fb0 ESP=00107fa4
EIP=0010117a EFL=00000202 [-------] CPL=0 II=0 A20=1 SMM=0 HLT=0
ES =0010 00000000 ffffffff 00cf9300 DPL=0 DS   [-WA]
CS =0008 00000000 ffffffff 00cf9a00 DPL=0 CS32 [-R-]
SS =0010 00000000 ffffffff 00cf9300 DPL=0 DS   [-WA]
DS =0010 00000000 ffffffff 00cf9300 DPL=0 DS   [-WA]
FS =0010 00000000 ffffffff 00cf9300 DPL=0 DS   [-WA]
GS =0010 00000000 ffffffff 00cf9300 DPL=0 DS   [-WA]
LDT=0000 00000000 0000ffff 00008200 DPL=0 LDT
TR =0000 00000000 0000ffff 00008b00 DPL=0 TSS32-busy
GDT=     00108008 00000017
IDT=     00108060 000007ff
CR0=80000011 CR2=00000000 CR3=00000000 CR4=00000000
DR0=00000000 DR1=00000000 DR2=00000000 DR3=00000000 
DR6=ffff0ff0 DR7=00000400
CCS=00000000 CCD=000000d0 CCO=EFLAGS
EFER=0000000000000000
Servicing hardware INT=0x20
    28: v=20 e=0000 i=0 cpl=0 IP=0008:0010117e pc=0010117e SP=0010:d0000fa9 env->regs[R_EAX]=00000741
EAX=00000741 EBX=00000007 ECX=000006e7 EDX=00000016
ESI=000b8000 EDI=00000700 EBP=d0000fb5 ESP=d0000fa9
EIP=0010117e EFL=00000206 [-----P-] CPL=0 II=0 A20=1 SMM=0 HLT=0
ES =0010 00000000 ffffffff 00cf9300 DPL=0 DS   [-WA]
CS =0008 00000000 ffffffff 00cf9a00 DPL=0 CS32 [-R-]
SS =0010 00000000 ffffffff 00cf9300 DPL=0 DS   [-WA]
DS =0010 00000000 ffffffff 00cf9300 DPL=0 DS   [-WA]
FS =0010 00000000 ffffffff 00cf9300 DPL=0 DS   [-WA]
GS =0010 00000000 ffffffff 00cf9300 DPL=0 DS   [-WA]
LDT=0000 00000000 0000ffff 00008200 DPL=0 LDT
TR =0000 00000000 0000ffff 00008b00 DPL=0 TSS32-busy
GDT=     00108008 00000017
IDT=     00108060 000007ff
CR0=80000011 CR2=00000000 CR3=00000000 CR4=00000000
DR0=00000000 DR1=00000000 DR2=00000000 DR3=00000000 
DR6=ffff0ff0 DR7=00000400
CCS=00000004 CCD=000006e7 CCO=EFLAGS
EFER=0000000000000000
Servicing hardware INT=0x20
    29: v=20 e=0000 i=0 cpl=0 IP=0008:0010117e pc=0010117e SP=0010:d0001fb2 env->regs[R_EAX]=00000742
EAX=00000742 EBX=00000024 ECX=00000434 EDX=0000000d
ESI=000b8000 EDI=00000700 EBP=d0001fbe ESP=d0001fb2
EIP=0010117e EFL=00000202 [-------] CPL=0 II=0 A20=1 SMM=0 HLT=0
ES =0010 00000000 ffffffff 00cf9300 DPL=0 DS   [-WA]
CS =0008 00000000 ffffffff 00cf9a00 DPL=0 CS32 [-R-]
SS =0010 00000000 ffffffff 00cf9300 DPL=0 DS   [-WA]
DS =0010 00000000 ffffffff 00cf9300 DPL=0 DS   [-WA]
FS =0010 00000000 ffffffff 00cf9300 DPL=0 DS   [-WA]
GS =0010 00000000 ffffffff 00cf9300 DPL=0 DS   [-WA]
LDT=0000 00000000 0000ffff 00008200 DPL=0 LDT
TR =0000 00000000 0000ffff 00008b00 DPL=0 TSS32-busy
GDT=     00108008 00000017
IDT=     00108060 000007ff
CR0=80000011 CR2=00000000 CR3=00000000 CR4=00000000
DR0=00000000 DR1=00000000 DR2=00000000 DR3=00000000 
DR6=ffff0ff0 DR7=00000400
CCS=00000000 CCD=00000434 CCO=EFLAGS
EFER=0000000000000000
Servicing hardware INT=0x20
    30: v=20 e=0000 i=0 cpl=0 IP=0008:0010117e pc=0010117e SP=0010:00107fa4 env->regs[R_EAX]=00000730
EAX=00000730 EBX=00000026 ECX=00000116 EDX=00000003
ESI=000b8000 EDI=00000700 EBP=00107fb0 ESP=00107fa4
EIP=0010117e EFL=00000202 [-------] CPL=0 II=0 A20=1 SMM=0 HLT=0
ES =0010 00000000 ffffffff 00cf9300 DPL=0 DS   [-WA]
CS =0008 00000000 ffffffff 00cf9a00 DPL=0 CS32 [-R-]
SS =0010 00000000 ffffffff 00cf9300 DPL=0 DS   [-WA]
DS =0010 00000000 ffffffff 00cf9300 DPL=0 DS   [-WA]
FS =0010 00000000 ffffffff 00cf9300 DPL=0 DS   [-WA]
GS =0010 00000000 ffffffff 00cf9300 DPL=0 DS   [-WA]
LDT=0000 00000000 0000ffff 00008200 DPL=0 LDT
TR =0000 00000000 0000ffff 00008b00 DPL=0 TSS32-busy
GDT=     00108008 00000017
IDT=     00108060 000007ff
CR0=80000011 CR2=00000000 CR3=00000000 CR4=00000000
DR0=00000000 DR1=00000000 DR2=00000000 DR3=00000000 
DR6=ffff0ff0 DR7=00000400
CCS=00000000 CCD=00000116 CCO=EFLAGS
EFER=0000000000000000
Servicing hardware INT=0x20
    31: v=20 e=0000 i=0 cpl=0 IP=0008:0010117e pc=0010117e SP=0010:d0000fa9 env->regs[R_EAX]=00000741
EAX=00000741 EBX=00000009 ECX=000005f9 EDX=00000013
ESI=000b8000 EDI=00000700 EBP=d0000fb5 ESP=d0000fa9
EIP=0010117e EFL=00000206 [-----P-] CPL=0 II=0 A20=1 SMM=0 HLT=0
ES =0010 00000000 ffffffff 00cf9300 DPL=0 DS   [-WA]
CS =0008 00000000 ffffffff 00cf9a00 DPL=0 CS32 [-R-]
SS =0010 00000000 ffffffff 00cf9300 DPL=0 DS   [-WA]
DS =0010 00000000 ffffffff 00cf9300 DPL=0 DS   [-WA]
FS =0010 00000000 ffffffff 00cf9300 DPL=0 DS   [-WA]
GS =0010 00000000 ffffffff 00cf9300 DPL=0 DS   [-WA]
LDT=0000 00000000 0000ffff 00008200 DPL=0 LDT
TR =0000 00000000 0000ffff 00008b00 DPL=0 TSS32-busy
GDT=     00108008 00000017
IDT=     00108060 000007ff
CR0=80000011 CR2=00000000 CR3=00000000 CR4=00000000
DR0=00000000 DR1=00000000 DR2=00000000 DR3=00000000 
DR6=ffff0ff0 DR7=00000400
CCS=00000004 CCD=000005f9 CCO=EFLAGS
EFER=0000000000000000
Servicing hardware INT=0x20
    32: v=20 e=0000 i=0 cpl=0 IP=0008:0010117e pc=0010117e SP=0010:d0001fb2 env->regs[R_EAX]=00000742
EAX=00000742 EBX=00000017 ECX=00000247 EDX=00000007
ESI=000b8000 EDI=00000700 EBP=d0001fbe ESP=d0001fb2
EIP=0010117e EFL=00000206 [-----P-] CPL=0 II=0 A20=1 SMM=0 HLT=0
ES =0010 00000000 ffffffff 00cf9300 DPL=0 DS   [-WA]
CS =0008 00000000 ffffffff 00cf9a00 DPL=0 CS32 [-R-]
SS =0010 00000000 ffffffff 00cf9300 DPL=0 DS   [-WA]
DS =0010 00000000 ffffffff 00cf9300 DPL=0 DS   [-WA]
FS =0010 00000000 ffffffff 00cf9300 DPL=0 DS   [-WA]
GS =0010 00000000 ffffffff 00cf9300 DPL=0 DS   [-WA]
LDT=0000 00000000 0000ffff 00008200 DPL=0 LDT
TR =0000 00000000 0000ffff 00008b00 DPL=0 TSS32-busy
GDT=     00108008 00000017
IDT=     00108060 000007ff
CR0=80000011 CR2=00000000 CR3=00000000 CR4=00000000
DR0=00000000 DR1=00000000 DR2=00000000 DR3=00000000 
DR6=ffff0ff0 DR7=00000400
CCS=00000004 CCD=00000247 CCO=EFLAGS
EFER=0000000000000000
Servicing hardware INT=0x20
    33: v=20 e=0000 i=0 cpl=0 IP=0008:0010117e pc=0010117e SP=0010:00107fa4 env->regs[R_EAX]=00000730
EAX=00000730 EBX=0000002f ECX=0000061f EDX=00000013
ESI=000b8000 EDI=00000700 EBP=00107fb0 ESP=00107fa4
EIP=0010117e EFL=00000202 [-------] CPL=0 II=0 A20=1 SMM=0 HLT=0
ES =0010 00000000 ffffffff 00cf9300 DPL=0 DS   [-WA]
CS =0008 00000000 ffffffff 00cf9a00 DPL=0 CS32 [-R-]
SS =0010 00000000 ffffffff 00cf9300 DPL=0 DS   [-WA]
DS =0010 00000000 ffffffff 00cf9300 DPL=0 DS   [-WA]
FS =0010 00000000 ffffffff 00cf9300 DPL=0 DS   [-WA]
GS =0010 00000000 ffffffff 00cf9300 DPL=0 DS   [-WA]
LDT=0000 00000000 0000ffff 00008200 DPL=0 LDT
TR =0000 00000000 0000ffff 00008b00 DPL=0 TSS32-busy
GDT=     00108008 00000017
IDT=     00108060 000007ff
CR0=80000011 CR2=00000000 CR3=00000000 CR4=00000000
DR0=00000000 DR1=00000000 DR2=00000000 DR3=00000000 
DR6=ffff0ff0 DR7=00000400
CCS=00000000 CCD=0000061f CCO=EFLAGS
EFER=0000000000000000
Servicing hardware INT=0x20
    34: v=20 e=0000 i=0 cpl=0 IP=0008:0010117e pc=0010117e SP=0010:d0000fa9 env->regs[R_EAX]=00000741
EAX=00000741 EBX=0000003f ECX=0000049f EDX=0000000e
ESI=000b8000 EDI=00000700 EBP=d0000fb5 ESP=d0000fa9
EIP=0010117e EFL=00000206 [-----P-] CPL=0 II=0 A20=1 SMM=0 HLT=0
ES =0010 00000000 ffffffff 00cf9300 DPL=0 DS   [-WA]
CS =0008 00000000 ffffffff 00cf9a00 DPL=0 CS32 [-R-]
SS =0010 00000000 ffffffff 00cf9300 DPL=0 DS   [-WA]
DS =0010 00000000 ffffffff 00cf9300 DPL=0 DS   [-WA]
FS =0010 00000000 ffffffff 00cf9300 DPL=0 DS   [-WA]
GS =0010 00000000 ffffffff 00cf9300 DPL=0 DS   [-WA]
LDT=0000 00000000 0000ffff 00008200 DPL=0 LDT
TR =0000 00000000 0000ffff 00008b00 DPL=0 TSS32-busy
GDT=     00108008 00000017
IDT=     00108060 000007ff
CR0=80000011 CR2=00000000 CR3=00000000 CR4=00000000
DR0=00000000 DR1=00000000 DR2=00000000 DR3=00000000 
DR6=ffff0ff0 DR7=00000400
CCS=00000004 CCD=0000049f CCO=EFLAGS
EFER=0000000000000000
Servicing hardware INT=0x20
    35: v=20 e=0000 i=0 cpl=0 IP=0008:0010117e pc=0010117e SP=0010:d0001fb2 env->regs[R_EAX]=00000742
EAX=00000742 EBX=0000000c ECX=000004bc EDX=0000000f
ESI=000b8000 EDI=00000700 EBP=d0001fbe ESP=d0001fb2
EIP=0010117e EFL=00000202 [-------] CPL=0 II=0 A20=1 SMM=0 HLT=0
ES =0010 00000000 ffffffff 00cf9300 DPL=0 DS   [-WA]
CS =0008 00000000 ffffffff 00cf9a00 DPL=0 CS32 [-R-]
SS =0010 00000000 ffffffff 00cf9300 DPL=0 DS   [-WA]
DS =0010 00000000 ffffffff 00cf9300 DPL=0 DS   [-WA]
FS =0010 00000000 ffffffff 00cf9300 DPL=0 DS   [-WA]
GS =0010 00000000 ffffffff 00cf9300 DPL=0 DS   [-WA]
LDT=0000 00000000 0000ffff 00008200 DPL=0 LDT
TR =0000 00000000 0000ffff 00008b00 DPL=0 TSS32-busy
GDT=     00108008 00000017
IDT=     00108060 000007ff
CR0=80000011 CR2=00000000 CR3=00000000 CR4=00000000
DR0=00000000 DR1=00000000 DR2=00000000 DR3=00000000 
DR6=ffff0ff0 DR7=00000400
CCS=00000000 CCD=000004bc CCO=EFLAGS
EFER=0000000000000000
Servicing hardware INT=0x20
    36: v=20 e=0000 i=0 cpl=0 IP=0008:0010117e pc=0010117e SP=0010:00107fa4 env->regs[R_EAX]=00000730
EAX=00000730 EBX=0000001a ECX=000002ea EDX=00000009
ESI=000b8000 EDI=00000700 EBP=00107fb0 ESP=00107fa4
EIP=0010117e EFL=00000202 [-------] CPL=0 II=0 A20=1 SMM=0 HLT=0
ES =0010 00000000 ffffffff 00cf9300 DPL=0 DS   [-WA]
CS =0008 00000000 ffffffff 00cf9a00 DPL=0 CS32 [-R-]
SS =0010 00000000 ffffffff 00cf9300 DPL=0 DS   [-WA]
DS =0010 00000000 ffffffff 00cf9300 DPL=0 DS   [-WA]
FS =0010 00000000 ffffffff 00cf9300 DPL=0 DS   [-WA]
GS =0010 00000000 ffffffff 00cf9300 DPL=0 DS   [-WA]
LDT=0000 00000000 0000ffff 00008200 DPL=0 LDT
TR =0000 00000000 0000ffff 00008b00 DPL=0 TSS32-busy
GDT=     00108008 00000017
IDT=     00108060 000007ff
CR0=80000011 CR2=00000000 CR3=00000000 CR4=00000000
DR0=00000000 DR1=00000000 DR2=00000000 DR3=00000000 
DR6=ffff0ff0 DR7=00000400
CCS=00000000 CCD=000002ea CCO=EFLAGS
EFER=0000000000000000
Servicing hardware INT=0x20
    37: v=20 e=0000 i=0 cpl=0 IP=0008:0010117e pc=0010117e SP=0010:d0000fa9 env->regs[R_EAX]=00000741
EAX=00000741 EBX=0000002f ECX=0000034f EDX=0000000a
ESI=000b8000 EDI=00000700 EBP=d0000fb5 ESP=d0000fa9
EIP=0010117e EFL=00000202 [-------] CPL=0 II=0 A20=1 SMM=0 HLT=0
ES =0010 00000000 ffffffff 00cf9300 DPL=0 DS   [-WA]
CS =0008 00000000 ffffffff 00cf9a00 DPL=0 CS32 [-R-]
SS =0010 00000000 ffffffff 00cf9300 DPL=0 DS   [-WA]
DS =0010 00000000 ffffffff 00cf9300 DPL=0 DS   [-WA]
FS =0010 00000000 ffffffff 00cf9300 DPL=0 DS   [-WA]
GS =0010 00000000 ffffffff 00cf9300 DPL=0 DS   [-WA]
LDT=0000 00000000 0000ffff 00008200 DPL=0 LDT
TR =0000 00000000 0000ffff 00008b00 DPL=0 TSS32-busy
GDT=     00108008 00000017
IDT=     00108060 000007ff
CR0=80000011 CR2=00000000 CR3=00000000 CR4=00000000
DR0=00000000 DR1=00000000 DR2=00000000 DR3=00000000 
DR6=ffff0ff0 DR7=00000400
CCS=00000000 CCD=0000034f CCO=EFLAGS
EFER=0000000000000000
Servicing hardware INT=0x20
    38: v=20 e=0000 i=0 cpl=0 IP=0008:0010117e pc=0010117e SP=0010:d0001fb2 env->regs[R_EAX]=00000742
EAX=00000742 EBX=0000003e ECX=000002be EDX=00000008
ESI=000b8000 EDI=00000700 EBP=d0001fbe ESP=d0001fb2
EIP=0010117e EFL=00000206 [-----P-] CPL=0 II=0 A20=1 SMM=0 HLT=0
ES =0010 00000000 ffffffff 00cf9300 DPL=0 DS   [-WA]
CS =0008 00000000 ffffffff 00cf9a00 DPL=0 CS32 [-R-]
SS =0010 00000000 ffffffff 00cf9300 DPL=0 DS   [-WA]
DS =0010 00000000 ffffffff 00cf9300 DPL=0 DS   [-WA]
FS =0010 00000000 ffffffff 00cf9300 DPL=0 DS   [-WA]
GS =0010 00000000 ffffffff 00cf9300 DPL=0 DS   [-WA]
LDT=0000 00000000 0000ffff 00008200 DPL=0 LDT
TR =0000 00000000 0000ffff 00008b00 DPL=0 TSS32-busy
GDT=     00108008 00000017
IDT=     00108060 000007ff
CR0=80000011 CR2=00000000 CR3=00000000 CR4=00000000
DR0=00000000 DR1=00000000 DR2=00000000 DR3=00000000 
DR6=ffff0ff0 DR7=00000400
CCS=00000004 CCD=000002be CCO=EFLAGS
EFER=0000000000000000
Servicing hardware INT=0x20
    39: v=20 e=0000 i=0 cpl=0 IP=0008:0010117e pc=0010117e SP=0010:00107fa4 env->regs[R_EAX]=00000730
EAX=00000730 EBX=00000035 ECX=00000535 EDX=00000010
ESI=000b8000 EDI=00000700 EBP=00107fb0 ESP=00107fa4
EIP=0010117e EFL=00000206 [-----P-] CPL=0 II=0 A20=1 SMM=0 HLT=0
ES =0010 00000000 ffffffff 00cf9300 DPL=0 DS   [-WA]
CS =0008 00000000 ffffffff 00cf9a00 DPL=0 CS32 [-R-]
SS =0010 00000000 ffffffff 00cf9300 DPL=0 DS   [-WA]
DS =0010 00000000 ffffffff 00cf9300 DPL=0 DS   [-WA]
FS =0010 00000000 ffffffff 00cf9300 DPL=0 DS   [-WA]
GS =0010 00000000 ffffffff 00cf9300 DPL=0 DS   [-WA]
LDT=0000 00000000 0000ffff 00008200 DPL=0 LDT
TR =0000 00000000 0000ffff 00008b00 DPL=0 TSS32-busy
GDT=     00108008 00000017
IDT=     00108060 000007ff
CR0=80000011 CR2=00000000 CR3=00000000 CR4=00000000
DR0=00000000 DR1=00000000 DR2=00000000 DR3=00000000 
DR6=ffff0ff0 DR7=00000400
CCS=00000004 CCD=00000535 CCO=EFLAGS
EFER=0000000000000000
Servicing hardware INT=0x20
    40: v=20 e=0000 i=0 cpl=0 IP=0008:0010117e pc=0010117e SP=0010:d0000fa9 env->regs[R_EAX]=00000741
EAX=00000741 EBX=0000003d ECX=000007bd EDX=00000018
ESI=000b8000 EDI=00000700 EBP=d0000fb5 ESP=d0000fa9
EIP=0010117e EFL=00000206 [-----P-] CPL=0 II=0 A20=1 SMM=0 HLT=0
ES =0010 00000000 ffffffff 00cf9300 DPL=0 DS   [-WA]
CS =0008 00000000 ffffffff 00cf9a00 DPL=0 CS32 [-R-]
SS =0010 00000000 ffffffff 00cf9300 DPL=0 DS   [-WA]
DS =0010 00000000 ffffffff 00cf9300 DPL=0 DS   [-WA]
FS =0010 00000000 ffffffff 00cf9300 DPL=0 DS   [-WA]
GS =0010 00000000 ffffffff 00cf9300 DPL=0 DS   [-WA]
LDT=0000 00000000 0000ffff 00008200 DPL=0 LDT
TR =0000 00000000 0000ffff 00008b00 DPL=0 TSS32-busy
GDT=     00108008 00000017
IDT=     00108060 000007ff
CR0=80000011 CR2=00000000 CR3=00000000 CR4=00000000
DR0=00000000 DR1=00000000 DR2=00000000 DR3=00000000 
DR6=ffff0ff0 DR7=00000400
CCS=00000004 CCD=000007bd CCO=EFLAGS
EFER=0000000000000000
Servicing hardware INT=0x20
    41: v=20 e=0000 i=0 cpl=0 IP=0008:0010117e pc=0010117e SP=0010:d0001fb2 env->regs[R_EAX]=00000742
EAX=00000742 EBX=00000027 ECX=00000397 EDX=0000000b
ESI=000b8000 EDI=00000700 EBP=d0001fbe ESP=d0001fb2
EIP=0010117e EFL=00000202 [-------] CPL=0 II=0 A20=1 SMM=0 HLT=0
ES =0010 00000000 ffffffff 00cf9300 DPL=0 DS   [-WA]
CS =0008 00000000 ffffffff 00cf9a00 DPL=0 CS32 [-R-]
SS =0010 00000000 ffffffff 00cf9300 DPL=0 DS   [-WA]
DS =0010 00000000 ffffffff 00cf9300 DPL=0 DS   [-WA]
FS =0010 00000000 ffffffff 00cf9300 DPL=0 DS   [-WA]
GS =0010 00000000 ffffffff 00cf9300 DPL=0 DS   [-WA]
LDT=0000 00000000 0000ffff 00008200 DPL=0 LDT
TR =0000 00000000 0000ffff 00008b00 DPL=0 TSS32-busy
GDT=     00108008 00000017
IDT=     00108060 000007ff
CR0=80000011 CR2=00000000 CR3=00000000 CR4=00000000
DR0=00000000 DR1=00000000 DR2=00000000 DR3=00000000 
DR6=ffff0ff0 DR7=00000400
CCS=00000000 CCD=00000397 CCO=EFLAGS
EFER=0000000000000000
Servicing hardware INT=0x20
    42: v=20 e=0000 i=0 cpl=0 IP=0008:0010117e pc=0010117e SP=0010:00107fa4 env->regs[R_EAX]=00000730
EAX=00000730 EBX=0000002e ECX=0000039e EDX=0000000b
ESI=000b8000 EDI=00000700 EBP=00107fb0 ESP=00107fa4
EIP=0010117e EFL=00000202 [-------] CPL=0 II=0 A20=1 SMM=0 HLT=0
ES =0010 00000000 ffffffff 00cf9300 DPL=0 DS   [-WA]
CS =0008 00000000 ffffffff 00cf9a00 DPL=0 CS32 [-R-]
SS =0010 00000000 ffffffff 00cf9300 DPL=0 DS   [-WA]
DS =0010 00000000 ffffffff 00cf9300 DPL=0 DS   [-WA]
FS =0010 00000000 ffffffff 00cf9300 DPL=0 DS   [-WA]
GS =0010 00000000 ffffffff 00cf9300 DPL=0 DS   [-WA]
LDT=0000 00000000 0000ffff 00008200 DPL=0 LDT
TR =0000 00000000 0000ffff 00008b00 DPL=0 TSS32-busy
GDT=     00108008 00000017
IDT=     00108060 000007ff
CR0=80000011 CR2=00000000 CR3=00000000 CR4=00000000
DR0=00000000 DR1=00000000 DR2=00000000 DR3=00000000 
DR6=ffff0ff0 DR7=00000400
CCS=00000000 CCD=0000039e CCO=EFLAGS
EFER=0000000000000000
Servicing hardware INT=0x20
    43: v=20 e=0000 i=0 cpl=0 IP=0008:0010117e pc=0010117e SP=0010:d0000fa9 env->regs[R_EAX]=00000741
EAX=00000741 EBX=00000030 ECX=00000080 EDX=00000001
ESI=000b8000 EDI=00000700 EBP=d0000fb5 ESP=d0000fa9
EIP=0010117e EFL=00000202 [-------] CPL=0 II=0 A20=1 SMM=0 HLT=0
ES =0010 00000000 ffffffff 00cf9300 DPL=0 DS   [-WA]
CS =0008 00000000 ffffffff 00cf9a00 DPL=0 CS32 [-R-]
SS =0010 00000000 ffffffff 00cf9300 DPL=0 DS   [-WA]
DS =0010 00000000 ffffffff 00cf9300 DPL=0 DS   [-WA]
FS =0010 00000000 ffffffff 00cf9300 DPL=0 DS   [-WA]
GS =0010 00000000 ffffffff 00cf9300 DPL=0 DS   [-WA]
LDT=0000 00000000 0000ffff 00008200 DPL=0 LDT
TR =0000 00000000 0000ffff 00008b00 DPL=0 TSS32-busy
GDT=     00108008 00000017
IDT=     00108060 000007ff
CR0=80000011 CR2=00000000 CR3=00000000 CR4=00000000
DR0=00000000 DR1=00000000 DR2=00000000 DR3=00000000 
DR6=ffff0ff0 DR7=00000400
CCS=00000000 CCD=00000080 CCO=EFLAGS
EFER=0000000000000000
Servicing hardware INT=0x20
    44: v=20 e=0000 i=0 cpl=0 IP=0008:0010117e pc=0010117e SP=0010:d0001fb2 env->regs[R_EAX]=00000742
EAX=00000742 EBX=0000002b ECX=0000007b EDX=00000001
ESI=000b8000 EDI=00000700 EBP=d0001fbe ESP=d0001fb2
EIP=0010117e EFL=00000206 [-----P-] CPL=0 II=0 A20=1 SMM=0 HLT=0
ES =0010 00000000 ffffffff 00cf9300 DPL=0 DS   [-WA]
CS =0008 00000000 ffffffff 00cf9a00 DPL=0 CS32 [-R-]
SS =0010 00000000 ffffffff 00cf9300 DPL=0 DS   [-WA]
DS =0010 00000000 ffffffff 00cf9300 DPL=0 DS   [-WA]
FS =0010 00000000 ffffffff 00cf9300 DPL=0 DS   [-WA]
GS =0010 00000000 ffffffff 00cf9300 DPL=0 DS   [-WA]
LDT=0000 00000000 0000ffff 00008200 DPL=0 LDT
TR =0000 00000000 0000ffff 00008b00 DPL=0 TSS32-busy
GDT=     00108008 00000017
IDT=     00108060 000007ff
CR0=80000011 CR2=00000000 CR3=00000000 CR4=00000000
DR0=00000000 DR1=00000000 DR2=00000000 DR3=00000000 
DR6=ffff0ff0 DR7=00000400
CCS=00000004 CCD=0000007b CCO=EFLAGS
EFER=0000000000000000
Servicing hardware INT=0x20
    45: v=20 e=0000 i=0 cpl=0 IP=0008:0010117e pc=0010117e SP=0010:00107fa4 env->regs[R_EAX]=00000730
EAX=00000730 EBX=00000008 ECX=00000468 EDX=0000000e
ESI=000b8000 EDI=00000700 EBP=00107fb0 ESP=00107fa4
EIP=0010117e EFL=00000202 [-------] CPL=0 II=0 A20=1 SMM=0 HLT=0
ES =0010 00000000 ffffffff 00cf9300 DPL=0 DS   [-WA]
CS =0008 00000000 ffffffff 00cf9a00 DPL=0 CS32 [-R-]
SS =0010 00000000 ffffffff 00cf9300 DPL=0 DS   [-WA]
DS =0010 00000000 ffffffff 00cf9300 DPL=0 DS   [-WA]
FS =0010 00000000 ffffffff 00cf9300 DPL=0 DS   [-WA]
GS =0010 00000000 ffffffff 00cf9300 DPL=0 DS   [-WA]
LDT=0000 00000000 0000ffff 00008200 DPL=0 LDT
TR =0000 00000000 0000ffff 00008b00 DPL=0 TSS32-busy
GDT=     00108008 00000017
IDT=     00108060 000007ff
CR0=80000011 CR2=00000000 CR3=00000000 CR4=00000000
DR0=00000000 DR1=00000000 DR2=00000000 DR3=00000000 
DR6=ffff0ff0 DR7=00000400
CCS=00000000 CCD=00000468 CCO=EFLAGS
EFER=0000000000000000
Servicing hardware INT=0x20
    46: v=20 e=0000 i=0 cpl=0 IP=0008:0010117e pc=0010117e SP=0010:d0000fa9 env->regs[R_EAX]=00000741
EAX=00000741 EBX=00000036 ECX=00000676 EDX=00000014
ESI=000b8000 EDI=00000700 EBP=d0000fb5 ESP=d0000fa9
EIP=0010117e EFL=00000202 [-------] CPL=0 II=0 A20=1 SMM=0 HLT=0
ES =0010 00000000 ffffffff 00cf9300 DPL=0 DS   [-WA]
CS =0008 00000000 ffffffff 00cf9a00 DPL=0 CS32 [-R-]
SS =0010 00000000 ffffffff 00cf9300 DPL=0 DS   [-WA]
DS =0010 00000000 ffffffff 00cf9300 DPL=0 DS   [-WA]
FS =0010 00000000 ffffffff 00cf9300 DPL=0 DS   [-WA]
GS =0010 00000000 ffffffff 00cf9300 DPL=0 DS   [-WA]
LDT=0000 00000000 0000ffff 00008200 DPL=0 LDT
TR =0000 00000000 0000ffff 00008b00 DPL=0 TSS32-busy
GDT=     00108008 00000017
IDT=     00108060 000007ff
CR0=80000011 CR2=00000000 CR3=00000000 CR4=00000000
DR0=00000000 DR1=00000000 DR2=00000000 DR3=00000000 
DR6=ffff0ff0 DR7=00000400
CCS=00000000 CCD=00000676 CCO=EFLAGS
EFER=0000000000000000
Servicing hardware INT=0x20
    47: v=20 e=0000 i=0 cpl=0 IP=0008:0010117e pc=0010117e SP=0010:d0001fb2 env->regs[R_EAX]=00000742
EAX=00000742 EBX=0000000e ECX=0000032e EDX=0000000a
ESI=000b8000 EDI=00000700 EBP=d0001fbe ESP=d0001fb2
EIP=0010117e EFL=00000206 [-----P-] CPL=0 II=0 A20=1 SMM=0 HLT=0
ES =0010 00000000 ffffffff 00cf9300 DPL=0 DS   [-WA]
CS =0008 00000000 ffffffff 00cf9a00 DPL=0 CS32 [-R-]
SS =0010 00000000 ffffffff 00cf9300 DPL=0 DS   [-WA]
DS =0010 00000000 ffffffff 00cf9300 DPL=0 DS   [-WA]
FS =0010 00000000 ffffffff 00cf9300 DPL=0 DS   [-WA]
GS =0010 00000000 ffffffff 00cf9300 DPL=0 DS   [-WA]
LDT=0000 00000000 0000ffff 00008200 DPL=0 LDT
TR =0000 00000000 0000ffff 00008b00 DPL=0 TSS32-busy
GDT=     00108008 00000017
IDT=     00108060 000007ff
CR0=80000011 CR2=00000000 CR3=00000000 CR4=00000000
DR0=00000000 DR1=00000000 DR2=00000000 DR3=00000000 
DR6=ffff0ff0 DR7=00000400
CCS=00000004 CCD=0000032e CCO=EFLAGS
EFER=0000000000000000
Servicing hardware INT=0x20
    48: v=20 e=0000 i=0 cpl=0 IP=0008:0010117e pc=0010117e SP=0010:00107fa4 env->regs[R_EAX]=00000730
EAX=00000730 EBX=00000007 ECX=00000467 EDX=0000000e
ESI=000b8000 EDI=00000700 EBP=00107fb0 ESP=00107fa4
EIP=0010117e EFL=00000202 [-------] CPL=0 II=0 A20=1 SMM=0 HLT=0
ES =0010 00000000 ffffffff 00cf9300 DPL=0 DS   [-WA]
CS =0008 00000000 ffffffff 00cf9a00 DPL=0 CS32 [-R-]
SS =0010 00000000 ffffffff 00cf9300 DPL=0 DS   [-WA]
DS =0010 00000000 ffffffff 00cf9300 DPL=0 DS   [-WA]
FS =0010 00000000 ffffffff 00cf9300 DPL=0 DS   [-WA]
GS =0010 00000000 ffffffff 00cf9300 DPL=0 DS   [-WA]
LDT=0000 00000000 0000ffff 00008200 DPL=0 LDT
TR =0000 00000000 0000ffff 00008b00 DPL=0 TSS32-busy
GDT=     00108008 00000017
IDT=     00108060 000007ff
CR0=80000011 CR2=00000000 CR3=00000000 CR4=00000000
DR0=00000000 DR1=00000000 DR2=00000000 DR3=00000000 
DR6=ffff0ff0 DR7=00000400
CCS=00000000 CCD=00000467 CCO=EFLAGS
EFER=0000000000000000
Servicing hardware INT=0x20
    49: v=20 e=0000 i=0 cpl=0 IP=0008:0010117e pc=0010117e SP=0010:d0000fa9 env->regs[R_EAX]=00000741
EAX=00000741 EBX=0000003d ECX=0000021d EDX=00000006
ESI=000b8000 EDI=00000700 EBP=d0000fb5 ESP=d0000fa9
EIP=0010117e EFL=00000206 [-----P-] CPL=0 II=0 A20=1 SMM=0 HLT=0
ES =0010 00000000 ffffffff 00cf9300 DPL=0 DS   [-WA]
CS =0008 00000000 ffffffff 00cf9a00 DPL=0 CS32 [-R-]
SS =0010 00000000 ffffffff 00cf9300 DPL=0 DS   [-WA]
DS =0010 00000000 ffffffff 00cf9300 DPL=0 DS   [-WA]
FS =0010 00000000 ffffffff 00cf9300 DPL=0 DS   [-WA]
GS =0010 00000000 ffffffff 00cf9300 DPL=0 DS   [-WA]
LDT=0000 00000000 0000ffff 00008200 DPL=0 LDT
TR =0000 00000000 0000ffff 00008b00 DPL=0 TSS32-busy
GDT=     00108008 00000017
IDT=     00108060 000007ff
CR0=80000011 CR2=00000000 CR3=00000000 CR4=00000000
DR0=00000000 DR1=00000000 DR2=00000000 DR3=00000000 
DR6=ffff0ff0 DR7=00000400
CCS=00000004 CCD=0000021d CCO=EFLAGS
EFER=0000000000000000
Servicing hardware INT=0x20
    50: v=20 e=0000 i=0 cpl=0 IP=0008:0010117e pc=0010117e SP=0010:d0001fb2 env->regs[R_EAX]=00000742
EAX=00000742 EBX=00000042 ECX=00000222 EDX=00000006
ESI=000b8000 EDI=00000700 EBP=d0001fbe ESP=d0001fb2
EIP=0010117e EFL=00000206 [-----P-] CPL=0 II=0 A20=1 SMM=0 HLT=0
ES =0010 00000000 ffffffff 00cf9300 DPL=0 DS   [-WA]
CS =0008 00000000 ffffffff 00cf9a00 DPL=0 CS32 [-R-]
SS =0010 00000000 ffffffff 00cf9300 DPL=0 DS   [-WA]
DS =0010 00000000 ffffffff 00cf9300 DPL=0 DS   [-WA]
FS =0010 00000000 ffffffff 00cf9300 DPL=0 DS   [-WA]
GS =0010 00000000 ffffffff 00cf9300 DPL=0 DS   [-WA]
LDT=0000 00000000 0000ffff 00008200 DPL=0 LDT
TR =0000 00000000 0000ffff 00008b00 DPL=0 TSS32-busy
GDT=     00108008 00000017
IDT=     00108060 000007ff
CR0=80000011 CR2=00000000 CR3=00000000 CR4=00000000
DR0=00000000 DR1=00000000 DR2=00000000 DR3=00000000 
DR6=ffff0ff0 DR7=00000400
CCS=00000004 CCD=00000222 CCO=EFLAGS
EFER=0000000000000000
Servicing hardware INT=0x20
    51: v=20 e=0000 i=0 cpl=0 IP=0008:0010117e pc=0010117e SP=0010:00107fa4 env->regs[R_EAX]=00000730
EAX=00000730 EBX=00000012 ECX=00000602 EDX=00000013
ESI=000b8000 EDI=00000700 EBP=00107fb0 ESP=00107fa4
EIP=0010117e EFL=00000202 [-------] CPL=0 II=0 A20=1 SMM=0 HLT=0
ES =0010 00000000 ffffffff 00cf9300 DPL=0 DS   [-WA]
CS =0008 00000000 ffffffff 00cf9a00 DPL=0 CS32 [-R-]
SS =0010 00000000 ffffffff 00cf9300 DPL=0 DS   [-WA]
DS =0010 00000000 ffffffff 00cf9300 DPL=0 DS   [-WA]
FS =0010 00000000 ffffffff 00cf9300 DPL=0 DS   [-WA]
GS =0010 00000000 ffffffff 00cf9300 DPL=0 DS   [-WA]
LDT=0000 00000000 0000ffff 00008200 DPL=0 LDT
TR =0000 00000000 0000ffff 00008b00 DPL=0 TSS32-busy
GDT=     00108008 00000017
IDT=     00108060 000007ff
CR0=80000011 CR2=00000000 CR3=00000000 CR4=00000000
DR0=00000000 DR1=00000000 DR2=00000000 DR3=00000000 
DR6=ffff0ff0 DR7=00000400
CCS=00000000 CCD=00000602 CCO=EFLAGS
EFER=0000000000000000
Servicing hardware INT=0x20
    52: v=20 e=0000 i=0 cpl=0 IP=0008:0010117e pc=0010117e SP=0010:d0000fa9 env->regs[R_EAX]=00000741
EAX=00000741 EBX=0000004f ECX=000003bf EDX=0000000b
ESI=000b8000 EDI=00000700 EBP=d0000fb5 ESP=d0000fa9
EIP=0010117e EFL=00000202 [-------] CPL=0 II=0 A20=1 SMM=0 HLT=0
ES =0010 00000000 ffffffff 00cf9300 DPL=0 DS   [-WA]
CS =0008 00000000 ffffffff 00cf9a00 DPL=0 CS32 [-R-]
SS =0010 00000000 ffffffff 00cf9300 DPL=0 DS   [-WA]
DS =0010 00000000 ffffffff 00cf9300 DPL=0 DS   [-WA]
FS =0010 00000000 ffffffff 00cf9300 DPL=0 DS   [-WA]
GS =0010 00000000 ffffffff 00cf9300 DPL=0 DS   [-WA]
LDT=0000 00000000 0000ffff 00008200 DPL=0 LDT
TR =0000 00000000 0000ffff 00008b00 DPL=0 TSS32-busy
GDT=     00108008 00000017
IDT=     00108060 000007ff
CR0=80000011 CR2=00000000 CR3=00000000 CR4=00000000
DR0=00000000 DR1=00000000 DR2=00000000 DR3=00000000 
DR6=ffff0ff0 DR7=00000400
CCS=00000000 CCD=000003bf CCO=EFLAGS
EFER=0000000000000000
Servicing hardware INT=0x20
    53: v=20 e=0000 i=0 cpl=0 IP=0008:0010117e pc=0010117e SP=0010:d0001fb2 env->regs[R_EAX]=00000742
EAX=00000742 EBX=0000003f ECX=0000067f EDX=00000014
ESI=000b8000 EDI=00000700 EBP=d0001fbe ESP=d0001fb2
EIP=0010117e EFL=00000202 [-------] CPL=0 II=0 A20=1 SMM=0 HLT=0
ES =0010 00000000 ffffffff 00cf9300 DPL=0 DS   [-WA]
CS =0008 00000000 ffffffff 00cf9a00 DPL=0 CS32 [-R-]
SS =0010 00000000 ffffffff 00cf9300 DPL=0 DS   [-WA]
DS =0010 00000000 ffffffff 00cf9300 DPL=0 DS   [-WA]
FS =0010 00000000 ffffffff 00cf9300 DPL=0 DS   [-WA]
GS =0010 00000000 ffffffff 00cf9300 DPL=0 DS   [-WA]
LDT=0000 00000000 0000ffff 00008200 DPL=0 LDT
TR =0000 00000000 0000ffff 00008b00 DPL=0 TSS32-busy
GDT=     00108008 00000017
IDT=     00108060 000007ff
CR0=80000011 CR2=00000000 CR3=00000000 CR4=00000000
DR0=00000000 DR1=00000000 DR2=00000000 DR3=00000000 
DR6=ffff0ff0 DR7=00000400
CCS=00000000 CCD=0000067f CCO=EFLAGS
EFER=0000000000000000
Servicing hardware INT=0x20
    54: v=20 e=0000 i=0 cpl=0 IP=0008:0010117e pc=0010117e SP=0010:00107fa4 env->regs[R_EAX]=00000730
EAX=00000730 EBX=00000039 ECX=00000039 EDX=00000000
ESI=000b8000 EDI=00000700 EBP=00107fb0 ESP=00107fa4
EIP=0010117e EFL=00000206 [-----P-] CPL=0 II=0 A20=1 SMM=0 HLT=0
ES =0010 00000000 ffffffff 00cf9300 DPL=0 DS   [-WA]
CS =0008 00000000 ffffffff 00cf9a00 DPL=0 CS32 [-R-]
SS =0010 00000000 ffffffff 00cf9300 DPL=0 DS   [-WA]
DS =0010 00000000 ffffffff 00cf9300 DPL=0 DS   [-WA]
FS =0010 00000000 ffffffff 00cf9300 DPL=0 DS   [-WA]
GS =0010 00000000 ffffffff 00cf9300 DPL=0 DS   [-WA]
LDT=0000 00000000 0000ffff 00008200 DPL=0 LDT
TR =0000 00000000 0000ffff 00008b00 DPL=0 TSS32-busy
GDT=     00108008 00000017
IDT=     00108060 000007ff
CR0=80000011 CR2=00000000 CR3=00000000 CR4=00000000
DR0=00000000 DR1=00000000 DR2=00000000 DR3=00000000 
DR6=ffff0ff0 DR7=00000400
CCS=00000004 CCD=00000039 CCO=EFLAGS
EFER=0000000000000000
Servicing hardware INT=0x20
    55: v=20 e=0000 i=0 cpl=0 IP=0008:0010117e pc=0010117e SP=0010:d0000fa9 env->regs[R_EAX]=00000741
EAX=00000741 EBX=0000001c ECX=000003dc EDX=0000000c
ESI=000b8000 EDI=00000700 EBP=d0000fb5 ESP=d0000fa9
EIP=0010117e EFL=00000202 [-------] CPL=0 II=0 A20=1 SMM=0 HLT=0
ES =0010 00000000 ffffffff 00cf9300 DPL=0 DS   [-WA]
CS =0008 00000000 ffffffff 00cf9a00 DPL=0 CS32 [-R-]
SS =0010 00000000 ffffffff 00cf9300 DPL=0 DS   [-WA]
DS =0010 00000000 ffffffff 00cf9300 DPL=0 DS   [-WA]
FS =0010 00000000 ffffffff 00cf9300 DPL=0 DS   [-WA]
GS =0010 00000000 ffffffff 00cf9300 DPL=0 DS   [-WA]
LDT=0000 00000000 0000ffff 00008200 DPL=0 LDT
TR =0000 00000000 0000ffff 00008b00 DPL=0 TSS32-busy
GDT=     00108008 00000017
IDT=     00108060 000007ff
CR0=80000011 CR2=00000000 CR3=00000000 CR4=00000000
DR0=00000000 DR1=00000000 DR2=00000000 DR3=00000000 
DR6=ffff0ff0 DR7=00000400
CCS=00000000 CCD=000003dc CCO=EFLAGS
EFER=0000000000000000
Servicing hardware INT=0x20
    56: v=20 e=0000 i=0 cpl=0 IP=0008:0010117e pc=0010117e SP=0010:d0001fb2 env->regs[R_EAX]=00000742
EAX=00000742 EBX=00000002 ECX=00000282 EDX=00000008
ESI=000b8000 EDI=00000700 EBP=d0001fbe ESP=d0001fb2
EIP=0010117e EFL=00000206 [-----P-] CPL=0 II=0 A20=1 SMM=0 HLT=0
ES =0010 00000000 ffffffff 00cf9300 DPL=0 DS   [-WA]
CS =0008 00000000 ffffffff 00cf9a00 DPL=0 CS32 [-R-]
SS =0010 00000000 ffffffff 00cf9300 DPL=0 DS   [-WA]
DS =0010 00000000 ffffffff 00cf9300 DPL=0 DS   [-WA]
FS =0010 00000000 ffffffff 00cf9300 DPL=0 DS   [-WA]
GS =0010 00000000 ffffffff 00cf9300 DPL=0 DS   [-WA]
LDT=0000 00000000 0000ffff 00008200 DPL=0 LDT
TR =0000 00000000 0000ffff 00008b00 DPL=0 TSS32-busy
GDT=     00108008 00000017
IDT=     00108060 000007ff
CR0=80000011 CR2=00000000 CR3=00000000 CR4=00000000
DR0=00000000 DR1=00000000 DR2=00000000 DR3=00000000 
DR6=ffff0ff0 DR7=00000400
CCS=00000004 CCD=00000282 CCO=EFLAGS
EFER=0000000000000000
Servicing hardware INT=0x20
    57: v=20 e=0000 i=0 cpl=0 IP=0008:0010117e pc=0010117e SP=0010:00107fa4 env->regs[R_EAX]=00000730
EAX=00000730 EBX=00000036 ECX=00000716 EDX=00000016
ESI=000b8000 EDI=00000700 EBP=00107fb0 ESP=00107fa4
EIP=0010117e EFL=00000202 [-------] CPL=0 II=0 A20=1 SMM=0 HLT=0
ES =0010 00000000 ffffffff 00cf9300 DPL=0 DS   [-WA]
CS =0008 00000000 ffffffff 00cf9a00 DPL=0 CS32 [-R-]
SS =0010 00000000 ffffffff 00cf9300 DPL=0 DS   [-WA]
DS =0010 00000000 ffffffff 00cf9300 DPL=0 DS   [-WA]
FS =0010 00000000 ffffffff 00cf9300 DPL=0 DS   [-WA]
GS =0010 00000000 ffffffff 00cf9300 DPL=0 DS   [-WA]
LDT=0000 00000000 0000ffff 00008200 DPL=0 LDT
TR =0000 00000000 0000ffff 00008b00 DPL=0 TSS32-busy
GDT=     00108008 00000017
IDT=     00108060 000007ff
CR0=80000011 CR2=00000000 CR3=00000000 CR4=00000000
DR0=00000000 DR1=00000000 DR2=00000000 DR3=00000000 
DR6=ffff0ff0 DR7=00000400
CCS=00000000 CCD=00000716 CCO=EFLAGS
EFER=0000000000000000
Servicing hardware INT=0x20
    58: v=20 e=0000 i=0 cpl=0 IP=0008:0010117e pc=0010117e SP=0010:d0000fa9 env->regs[R_EAX]=00000741
EAX=00000741 EBX=00000004 ECX=00000324 EDX=0000000a
ESI=000b8000 EDI=00000700 EBP=d0000fb5 ESP=d0000fa9
EIP=0010117e EFL=00000206 [-----P-] CPL=0 II=0 A20=1 SMM=0 HLT=0
ES =0010 00000000 ffffffff 00cf9300 DPL=0 DS   [-WA]
CS =0008 00000000 ffffffff 00cf9a00 DPL=0 CS32 [-R-]
SS =0010 00000000 ffffffff 00cf9300 DPL=0 DS   [-WA]
DS =0010 00000000 ffffffff 00cf9300 DPL=0 DS   [-WA]
FS =0010 00000000 ffffffff 00cf9300 DPL=0 DS   [-WA]
GS =0010 00000000 ffffffff 00cf9300 DPL=0 DS   [-WA]
LDT=0000 00000000 0000ffff 00008200 DPL=0 LDT
TR =0000 00000000 0000ffff 00008b00 DPL=0 TSS32-busy
GDT=     00108008 00000017
IDT=     00108060 000007ff
CR0=80000011 CR2=00000000 CR3=00000000 CR4=00000000
DR0=00000000 DR1=00000000 DR2=00000000 DR3=00000000 
DR6=ffff0ff0 DR7=00000400
CCS=00000004 CCD=00000324 CCO=EFLAGS
EFER=0000000000000000
Servicing hardware INT=0x20
    59: v=20 e=0000 i=0 cpl=0 IP=0008:0010117e pc=0010117e SP=0010:d0001fb2 env->regs[R_EAX]=00000742
EAX=00000742 EBX=00000038 ECX=000003f8 EDX=0000000c
ESI=000b8000 EDI=00000700 EBP=d0001fbe ESP=d0001fb2
EIP=0010117e EFL=00000202 [-------] CPL=0 II=0 A20=1 SMM=0 HLT=0
ES =0010 00000000 ffffffff 00cf9300 DPL=0 DS   [-WA]
CS =0008 00000000 ffffffff 00cf9a00 DPL=0 CS32 [-R-]
SS =0010 00000000 ffffffff 00cf9300 DPL=0 DS   [-WA]
DS =0010 00000000 ffffffff 00cf9300 DPL=0 DS   [-WA]
FS =0010 00000000 ffffffff 00cf9300 DPL=0 DS   [-WA]
GS =0010 00000000 ffffffff 00cf9300 DPL=0 DS   [-WA]
LDT=0000 00000000 0000ffff 00008200 DPL=0 LDT
TR =0000 00000000 0000ffff 00008b00 DPL=0 TSS32-busy
GDT=     00108008 00000017
IDT=     00108060 000007ff
CR0=80000011 CR2=00000000 CR3=00000000 CR4=00000000
DR0=00000000 DR1=00000000 DR2=00000000 DR3=00000000 
DR6=ffff0ff0 DR7=00000400
CCS=00000000 CCD=000003f8 CCO=EFLAGS
EFER=0000000000000000
Servicing hardware INT=0x20
    60: v=20 e=0000 i=0 cpl=0 IP=0008:0010117e pc=0010117e SP=0010:00107fa4 env->regs[R_EAX]=00000730
EAX=00000730 EBX=00000011 ECX=000003d1 EDX=0000000c
ESI=000b8000 EDI=00000700 EBP=00107fb0 ESP=00107fa4
EIP=0010117e EFL=00000206 [-----P-] CPL=0 II=0 A20=1 SMM=0 HLT=0
ES =0010 00000000 ffffffff 00cf9300 DPL=0 DS   [-WA]
CS =0008 00000000 ffffffff 00cf9a00 DPL=0 CS32 [-R-]
SS =0010 00000000 ffffffff 00cf9300 DPL=0 DS   [-WA]
DS =0010 00000000 ffffffff 00cf9300 DPL=0 DS   [-WA]
FS =0010 00000000 ffffffff 00cf9300 DPL=0 DS   [-WA]
GS =0010 00000000 ffffffff 00cf9300 DPL=0 DS   [-WA]
LDT=0000 00000000 0000ffff 00008200 DPL=0 LDT
TR =0000 00000000 0000ffff 00008b00 DPL=0 TSS32-busy
GDT=     00108008 00000017
IDT=     00108060 000007ff
CR0=80000011 CR2=00000000 CR3=00000000 CR4=00000000
DR0=00000000 DR1=00000000 DR2=00000000 DR3=00000000 
DR6=ffff0ff0 DR7=00000400
CCS=00000004 CCD=000003d1 CCO=EFLAGS
EFER=0000000000000000
Servicing hardware INT=0x20
    61: v=20 e=0000 i=0 cpl=0 IP=0008:0010117e pc=0010117e SP=0010:d0000fa9 env->regs[R_EAX]=00000741
EAX=00000741 EBX=00000001 ECX=00000051 EDX=00000001
ESI=000b8000 EDI=00000700 EBP=d0000fb5 ESP=d0000fa9
EIP=0010117e EFL=00000202 [-------] CPL=0 II=0 A20=1 SMM=0 HLT=0
ES =0010 00000000 ffffffff 00cf9300 DPL=0 DS   [-WA]
CS =0008 00000000 ffffffff 00cf9a00 DPL=0 CS32 [-R-]
SS =0010 00000000 ffffffff 00cf9300 DPL=0 DS   [-WA]
DS =0010 00000000 ffffffff 00cf9300 DPL=0 DS   [-WA]
FS =0010 00000000 ffffffff 00cf9300 DPL=0 DS   [-WA]
GS =0010 00000000 ffffffff 00cf9300 DPL=0 DS   [-WA]
LDT=0000 00000000 0000ffff 00008200 DPL=0 LDT
TR =0000 00000000 0000ffff 00008b00 DPL=0 TSS32-busy
GDT=     00108008 00000017
IDT=     00108060 000007ff
CR0=80000011 CR2=00000000 CR3=00000000 CR4=00000000
DR0=00000000 DR1=00000000 DR2=00000000 DR3=00000000 
DR6=ffff0ff0 DR7=00000400
CCS=00000000 CCD=00000051 CCO=EFLAGS
EFER=0000000000000000
Servicing hardware INT=0x20
    62: v=20 e=0000 i=0 cpl=0 IP=0008:0010117e pc=0010117e SP=0010:d0001fb2 env->regs[R_EAX]=00000742
EAX=00000742 EBX=00000044 ECX=000007c4 EDX=00000018
ESI=000b8000 EDI=00000700 EBP=d0001fbe ESP=d0001fb2
EIP=0010117e EFL=00000202 [-------] CPL=0 II=0 A20=1 SMM=0 HLT=0
ES =0010 00000000 ffffffff 00cf9300 DPL=0 DS   [-WA]
CS =0008 00000000 ffffffff 00cf9a00 DPL=0 CS32 [-R-]
SS =0010 00000000 ffffffff 00cf9300 DPL=0 DS   [-WA]
DS =0010 00000000 ffffffff 00cf9300 DPL=0 DS   [-WA]
FS =0010 00000000 ffffffff 00cf9300 DPL=0 DS   [-WA]
GS =0010 00000000 ffffffff 00cf9300 DPL=0 DS   [-WA]
LDT=0000 00000000 0000ffff 00008200 DPL=0 LDT
TR =0000 00000000 0000ffff 00008b00 DPL=0 TSS32-busy
GDT=     00108008 00000017
IDT=     00108060 000007ff
CR0=80000011 CR2=00000000 CR3=00000000 CR4=00000000
DR0=00000000 DR1=00000000 DR2=00000000 DR3=00000000 
DR6=ffff0ff0 DR7=00000400
CCS=00000000 CCD=000007c4 CCO=EFLAGS
EFER=0000000000000000
Servicing hardware INT=0x20
    63: v=20 e=0000 i=0 cpl=0 IP=0008:0010117e pc=0010117e SP=0010:00107fa4 env->regs[R_EAX]=00000730
EAX=00000730 EBX=00000034 ECX=00000214 EDX=00000006
ESI=000b8000 EDI=00000700 EBP=00107fb0 ESP=00107fa4
EIP=0010117e EFL=00000206 [-----P-] CPL=0 II=0 A20=1 SMM=0 HLT=0
ES =0010 00000000 ffffffff 00cf9300 DPL=0 DS   [-WA]
CS =0008 00000000 ffffffff 00cf9a00 DPL=0 CS32 [-R-]
SS =0010 00000000 ffffffff 00cf9300 DPL=0 DS   [-WA]
DS =0010 00000000 ffffffff 00cf9300 DPL=0 DS   [-WA]
FS =0010 00000000 ffffffff 00cf9300 DPL=0 DS   [-WA]
GS =0010 00000000 ffffffff 00cf9300 DPL=0 DS   [-WA]
LDT=0000 00000000 0000ffff 00008200 DPL=0 LDT
TR =0000 00000000 0000ffff 00008b00 DPL=0 TSS32-busy
GDT=     00108008 00000017
IDT=     00108060 000007ff
CR0=80000011 CR2=00000000 CR3=00000000 CR4=00000000
DR0=00000000 DR1=00000000 DR2=00000000 DR3=00000000 
DR6=ffff0ff0 DR7=00000400
CCS=00000004 CCD=00000214 CCO=EFLAGS
EFER=0000000000000000
Servicing hardware INT=0x20
    64: v=20 e=0000 i=0 cpl=0 IP=0008:0010117e pc=0010117e SP=0010:d0000fa9 env->regs[R_EAX]=00000741
EAX=00000741 EBX=00000002 ECX=000000a2 EDX=00000002
ESI=000b8000 EDI=00000700 EBP=d0000fb5 ESP=d0000fa9
EIP=0010117e EFL=00000202 [-------] CPL=0 II=0 A20=1 SMM=0 HLT=0
ES =0010 00000000 ffffffff 00cf9300 DPL=0 DS   [-WA]
CS =0008 00000000 ffffffff 00cf9a00 DPL=0 CS32 [-R-]
SS =0010 00000000 ffffffff 00cf9300 DPL=0 DS   [-WA]
DS =0010 00000000 ffffffff 00cf9300 DPL=0 DS   [-WA]
FS =0010 00000000 ffffffff 00cf9300 DPL=0 DS   [-WA]
GS =0010 00000000 ffffffff 00cf9300 DPL=0 DS   [-WA]
LDT=0000 00000000 0000ffff 00008200 DPL=0 LDT
TR =0000 00000000 0000ffff 00008b00 DPL=0 TSS32-busy
GDT=     00108008 00000017
IDT=     00108060 000007ff
CR0=80000011 CR2=00000000 CR3=00000000 CR4=00000000
DR0=00000000 DR1=00000000 DR2=00000000 DR3=00000000 
DR6=ffff0ff0 DR7=00000400
CCS=00000000 CCD=000000a2 CCO=EFLAGS
EFER=0000000000000000
Servicing hardware INT=0x20
    65: v=20 e=0000 i=0 cpl=0 IP=0008:0010117e pc=0010117e SP=0010:d0001fb2 env->regs[R_EAX]=00000742
EAX=00000742 EBX=0000002f ECX=000005cf EDX=00000012
ESI=000b8000 EDI=00000700 EBP=d0001fbe ESP=d0001fb2
EIP=0010117e EFL=00000206 [-----P-] CPL=0 II=0 A20=1 SMM=0 HLT=0
ES =0010 00000000 ffffffff 00cf9300 DPL=0 DS   [-WA]
CS =0008 00000000 ffffffff 00cf9a00 DPL=0 CS32 [-R-]
SS =0010 00000000 ffffffff 00cf9300 DPL=0 DS   [-WA]
DS =0010 00000000 ffffffff 00cf9300 DPL=0 DS   [-WA]
FS =0010 00000000 ffffffff 00cf9300 DPL=0 DS   [-WA]
GS =0010 00000000 ffffffff 00cf9300 DPL=0 DS   [-WA]
LDT=0000 00000000 0000ffff 00008200 DPL=0 LDT
TR =0000 00000000 0000ffff 00008b00 DPL=0 TSS32-busy
GDT=     00108008 00000017
IDT=     00108060 000007ff
CR0=80000011 CR2=00000000 CR3=00000000 CR4=00000000
DR0=00000000 DR1=00000000 DR2=00000000 DR3=00000000 
DR6=ffff0ff0 DR7=00000400
CCS=00000004 CCD=000005cf CCO=EFLAGS
EFER=0000000000000000
Servicing hardware INT=0x20
    66: v=20 e=0000 i=0 cpl=0 IP=0008:0010117e pc=0010117e SP=0010:00107fa4 env->regs[R_EAX]=00000730
EAX=00000730 EBX=00000036 ECX=00000266 EDX=00000007
ESI=000b8000 EDI=00000700 EBP=00107fb0 ESP=00107fa4
EIP=0010117e EFL=00000206 [-----P-] CPL=0 II=0 A20=1 SMM=0 HLT=0
ES =0010 00000000 ffffffff 00cf9300 DPL=0 DS   [-WA]
CS =0008 00000000 ffffffff 00cf9a00 DPL=0 CS32 [-R-]
SS =0010 00000000 ffffffff 00cf9300 DPL=0 DS   [-WA]
DS =0010 00000000 ffffffff 00cf9300 DPL=0 DS   [-WA]
FS =0010 00000000 ffffffff 00cf9300 DPL=0 DS   [-WA]
GS =0010 00000000 ffffffff 00cf9300 DPL=0 DS   [-WA]
LDT=0000 00000000 0000ffff 00008200 DPL=0 LDT
TR =0000 00000000 0000ffff 00008b00 DPL=0 TSS32-busy
GDT=     00108008 00000017
IDT=     00108060 000007ff
CR0=80000011 CR2=00000000 CR3=00000000 CR4=00000000
DR0=00000000 DR1=00000000 DR2=00000000 DR3=00000000 
DR6=ffff0ff0 DR7=00000400
CCS=00000004 CCD=00000266 CCO=EFLAGS
EFER=0000000000000000
Servicing hardware INT=0x20
    67: v=20 e=0000 i=0 cpl=0 IP=0008:0010117e pc=0010117e SP=0010:d0000fa9 env->regs[R_EAX]=00000741
EAX=00000741 EBX=00000008 ECX=00000378 EDX=0000000b
ESI=000b8000 EDI=00000700 EBP=d0000fb5 ESP=d0000fa9
EIP=0010117e EFL=00000206 [-----P-] CPL=0 II=0 A20=1 SMM=0 HLT=0
ES =0010 00000000 ffffffff 00cf9300 DPL=0 DS   [-WA]
CS =0008 00000000 ffffffff 00cf9a00 DPL=0 CS32 [-R-]
SS =0010 00000000 ffffffff 00cf9300 DPL=0 DS   [-WA]
DS =0010 00000000 ffffffff 00cf9300 DPL=0 DS   [-WA]
FS =0010 00000000 ffffffff 00cf9300 DPL=0 DS   [-WA]
GS =0010 00000000 ffffffff 00cf9300 DPL=0 DS   [-WA]
LDT=0000 00000000 0000ffff 00008200 DPL=0 LDT
TR =0000 00000000 0000ffff 00008b00 DPL=0 TSS32-busy
GDT=     00108008 00000017
IDT=     00108060 000007ff
CR0=80000011 CR2=00000000 CR3=00000000 CR4=00000000
DR0=00000000 DR1=00000000 DR2=00000000 DR3=00000000 
DR6=ffff0ff0 DR7=00000400
CCS=00000004 CCD=00000378 CCO=EFLAGS
EFER=0000000000000000
Servicing hardware INT=0x20
    68: v=20 e=0000 i=0 cpl=0 IP=0008:0010117e pc=0010117e SP=0010:d0001fb2 env->regs[R_EAX]=00000742
EAX=00000742 EBX=0000003d ECX=0000044d EDX=0000000d
ESI=000b8000 EDI=00000700 EBP=d0001fbe ESP=d0001fb2
EIP=0010117e EFL=00000206 [-----P-] CPL=0 II=0 A20=1 SMM=0 HLT=0
ES =0010 00000000 ffffffff 00cf9300 DPL=0 DS   [-WA]
CS =0008 00000000 ffffffff 00cf9a00 DPL=0 CS32 [-R-]
SS =0010 00000000 ffffffff 00cf9300 DPL=0 DS   [-WA]
DS =0010 00000000 ffffffff 00cf9300 DPL=0 DS   [-WA]
FS =0010 00000000 ffffffff 00cf9300 DPL=0 DS   [-WA]
GS =0010 00000000 ffffffff 00cf9300 DPL=0 DS   [-WA]
LDT=0000 00000000 0000ffff 00008200 DPL=0 LDT
TR =0000 00000000 0000ffff 00008b00 DPL=0 TSS32-busy
GDT=     00108008 00000017
IDT=     00108060 000007ff
CR0=80000011 CR2=00000000 CR3=00000000 CR4=00000000
DR0=00000000 DR1=00000000 DR2=00000000 DR3=00000000 
DR6=ffff0ff0 DR7=00000400
CCS=00000004 CCD=0000044d CCO=EFLAGS
EFER=0000000000000000
Servicing hardware INT=0x20
    69: v=20 e=0000 i=0 cpl=0 IP=0008:0010117e pc=0010117e SP=0010:00107fa4 env->regs[R_EAX]=00000730
EAX=00000730 EBX=0000000b ECX=000000ab EDX=00000002
ESI=000b8000 EDI=00000700 EBP=00107fb0 ESP=00107fa4
EIP=0010117e EFL=00000202 [-------] CPL=0 II=0 A20=1 SMM=0 HLT=0
ES =0010 00000000 ffffffff 00cf9300 DPL=0 DS   [-WA]
CS =0008 00000000 ffffffff 00cf9a00 DPL=0 CS32 [-R-]
SS =0010 00000000 ffffffff 00cf9300 DPL=0 DS   [-WA]
DS =0010 00000000 ffffffff 00cf9300 DPL=0 DS   [-WA]
FS =0010 00000000 ffffffff 00cf9300 DPL=0 DS   [-WA]
GS =0010 00000000 ffffffff 00cf9300 DPL=0 DS   [-WA]
LDT=0000 00000000 0000ffff 00008200 DPL=0 LDT
TR =0000 00000000 0000ffff 00008b00 DPL=0 TSS32-busy
GDT=     00108008 00000017
IDT=     00108060 000007ff
CR0=80000011 CR2=00000000 CR3=00000000 CR4=00000000
DR0=00000000 DR1=00000000 DR2=00000000 DR3=00000000 
DR6=ffff0ff0 DR7=00000400
CCS=00000000 CCD=000000ab CCO=EFLAGS
EFER=0000000000000000
Servicing hardware INT=0x20
    70: v=20 e=0000 i=0 cpl=0 IP=0008:0010117e pc=0010117e SP=0010:d0000fa9 env->regs[R_EAX]=00000741
EAX=00000741 EBX=00000045 ECX=00000275 EDX=00000007
ESI=000b8000 EDI=00000700 EBP=d0000fb5 ESP=d0000fa9
EIP=0010117e EFL=00000202 [-------] CPL=0 II=0 A20=1 SMM=0 HLT=0
ES =0010 00000000 ffffffff 00cf9300 DPL=0 DS   [-WA]
CS =0008 00000000 ffffffff 00cf9a00 DPL=0 CS32 [-R-]
SS =0010 00000000 ffffffff 00cf9300 DPL=0 DS   [-WA]
DS =0010 00000000 ffffffff 00cf9300 DPL=0 DS   [-WA]
FS =0010 00000000 ffffffff 00cf9300 DPL=0 DS   [-WA]
GS =0010 00000000 ffffffff 00cf9300 DPL=0 DS   [-WA]
LDT=0000 00000000 0000ffff 00008200 DPL=0 LDT
TR =0000 00000000 0000ffff 00008b00 DPL=0 TSS32-busy
GDT=     00108008 00000017
IDT=     00108060 000007ff
CR0=80000011 CR2=00000000 CR3=00000000 CR4=00000000
DR0=00000000 DR1=00000000 DR2=00000000 DR3=00000000 
DR6=ffff0ff0 DR7=00000400
CCS=00000000 CCD=00000275 CCO=EFLAGS
EFER=0000000000000000
Servicing hardware INT=0x20
    71: v=20 e=0000 i=0 cpl=0 IP=0008:0010117e pc=0010117e SP=0010:d0001fb2 env->regs[R_EAX]=00000742
EAX=00000742 EBX=00000013 ECX=00000063 EDX=00000001
ESI=000b8000 EDI=00000700 EBP=d0001fbe ESP=d0001fb2
EIP=0010117e EFL=00000206 [-----P-] CPL=0 II=0 A20=1 SMM=0 HLT=0
ES =0010 00000000 ffffffff 00cf9300 DPL=0 DS   [-WA]
CS =0008 00000000 ffffffff 00cf9a00 DPL=0 CS32 [-R-]
SS =0010 00000000 ffffffff 00cf9300 DPL=0 DS   [-WA]
DS =0010 00000000 ffffffff 00cf9300 DPL=0 DS   [-WA]
FS =0010 00000000 ffffffff 00cf9300 DPL=0 DS   [-WA]
GS =0010 00000000 ffffffff 00cf9300 DPL=0 DS   [-WA]
LDT=0000 00000000 0000ffff 00008200 DPL=0 LDT
TR =0000 00000000 0000ffff 00008b00 DPL=0 TSS32-busy
GDT=     00108008 00000017
IDT=     00108060 000007ff
CR0=80000011 CR2=00000000 CR3=00000000 CR4=00000000
DR0=00000000 DR1=00000000 DR2=00000000 DR3=00000000 
DR6=ffff0ff0 DR7=00000400
CCS=00000004 CCD=00000063 CCO=EFLAGS
EFER=0000000000000000
Servicing hardware INT=0x20
    72: v=20 e=0000 i=0 cpl=0 IP=0008:0010117e pc=0010117e SP=0010:00107fa4 env->regs[R_EAX]=00000730
EAX=00000730 EBX=0000004f ECX=0000013f EDX=00000003
ESI=000b8000 EDI=00000700 EBP=00107fb0 ESP=00107fa4
EIP=0010117e EFL=00000206 [-----P-] CPL=0 II=0 A20=1 SMM=0 HLT=0
ES =0010 00000000 ffffffff 00cf9300 DPL=0 DS   [-WA]
CS =0008 00000000 ffffffff 00cf9a00 DPL=0 CS32 [-R-]
SS =0010 00000000 ffffffff 00cf9300 DPL=0 DS   [-WA]
DS =0010 00000000 ffffffff 00cf9300 DPL=0 DS   [-WA]
FS =0010 00000000 ffffffff 00cf9300 DPL=0 DS   [-WA]
GS =0010 00000000 ffffffff 00cf9300 DPL=0 DS   [-WA]
LDT=0000 00000000 0000ffff 00008200 DPL=0 LDT
TR =0000 00000000 0000ffff 00008b00 DPL=0 TSS32-busy
GDT=     00108008 00000017
IDT=     00108060 000007ff
CR0=80000011 CR2=00000000 CR3=00000000 CR4=00000000
DR0=00000000 DR1=00000000 DR2=00000000 DR3=00000000 
DR6=ffff0ff0 DR7=00000400
CCS=00000004 CCD=0000013f CCO=EFLAGS
EFER=0000000000000000
Servicing hardware INT=0x20
    73: v=20 e=0000 i=0 cpl=0 IP=0008:0010117e pc=0010117e SP=0010:d0000fa9 env->regs[R_EAX]=00000741
EAX=00000741 EBX=0000001e ECX=0000065e EDX=00000014
ESI=000b8000 EDI=00000700 EBP=d0000fb5 ESP=d0000fa9
EIP=0010117e EFL=00000202 [-------] CPL=0 II=0 A20=1 SMM=0 HLT=0
ES =0010 00000000 ffffffff 00cf9300 DPL=0 DS   [-WA]
CS =0008 00000000 ffffffff 00cf9a00 DPL=0 CS32 [-R-]
SS =0010 00000000 ffffffff 00cf9300 DPL=0 DS   [-WA]
DS =0010 00000000 ffffffff 00cf9300 DPL=0 DS   [-WA]
FS =0010 00000000 ffffffff 00cf9300 DPL=0 DS   [-WA]
GS =0010 00000000 ffffffff 00cf9300 DPL=0 DS   [-WA]
LDT=0000 00000000 0000ffff 00008200 DPL=0 LDT
TR =0000 00000000 0000ffff 00008b00 DPL=0 TSS32-busy
GDT=     00108008 00000017
IDT=     00108060 000007ff
CR0=80000011 CR2=00000000 CR3=00000000 CR4=00000000
DR0=00000000 DR1=00000000 DR2=00000000 DR3=00000000 
DR6=ffff0ff0 DR7=00000400
CCS=00000000 CCD=0000065e CCO=EFLAGS
EFER=0000000000000000
Servicing hardware INT=0x20
    74: v=20 e=0000 i=0 cpl=0 IP=0008:0010117e pc=0010117e SP=0010:d0001fb2 env->regs[R_EAX]=00000742
EAX=00000742 EBX=00000031 ECX=00000261 EDX=00000007
ESI=000b8000 EDI=00000700 EBP=d0001fbe ESP=d0001fb2
EIP=0010117e EFL=00000202 [-------] CPL=0 II=0 A20=1 SMM=0 HLT=0
ES =0010 00000000 ffffffff 00cf9300 DPL=0 DS   [-WA]
CS =0008 00000000 ffffffff 00cf9a00 DPL=0 CS32 [-R-]
SS =0010 00000000 ffffffff 00cf9300 DPL=0 DS   [-WA]
DS =0010 00000000 ffffffff 00cf9300 DPL=0 DS   [-WA]
FS =0010 00000000 ffffffff 00cf9300 DPL=0 DS   [-WA]
GS =0010 00000000 ffffffff 00cf9300 DPL=0 DS   [-WA]
LDT=0000 00000000 0000ffff 00008200 DPL=0 LDT
TR =0000 00000000 0000ffff 00008b00 DPL=0 TSS32-busy
GDT=     00108008 00000017
IDT=     00108060 000007ff
CR0=80000011 CR2=00000000 CR3=00000000 CR4=00000000
DR0=00000000 DR1=00000000 DR2=00000000 DR3=00000000 
DR6=ffff0ff0 DR7=00000400
CCS=00000000 CCD=00000261 CCO=EFLAGS
EFER=0000000000000000
Servicing hardware INT=0x20
    75: v=20 e=0000 i=0 cpl=0 IP=0008:0010117e pc=0010117e SP=0010:00107fa4 env->regs[R_EAX]=00000730
EAX=00000730 EBX=00000040 ECX=00000220 EDX=00000006
ESI=000b8000 EDI=00000700 EBP=00107fb0 ESP=00107fa4
EIP=0010117e EFL=00000202 [-------] CPL=0 II=0 A20=1 SMM=0 HLT=0
ES =0010 00000000 ffffffff 00cf9300 DPL=0 DS   [-WA]
CS =0008 00000000 ffffffff 00cf9a00 DPL=0 CS32 [-R-]
SS =0010 00000000 ffffffff 00cf9300 DPL=0 DS   [-WA]
DS =0010 00000000 ffffffff 00cf9300 DPL=0 DS   [-WA]
FS =0010 00000000 ffffffff 00cf9300 DPL=0 DS   [-WA]
GS =0010 00000000 ffffffff 00cf9300 DPL=0 DS   [-WA]
LDT=0000 00000000 0000ffff 00008200 DPL=0 LDT
TR =0000 00000000 0000ffff 00008b00 DPL=0 TSS32-busy
GDT=     00108008 00000017
IDT=     00108060 000007ff
CR0=80000011 CR2=00000000 CR3=00000000 CR4=00000000
DR0=00000000 DR1=00000000 DR2=00000000 DR3=00000000 
DR6=ffff0ff0 DR7=00000400
CCS=00000000 CCD=00000220 CCO=EFLAGS
EFER=0000000000000000
Servicing hardware INT=0x20
    76: v=20 e=0000 i=0 cpl=0 IP=0008:0010117e pc=0010117e SP=0010:d0000fa9 env->regs[R_EAX]=00000741
EAX=00000741 EBX=0000000e ECX=0000073e EDX=00000017
ESI=000b8000 EDI=00000700 EBP=d0000fb5 ESP=d0000fa9
EIP=0010117e EFL=00000202 [-------] CPL=0 II=0 A20=1 SMM=0 HLT=0
ES =0010 00000000 ffffffff 00cf9300 DPL=0 DS   [-WA]
CS =0008 00000000 ffffffff 00cf9a00 DPL=0 CS32 [-R-]
SS =0010 00000000 ffffffff 00cf9300 DPL=0 DS   [-WA]
DS =0010 00000000 ffffffff 00cf9300 DPL=0 DS   [-WA]
FS =0010 00000000 ffffffff 00cf9300 DPL=0 DS   [-WA]
GS =0010 00000000 ffffffff 00cf9300 DPL=0 DS   [-WA]
LDT=0000 00000000 0000ffff 00008200 DPL=0 LDT
TR =0000 00000000 0000ffff 00008b00 DPL=0 TSS32-busy
GDT=     00108008 00000017
IDT=     00108060 000007ff
CR0=80000011 CR2=00000000 CR3=00000000 CR4=00000000
DR0=00000000 DR1=00000000 DR2=00000000 DR3=00000000 
DR6=ffff0ff0 DR7=00000400
CCS=00000000 CCD=0000073e CCO=EFLAGS
EFER=0000000000000000
Servicing hardware INT=0x20
    77: v=20 e=0000 i=0 cpl=0 IP=0008:0010117e pc=0010117e SP=0010:d0001fb2 env->regs[R_EAX]=00000742
EAX=00000742 EBX=00000035 ECX=000000d5 EDX=00000002
ESI=000b8000 EDI=00000700 EBP=d0001fbe ESP=d0001fb2
EIP=0010117e EFL=00000202 [-------] CPL=0 II=0 A20=1 SMM=0 HLT=0
ES =0010 00000000 ffffffff 00cf9300 DPL=0 DS   [-WA]
CS =0008 00000000 ffffffff 00cf9a00 DPL=0 CS32 [-R-]
SS =0010 00000000 ffffffff 00cf9300 DPL=0 DS   [-WA]
DS =0010 00000000 ffffffff 00cf9300 DPL=0 DS   [-WA]
FS =0010 00000000 ffffffff 00cf9300 DPL=0 DS   [-WA]
GS =0010 00000000 ffffffff 00cf9300 DPL=0 DS   [-WA]
LDT=0000 00000000 0000ffff 00008200 DPL=0 LDT
TR =0000 00000000 0000ffff 00008b00 DPL=0 TSS32-busy
GDT=     00108008 00000017
IDT=     00108060 000007ff
CR0=80000011 CR2=00000000 CR3=00000000 CR4=00000000
DR0=00000000 DR1=00000000 DR2=00000000 DR3=00000000 
DR6=ffff0ff0 DR7=00000400
CCS=00000000 CCD=000000d5 CCO=EFLAGS
EFER=0000000000000000
Servicing hardware INT=0x20
    78: v=20 e=0000 i=0 cpl=0 IP=0008:0010117e pc=0010117e SP=0010:00107fa4 env->regs[R_EAX]=00000730
EAX=00000730 EBX=00000030 ECX=00000440 EDX=0000000d
ESI=000b8000 EDI=00000700 EBP=00107fb0 ESP=00107fa4
EIP=0010117e EFL=00000202 [-------] CPL=0 II=0 A20=1 SMM=0 HLT=0
ES =0010 00000000 ffffffff 00cf9300 DPL=0 DS   [-WA]
CS =0008 00000000 ffffffff 00cf9a00 DPL=0 CS32 [-R-]
SS =0010 00000000 ffffffff 00cf9300 DPL=0 DS   [-WA]
DS =0010 00000000 ffffffff 00cf9300 DPL=0 DS   [-WA]
FS =0010 00000000 ffffffff 00cf9300 DPL=0 DS   [-WA]
GS =0010 00000000 ffffffff 00cf9300 DPL=0 DS   [-WA]
LDT=0000 00000000 0000ffff 00008200 DPL=0 LDT
TR =0000 00000000 0000ffff 00008b00 DPL=0 TSS32-busy
GDT=     00108008 00000017
IDT=     00108060 000007ff
CR0=80000011 CR2=00000000 CR3=00000000 CR4=00000000
DR0=00000000 DR1=00000000 DR2=00000000 DR3=00000000 
DR6=ffff0ff0 DR7=00000400
CCS=00000000 CCD=00000440 CCO=EFLAGS
EFER=0000000000000000
Servicing hardware INT=0x20
    79: v=20 e=0000 i=0 cpl=0 IP=0008:0010117e pc=0010117e SP=0010:d0000fa9 env->regs[R_EAX]=00000741
EAX=00000741 EBX=00000001 ECX=000001e1 EDX=00000006
ESI=000b8000 EDI=00000700 EBP=d0000fb5 ESP=d0000fa9
EIP=0010117e EFL=00000206 [-----P-] CPL=0 II=0 A20=1 SMM=0 HLT=0
ES =0010 00000000 ffffffff 00cf9300 DPL=0 DS   [-WA]
CS =0008 00000000 ffffffff 00cf9a00 DPL=0 CS32 [-R-]
SS =0010 00000000 ffffffff 00cf9300 DPL=0 DS   [-WA]
DS =0010 00000000 ffffffff 00cf9300 DPL=0 DS   [-WA]
FS =0010 00000000 ffffffff 00cf9300 DPL=0 DS   [-WA]
GS =0010 00000000 ffffffff 00cf9300 DPL=0 DS   [-WA]
LDT=0000 00000000 0000ffff 00008200 DPL=0 LDT
TR =0000 00000000 0000ffff 00008b00 DPL=0 TSS32-busy
GDT=     00108008 00000017
IDT=     00108060 000007ff
CR0=80000011 CR2=00000000 CR3=00000000 CR4=00000000
DR0=00000000 DR1=00000000 DR2=00000000 DR3=00000000 
DR6=ffff0ff0 DR7=00000400
CCS=00000004 CCD=000001e1 CCO=EFLAGS
EFER=0000000000000000
Servicing hardware INT=0x20
    80: v=20 e=0000 i=0 cpl=0 IP=0008:0010117e pc=0010117e SP=0010:d0001fb2 env->regs[R_EAX]=00000742
EAX=00000742 EBX=00000016 ECX=00000246 EDX=00000007
ESI=000b8000 EDI=00000700 EBP=d0001fbe ESP=d0001fb2
EIP=0010117e EFL=00000202 [-------] CPL=0 II=0 A20=1 SMM=0 HLT=0
ES =0010 00000000 ffffffff 00cf9300 DPL=0 DS   [-WA]
CS =0008 00000000 ffffffff 00cf9a00 DPL=0 CS32 [-R-]
SS =0010 00000000 ffffffff 00cf9300 DPL=0 DS   [-WA]
DS =0010 00000000 ffffffff 00cf9300 DPL=0 DS   [-WA]
FS =0010 00000000 ffffffff 00cf9300 DPL=0 DS   [-WA]
GS =0010 00000000 ffffffff 00cf9300 DPL=0 DS   [-WA]
LDT=0000 00000000 0000ffff 00008200 DPL=0 LDT
TR =0000 00000000 0000ffff 00008b00 DPL=0 TSS32-busy
GDT=     00108008 00000017
IDT=     00108060 000007ff
CR0=80000011 CR2=00000000 CR3=00000000 CR4=00000000
DR0=00000000 DR1=00000000 DR2=00000000 DR3=00000000 
DR6=ffff0ff0 DR7=00000400
CCS=00000000 CCD=00000246 CCO=EFLAGS
EFER=0000000000000000
Servicing hardware INT=0x20
    81: v=20 e=0000 i=0 cpl=0 IP=0008:0010117e pc=0010117e SP=0010:00107fa4 env->regs[R_EAX]=00000730
EAX=00000730 EBX=00000030 ECX=00000350 EDX=0000000a
ESI=000b8000 EDI=00000700 EBP=00107fb0 ESP=00107fa4
EIP=0010117e EFL=00000206 [-----P-] CPL=0 II=0 A20=1 SMM=0 HLT=0
ES =0010 00000000 ffffffff 00cf9300 DPL=0 DS   [-WA]
CS =0008 00000000 ffffffff 00cf9a00 DPL=0 CS32 [-R-]
SS =0010 00000000 ffffffff 00cf9300 DPL=0 DS   [-WA]
DS =0010 00000000 ffffffff 00cf9300 DPL=0 DS   [-WA]
FS =0010 00000000 ffffffff 00cf9300 DPL=0 DS   [-WA]
GS =0010 00000000 ffffffff 00cf9300 DPL=0 DS   [-WA]
LDT=0000 00000000 0000ffff 00008200 DPL=0 LDT
TR =0000 00000000 0000ffff 00008b00 DPL=0 TSS32-busy
GDT=     00108008 00000017
IDT=     00108060 000007ff
CR0=80000011 CR2=00000000 CR3=00000000 CR4=00000000
DR0=00000000 DR1=00000000 DR2=00000000 DR3=00000000 
DR6=ffff0ff0 DR7=00000400
CCS=00000004 CCD=00000350 CCO=EFLAGS
EFER=0000000000000000
Servicing hardware INT=0x20
    82: v=20 e=0000 i=0 cpl=0 IP=0008:0010117e pc=0010117e SP=0010:d0000fa9 env->regs[R_EAX]=00000741
EAX=00000741 EBX=00000007 ECX=00000147 EDX=00000004
ESI=000b8000 EDI=00000700 EBP=d0000fb5 ESP=d0000fa9
EIP=0010117e EFL=00000206 [-----P-] CPL=0 II=0 A20=1 SMM=0 HLT=0
ES =0010 00000000 ffffffff 00cf9300 DPL=0 DS   [-WA]
CS =0008 00000000 ffffffff 00cf9a00 DPL=0 CS32 [-R-]
SS =0010 00000000 ffffffff 00cf9300 DPL=0 DS   [-WA]
DS =0010 00000000 ffffffff 00cf9300 DPL=0 DS   [-WA]
FS =0010 00000000 ffffffff 00cf9300 DPL=0 DS   [-WA]
GS =0010 00000000 ffffffff 00cf9300 DPL=0 DS   [-WA]
LDT=0000 00000000 0000ffff 00008200 DPL=0 LDT
TR =0000 00000000 0000ffff 00008b00 DPL=0 TSS32-busy
GDT=     00108008 00000017
IDT=     00108060 000007ff
CR0=80000011 CR2=00000000 CR3=00000000 CR4=00000000
DR0=00000000 DR1=00000000 DR2=00000000 DR3=00000000 
DR6=ffff0ff0 DR7=00000400
CCS=00000004 CCD=00000147 CCO=EFLAGS
EFER=0000000000000000
Servicing hardware INT=0x20
    83: v=20 e=0000 i=0 cpl=0 IP=0008:0010117e pc=0010117e SP=0010:d0001fb2 env->regs[R_EAX]=00000742
EAX=00000742 EBX=00000025 ECX=000000c5 EDX=00000002
ESI=000b8000 EDI=00000700 EBP=d0001fbe ESP=d0001fb2
EIP=0010117e EFL=00000206 [-----P-] CPL=0 II=0 A20=1 SMM=0 HLT=0
ES =0010 00000000 ffffffff 00cf9300 DPL=0 DS   [-WA]
CS =0008 00000000 ffffffff 00cf9a00 DPL=0 CS32 [-R-]
SS =0010 00000000 ffffffff 00cf9300 DPL=0 DS   [-WA]
DS =0010 00000000 ffffffff 00cf9300 DPL=0 DS   [-WA]
FS =0010 00000000 ffffffff 00cf9300 DPL=0 DS   [-WA]
GS =0010 00000000 ffffffff 00cf9300 DPL=0 DS   [-WA]
LDT=0000 00000000 0000ffff 00008200 DPL=0 LDT
TR =0000 00000000 0000ffff 00008b00 DPL=0 TSS32-busy
GDT=     00108008 00000017
IDT=     00108060 000007ff
CR0=80000011 CR2=00000000 CR3=00000000 CR4=00000000
DR0=00000000 DR1=00000000 DR2=00000000 DR3=00000000 
DR6=ffff0ff0 DR7=00000400
CCS=00000004 CCD=000000c5 CCO=EFLAGS
EFER=0000000000000000
Servicing hardware INT=0x20
    84: v=20 e=0000 i=0 cpl=0 IP=0008:0010117e pc=0010117e SP=0010:00107fa4 env->regs[R_EAX]=00000730
EAX=00000730 EBX=00000026 ECX=00000576 EDX=00000011
ESI=000b8000 EDI=00000700 EBP=00107fb0 ESP=00107fa4
EIP=0010117e EFL=00000202 [-------] CPL=0 II=0 A20=1 SMM=0 HLT=0
ES =0010 00000000 ffffffff 00cf9300 DPL=0 DS   [-WA]
CS =0008 00000000 ffffffff 00cf9a00 DPL=0 CS32 [-R-]
SS =0010 00000000 ffffffff 00cf9300 DPL=0 DS   [-WA]
DS =0010 00000000 ffffffff 00cf9300 DPL=0 DS   [-WA]
FS =0010 00000000 ffffffff 00cf9300 DPL=0 DS   [-WA]
GS =0010 00000000 ffffffff 00cf9300 DPL=0 DS   [-WA]
LDT=0000 00000000 0000ffff 00008200 DPL=0 LDT
TR =0000 00000000 0000ffff 00008b00 DPL=0 TSS32-busy
GDT=     00108008 00000017
IDT=     00108060 000007ff
CR0=80000011 CR2=00000000 CR3=00000000 CR4=00000000
DR0=00000000 DR1=00000000 DR2=00000000 DR3=00000000 
DR6=ffff0ff0 DR7=00000400
CCS=00000000 CCD=00000576 CCO=EFLAGS
EFER=0000000000000000
Servicing hardware INT=0x20
    85: v=20 e=0000 i=0 cpl=0 IP=0008:0010117e pc=0010117e SP=0010:d0000fa9 env->regs[R_EAX]=00000741
EAX=00000741 EBX=00000018 ECX=000001a8 EDX=00000005
ESI=000b8000 EDI=00000700 EBP=d0000fb5 ESP=d0000fa9
EIP=0010117e EFL=00000202 [-------] CPL=0 II=0 A20=1 SMM=0 HLT=0
ES =0010 00000000 ffffffff 00cf9300 DPL=0 DS   [-WA]
CS =0008 00000000 ffffffff 00cf9a00 DPL=0 CS32 [-R-]
SS =0010 00000000 ffffffff 00cf9300 DPL=0 DS   [-WA]
DS =0010 00000000 ffffffff 00cf9300 DPL=0 DS   [-WA]
FS =0010 00000000 ffffffff 00cf9300 DPL=0 DS   [-WA]
GS =0010 00000000 ffffffff 00cf9300 DPL=0 DS   [-WA]
LDT=0000 00000000 0000ffff 00008200 DPL=0 LDT
TR =0000 00000000 0000ffff 00008b00 DPL=0 TSS32-busy
GDT=     00108008 00000017
IDT=     00108060 000007ff
CR0=80000011 CR2=00000000 CR3=00000000 CR4=00000000
DR0=00000000 DR1=00000000 DR2=00000000 DR3=00000000 
DR6=ffff0ff0 DR7=00000400
CCS=00000000 CCD=000001a8 CCO=EFLAGS
EFER=0000000000000000
Servicing hardware INT=0x20
    86: v=20 e=0000 i=0 cpl=0 IP=0008:0010117e pc=0010117e SP=0010:d0001fb2 env->regs[R_EAX]=00000742
EAX=00000742 EBX=00000032 ECX=00000122 EDX=00000003
ESI=000b8000 EDI=00000700 EBP=d0001fbe ESP=d0001fb2
EIP=0010117e EFL=00000206 [-----P-] CPL=0 II=0 A20=1 SMM=0 HLT=0
ES =0010 00000000 ffffffff 00cf9300 DPL=0 DS   [-WA]
CS =0008 00000000 ffffffff 00cf9a00 DPL=0 CS32 [-R-]
SS =0010 00000000 ffffffff 00cf9300 DPL=0 DS   [-WA]
DS =0010 00000000 ffffffff 00cf9300 DPL=0 DS   [-WA]
FS =0010 00000000 ffffffff 00cf9300 DPL=0 DS   [-WA]
GS =0010 00000000 ffffffff 00cf9300 DPL=0 DS   [-WA]
LDT=0000 00000000 0000ffff 00008200 DPL=0 LDT
TR =0000 00000000 0000ffff 00008b00 DPL=0 TSS32-busy
GDT=     00108008 00000017
IDT=     00108060 000007ff
CR0=80000011 CR2=00000000 CR3=00000000 CR4=00000000
DR0=00000000 DR1=00000000 DR2=00000000 DR3=00000000 
DR6=ffff0ff0 DR7=00000400
CCS=00000004 CCD=00000122 CCO=EFLAGS
EFER=0000000000000000
Servicing hardware INT=0x20
    87: v=20 e=0000 i=0 cpl=0 IP=0008:0010117e pc=0010117e SP=0010:00107fa4 env->regs[R_EAX]=00000730
EAX=00000730 EBX=00000005 ECX=000001e5 EDX=00000006
ESI=000b8000 EDI=00000700 EBP=00107fb0 ESP=00107fa4
EIP=0010117e EFL=00000202 [-------] CPL=0 II=0 A20=1 SMM=0 HLT=0
ES =0010 00000000 ffffffff 00cf9300 DPL=0 DS   [-WA]
CS =0008 00000000 ffffffff 00cf9a00 DPL=0 CS32 [-R-]
SS =0010 00000000 ffffffff 00cf9300 DPL=0 DS   [-WA]
DS =0010 00000000 ffffffff 00cf9300 DPL=0 DS   [-WA]
FS =0010 00000000 ffffffff 00cf9300 DPL=0 DS   [-WA]
GS =0010 00000000 ffffffff 00cf9300 DPL=0 DS   [-WA]
LDT=0000 00000000 0000ffff 00008200 DPL=0 LDT
TR =0000 00000000 0000ffff 00008b00 DPL=0 TSS32-busy
GDT=     00108008 00000017
IDT=     00108060 000007ff
CR0=80000011 CR2=00000000 CR3=00000000 CR4=00000000
DR0=00000000 DR1=00000000 DR2=00000000 DR3=00000000 
DR6=ffff0ff0 DR7=00000400
CCS=00000000 CCD=000001e5 CCO=EFLAGS
EFER=0000000000000000
Servicing hardware INT=0x20
    88: v=20 e=0000 i=0 cpl=0 IP=0008:0010117e pc=0010117e SP=0010:d0000fa9 env->regs[R_EAX]=00000741
EAX=00000741 EBX=00000018 ECX=00000748 EDX=00000017
ESI=000b8000 EDI=00000700 EBP=d0000fb5 ESP=d0000fa9
EIP=0010117e EFL=00000206 [-----P-] CPL=0 II=0 A20=1 SMM=0 HLT=0
ES =0010 00000000 ffffffff 00cf9300 DPL=0 DS   [-WA]
CS =0008 00000000 ffffffff 00cf9a00 DPL=0 CS32 [-R-]
SS =0010 00000000 ffffffff 00cf9300 DPL=0 DS   [-WA]
DS =0010 00000000 ffffffff 00cf9300 DPL=0 DS   [-WA]
FS =0010 00000000 ffffffff 00cf9300 DPL=0 DS   [-WA]
GS =0010 00000000 ffffffff 00cf9300 DPL=0 DS   [-WA]
LDT=0000 00000000 0000ffff 00008200 DPL=0 LDT
TR =0000 00000000 0000ffff 00008b00 DPL=0 TSS32-busy
GDT=     00108008 00000017
IDT=     00108060 000007ff
CR0=80000011 CR2=00000000 CR3=00000000 CR4=00000000
DR0=00000000 DR1=00000000 DR2=00000000 DR3=00000000 
DR6=ffff0ff0 DR7=00000400
CCS=00000004 CCD=00000748 CCO=EFLAGS
EFER=0000000000000000
Servicing hardware INT=0x20
    89: v=20 e=0000 i=0 cpl=0 IP=0008:0010117e pc=0010117e SP=0010:d0001fb2 env->regs[R_EAX]=00000742
EAX=00000742 EBX=0000003a ECX=0000003a EDX=00000000
ESI=000b8000 EDI=00000700 EBP=d0001fbe ESP=d0001fb2
EIP=0010117e EFL=00000206 [-----P-] CPL=0 II=0 A20=1 SMM=0 HLT=0
ES =0010 00000000 ffffffff 00cf9300 DPL=0 DS   [-WA]
CS =0008 00000000 ffffffff 00cf9a00 DPL=0 CS32 [-R-]
SS =0010 00000000 ffffffff 00cf9300 DPL=0 DS   [-WA]
DS =0010 00000000 ffffffff 00cf9300 DPL=0 DS   [-WA]
FS =0010 00000000 ffffffff 00cf9300 DPL=0 DS   [-WA]
GS =0010 00000000 ffffffff 00cf9300 DPL=0 DS   [-WA]
LDT=0000 00000000 0000ffff 00008200 DPL=0 LDT
TR =0000 00000000 0000ffff 00008b00 DPL=0 TSS32-busy
GDT=     00108008 00000017
IDT=     00108060 000007ff
CR0=80000011 CR2=00000000 CR3=00000000 CR4=00000000
DR0=00000000 DR1=00000000 DR2=00000000 DR3=00000000 
DR6=ffff0ff0 DR7=00000400
CCS=00000004 CCD=0000003a CCO=EFLAGS
EFER=0000000000000000
Servicing hardware INT=0x20
    90: v=20 e=0000 i=0 cpl=0 IP=0008:0010117e pc=0010117e SP=0010:00107fa4 env->regs[R_EAX]=00000730
EAX=00000730 EBX=00000006 ECX=000005f6 EDX=00000013
ESI=000b8000 EDI=00000700 EBP=00107fb0 ESP=00107fa4
EIP=0010117e EFL=00000206 [-----P-] CPL=0 II=0 A20=1 SMM=0 HLT=0
ES =0010 00000000 ffffffff 00cf9300 DPL=0 DS   [-WA]
CS =0008 00000000 ffffffff 00cf9a00 DPL=0 CS32 [-R-]
SS =0010 00000000 ffffffff 00cf9300 DPL=0 DS   [-WA]
DS =0010 00000000 ffffffff 00cf9300 DPL=0 DS   [-WA]
FS =0010 00000000 ffffffff 00cf9300 DPL=0 DS   [-WA]
GS =0010 00000000 ffffffff 00cf9300 DPL=0 DS   [-WA]
LDT=0000 00000000 0000ffff 00008200 DPL=0 LDT
TR =0000 00000000 0000ffff 00008b00 DPL=0 TSS32-busy
GDT=     00108008 00000017
IDT=     00108060 000007ff
CR0=80000011 CR2=00000000 CR3=00000000 CR4=00000000
DR0=00000000 DR1=00000000 DR2=00000000 DR3=00000000 
DR6=ffff0ff0 DR7=00000400
CCS=00000004 CCD=000005f6 CCO=EFLAGS
EFER=0000000000000000
Servicing hardware INT=0x20
    91: v=20 e=0000 i=0 cpl=0 IP=0008:0010117e pc=0010117e SP=0010:d0000fa9 env->regs[R_EAX]=00000741
EAX=00000741 EBX=00000041 ECX=00000181 EDX=00000004
ESI=000b8000 EDI=00000700 EBP=d0000fb5 ESP=d0000fa9
EIP=0010117e EFL=00000206 [-----P-] CPL=0 II=0 A20=1 SMM=0 HLT=0
ES =0010 00000000 ffffffff 00cf9300 DPL=0 DS   [-WA]
CS =0008 00000000 ffffffff 00cf9a00 DPL=0 CS32 [-R-]
SS =0010 00000000 ffffffff 00cf9300 DPL=0 DS   [-WA]
DS =0010 00000000 ffffffff 00cf9300 DPL=0 DS   [-WA]
FS =0010 00000000 ffffffff 00cf9300 DPL=0 DS   [-WA]
GS =0010 00000000 ffffffff 00cf9300 DPL=0 DS   [-WA]
LDT=0000 00000000 0000ffff 00008200 DPL=0 LDT
TR =0000 00000000 0000ffff 00008b00 DPL=0 TSS32-busy
GDT=     00108008 00000017
IDT=     00108060 000007ff
CR0=80000011 CR2=00000000 CR3=00000000 CR4=00000000
DR0=00000000 DR1=00000000 DR2=00000000 DR3=00000000 
DR6=ffff0ff0 DR7=00000400
CCS=00000004 CCD=00000181 CCO=EFLAGS
EFER=0000000000000000
Servicing hardware INT=0x20
    92: v=20 e=0000 i=0 cpl=0 IP=0008:0010117e pc=0010117e SP=0010:d0001fb2 env->regs[R_EAX]=00000742
EAX=00000742 EBX=0000004a ECX=0000068a EDX=00000014
ESI=000b8000 EDI=00000700 EBP=d0001fbe ESP=d0001fb2
EIP=0010117e EFL=00000202 [-------] CPL=0 II=0 A20=1 SMM=0 HLT=0
ES =0010 00000000 ffffffff 00cf9300 DPL=0 DS   [-WA]
CS =0008 00000000 ffffffff 00cf9a00 DPL=0 CS32 [-R-]
SS =0010 00000000 ffffffff 00cf9300 DPL=0 DS   [-WA]
DS =0010 00000000 ffffffff 00cf9300 DPL=0 DS   [-WA]
FS =0010 00000000 ffffffff 00cf9300 DPL=0 DS   [-WA]
GS =0010 00000000 ffffffff 00cf9300 DPL=0 DS   [-WA]
LDT=0000 00000000 0000ffff 00008200 DPL=0 LDT
TR =0000 00000000 0000ffff 00008b00 DPL=0 TSS32-busy
GDT=     00108008 00000017
IDT=     00108060 000007ff
CR0=80000011 CR2=00000000 CR3=00000000 CR4=00000000
DR0=00000000 DR1=00000000 DR2=00000000 DR3=00000000 
DR6=ffff0ff0 DR7=00000400
CCS=00000000 CCD=0000068a CCO=EFLAGS
EFER=0000000000000000
Servicing hardware INT=0x20
    93: v=20 e=0000 i=0 cpl=0 IP=0008:0010117e pc=0010117e SP=0010:00107fa4 env->regs[R_EAX]=00000730
EAX=00000730 EBX=00000030 ECX=00000440 EDX=0000000d
ESI=000b8000 EDI=00000700 EBP=00107fb0 ESP=00107fa4
EIP=0010117e EFL=00000202 [-------] CPL=0 II=0 A20=1 SMM=0 HLT=0
ES =0010 00000000 ffffffff 00cf9300 DPL=0 DS   [-WA]
CS =0008 00000000 ffffffff 00cf9a00 DPL=0 CS32 [-R-]
SS =0010 00000000 ffffffff 00cf9300 DPL=0 DS   [-WA]
DS =0010 00000000 ffffffff 00cf9300 DPL=0 DS   [-WA]
FS =0010 00000000 ffffffff 00cf9300 DPL=0 DS   [-WA]
GS =0010 00000000 ffffffff 00cf9300 DPL=0 DS   [-WA]
LDT=0000 00000000 0000ffff 00008200 DPL=0 LDT
TR =0000 00000000 0000ffff 00008b00 DPL=0 TSS32-busy
GDT=     00108008 00000017
IDT=     00108060 000007ff
CR0=80000011 CR2=00000000 CR3=00000000 CR4=00000000
DR0=00000000 DR1=00000000 DR2=00000000 DR3=00000000 
DR6=ffff0ff0 DR7=00000400
CCS=00000000 CCD=00000440 CCO=EFLAGS
EFER=0000000000000000
Servicing hardware INT=0x20
    94: v=20 e=0000 i=0 cpl=0 IP=0008:0010117e pc=0010117e SP=0010:d0000fa9 env->regs[R_EAX]=00000741
EAX=00000741 EBX=0000003a ECX=0000035a EDX=0000000a
ESI=000b8000 EDI=00000700 EBP=d0000fb5 ESP=d0000fa9
EIP=0010117e EFL=00000206 [-----P-] CPL=0 II=0 A20=1 SMM=0 HLT=0
ES =0010 00000000 ffffffff 00cf9300 DPL=0 DS   [-WA]
CS =0008 00000000 ffffffff 00cf9a00 DPL=0 CS32 [-R-]
SS =0010 00000000 ffffffff 00cf9300 DPL=0 DS   [-WA]
DS =0010 00000000 ffffffff 00cf9300 DPL=0 DS   [-WA]
FS =0010 00000000 ffffffff 00cf9300 DPL=0 DS   [-WA]
GS =0010 00000000 ffffffff 00cf9300 DPL=0 DS   [-WA]
LDT=0000 00000000 0000ffff 00008200 DPL=0 LDT
TR =0000 00000000 0000ffff 00008b00 DPL=0 TSS32-busy
GDT=     00108008 00000017
IDT=     00108060 000007ff
CR0=80000011 CR2=00000000 CR3=00000000 CR4=00000000
DR0=00000000 DR1=00000000 DR2=00000000 DR3=00000000 
DR6=ffff0ff0 DR7=00000400
CCS=00000004 CCD=0000035a CCO=EFLAGS
EFER=0000000000000000
Servicing hardware INT=0x20
    95: v=20 e=0000 i=0 cpl=0 IP=0008:0010117e pc=0010117e SP=0010:d0001fb2 env->regs[R_EAX]=00000742
EAX=00000742 EBX=0000001e ECX=0000033e EDX=0000000a
ESI=000b8000 EDI=00000700 EBP=d0001fbe ESP=d0001fb2
EIP=0010117e EFL=00000202 [-------] CPL=0 II=0 A20=1 SMM=0 HLT=0
ES =0010 00000000 ffffffff 00cf9300 DPL=0 DS   [-WA]
CS =0008 00000000 ffffffff 00cf9a00 DPL=0 CS32 [-R-]
SS =0010 00000000 ffffffff 00cf9300 DPL=0 DS   [-WA]
DS =0010 00000000 ffffffff 00cf9300 DPL=0 DS   [-WA]
FS =0010 00000000 ffffffff 00cf9300 DPL=0 DS   [-WA]
GS =0010 00000000 ffffffff 00cf9300 DPL=0 DS   [-WA]
LDT=0000 00000000 0000ffff 00008200 DPL=0 LDT
TR =0000 00000000 0000ffff 00008b00 DPL=0 TSS32-busy
GDT=     00108008 00000017
IDT=     00108060 000007ff
CR0=80000011 CR2=00000000 CR3=00000000 CR4=00000000
DR0=00000000 DR1=00000000 DR2=00000000 DR3=00000000 
DR6=ffff0ff0 DR7=00000400
CCS=00000000 CCD=0000033e CCO=EFLAGS
EFER=0000000000000000
Servicing hardware INT=0x20
    96: v=20 e=0000 i=0 cpl=0 IP=0008:0010117e pc=0010117e SP=0010:00107fa4 env->regs[R_EAX]=00000730
EAX=00000730 EBX=0000003f ECX=000004ef EDX=0000000f
ESI=000b8000 EDI=00000700 EBP=00107fb0 ESP=00107fa4
EIP=0010117e EFL=00000202 [-------] CPL=0 II=0 A20=1 SMM=0 HLT=0
ES =0010 00000000 ffffffff 00cf9300 DPL=0 DS   [-WA]
CS =0008 00000000 ffffffff 00cf9a00 DPL=0 CS32 [-R-]
SS =0010 00000000 ffffffff 00cf9300 DPL=0 DS   [-WA]
DS =0010 00000000 ffffffff 00cf9300 DPL=0 DS   [-WA]
FS =0010 00000000 ffffffff 00cf9300 DPL=0 DS   [-WA]
GS =0010 00000000 ffffffff 00cf9300 DPL=0 DS   [-WA]
LDT=0000 00000000 0000ffff 00008200 DPL=0 LDT
TR =0000 00000000 0000ffff 00008b00 DPL=0 TSS32-busy
GDT=     00108008 00000017
IDT=     00108060 000007ff
CR0=80000011 CR2=00000000 CR3=00000000 CR4=00000000
DR0=00000000 DR1=00000000 DR2=00000000 DR3=00000000 
DR6=ffff0ff0 DR7=00000400
CCS=00000000 CCD=000004ef CCO=EFLAGS
EFER=0000000000000000
Servicing hardware INT=0x20
    97: v=20 e=0000 i=0 cpl=0 IP=0008:0010117e pc=0010117e SP=0010:d0000fa9 env->regs[R_EAX]=00000741
EAX=00000741 EBX=00000041 ECX=000001d1 EDX=00000005
ESI=000b8000 EDI=00000700 EBP=d0000fb5 ESP=d0000fa9
EIP=0010117e EFL=00000206 [-----P-] CPL=0 II=0 A20=1 SMM=0 HLT=0
ES =0010 00000000 ffffffff 00cf9300 DPL=0 DS   [-WA]
CS =0008 00000000 ffffffff 00cf9a00 DPL=0 CS32 [-R-]
SS =0010 00000000 ffffffff 00cf9300 DPL=0 DS   [-WA]
DS =0010 00000000 ffffffff 00cf9300 DPL=0 DS   [-WA]
FS =0010 00000000 ffffffff 00cf9300 DPL=0 DS   [-WA]
GS =0010 00000000 ffffffff 00cf9300 DPL=0 DS   [-WA]
LDT=0000 00000000 0000ffff 00008200 DPL=0 LDT
TR =0000 00000000 0000ffff 00008b00 DPL=0 TSS32-busy
GDT=     00108008 00000017
IDT=     00108060 000007ff
CR0=80000011 CR2=00000000 CR3=00000000 CR4=00000000
DR0=00000000 DR1=00000000 DR2=00000000 DR3=00000000 
DR6=ffff0ff0 DR7=00000400
CCS=00000004 CCD=000001d1 CCO=EFLAGS
EFER=0000000000000000
Servicing hardware INT=0x20
    98: v=20 e=0000 i=0 cpl=0 IP=0008:0010117e pc=0010117e SP=0010:d0001fb2 env->regs[R_EAX]=00000742
EAX=00000742 EBX=0000004f ECX=000003bf EDX=0000000b
ESI=000b8000 EDI=00000700 EBP=d0001fbe ESP=d0001fb2
EIP=0010117e EFL=00000202 [-------] CPL=0 II=0 A20=1 SMM=0 HLT=0
ES =0010 00000000 ffffffff 00cf9300 DPL=0 DS   [-WA]
CS =0008 00000000 ffffffff 00cf9a00 DPL=0 CS32 [-R-]
SS =0010 00000000 ffffffff 00cf9300 DPL=0 DS   [-WA]
DS =0010 00000000 ffffffff 00cf9300 DPL=0 DS   [-WA]
FS =0010 00000000 ffffffff 00cf9300 DPL=0 DS   [-WA]
GS =0010 00000000 ffffffff 00cf9300 DPL=0 DS   [-WA]
LDT=0000 00000000 0000ffff 00008200 DPL=0 LDT
TR =0000 00000000 0000ffff 00008b00 DPL=0 TSS32-busy
GDT=     00108008 00000017
IDT=     00108060 000007ff
CR0=80000011 CR2=00000000 CR3=00000000 CR4=00000000
DR0=00000000 DR1=00000000 DR2=00000000 DR3=00000000 
DR6=ffff0ff0 DR7=00000400
CCS=00000000 CCD=000003bf CCO=EFLAGS
EFER=0000000000000000
Servicing hardware INT=0x20
    99: v=20 e=0000 i=0 cpl=0 IP=0008:0010117e pc=0010117e SP=0010:00107fa4 env->regs[R_EAX]=00000730
EAX=00000730 EBX=00000041 ECX=00000591 EDX=00000011
ESI=000b8000 EDI=00000700 EBP=00107fb0 ESP=00107fa4
EIP=0010117e EFL=00000202 [-------] CPL=0 II=0 A20=1 SMM=0 HLT=0
ES =0010 00000000 ffffffff 00cf9300 DPL=0 DS   [-WA]
CS =0008 00000000 ffffffff 00cf9a00 DPL=0 CS32 [-R-]
SS =0010 00000000 ffffffff 00cf9300 DPL=0 DS   [-WA]
DS =0010 00000000 ffffffff 00cf9300 DPL=0 DS   [-WA]
FS =0010 00000000 ffffffff 00cf9300 DPL=0 DS   [-WA]
GS =0010 00000000 ffffffff 00cf9300 DPL=0 DS   [-WA]
LDT=0000 00000000 0000ffff 00008200 DPL=0 LDT
TR =0000 00000000 0000ffff 00008b00 DPL=0 TSS32-busy
GDT=     00108008 00000017
IDT=     00108060 000007ff
CR0=80000011 CR2=00000000 CR3=00000000 CR4=00000000
DR0=00000000 DR1=00000000 DR2=00000000 DR3=00000000 
DR6=ffff0ff0 DR7=00000400
CCS=00000000 CCD=00000591 CCO=EFLAGS
EFER=0000000000000000
Servicing hardware INT=0x20
   100: v=20 e=0000 i=0 cpl=0 IP=0008:0010117e pc=0010117e SP=0010:d0000fa9 env->regs[R_EAX]=00000741
EAX=00000741 EBX=00000022 ECX=000002a2 EDX=00000008
ESI=000b8000 EDI=00000700 EBP=d0000fb5 ESP=d0000fa9
EIP=0010117e EFL=00000202 [-------] CPL=0 II=0 A20=1 SMM=0 HLT=0
ES =0010 00000000 ffffffff 00cf9300 DPL=0 DS   [-WA]
CS =0008 00000000 ffffffff 00cf9a00 DPL=0 CS32 [-R-]
SS =0010 00000000 ffffffff 00cf9300 DPL=0 DS   [-WA]
DS =0010 00000000 ffffffff 00cf9300 DPL=0 DS   [-WA]
FS =0010 00000000 ffffffff 00cf9300 DPL=0 DS   [-WA]
GS =0010 00000000 ffffffff 00cf9300 DPL=0 DS   [-WA]
LDT=0000 00000000 0000ffff 00008200 DPL=0 LDT
TR =0000 00000000 0000ffff 00008b00 DPL=0 TSS32-busy
GDT=     00108008 00000017
IDT=     00108060 000007ff
CR0=80000011 CR2=00000000 CR3=00000000 CR4=00000000
DR0=00000000 DR1=00000000 DR2=00000000 DR3=00000000 
DR6=ffff0ff0 DR7=00000400
CCS=00000000 CCD=000002a2 CCO=EFLAGS
EFER=0000000000000000
Servicing hardware INT=0x20
   101: v=20 e=0000 i=0 cpl=0 IP=0008:0010117e pc=0010117e SP=0010:d0001fb2 env->regs[R_EAX]=00000742
EAX=00000742 EBX=0000001a ECX=0000024a EDX=00000007
ESI=000b8000 EDI=00000700 EBP=d0001fbe ESP=d0001fb2
EIP=0010117e EFL=00000202 [-------] CPL=0 II=0 A20=1 SMM=0 HLT=0
ES =0010 00000000 ffffffff 00cf9300 DPL=0 DS   [-WA]
CS =0008 00000000 ffffffff 00cf9a00 DPL=0 CS32 [-R-]
SS =0010 00000000 ffffffff 00cf9300 DPL=0 DS   [-WA]
DS =0010 00000000 ffffffff 00cf9300 DPL=0 DS   [-WA]
FS =0010 00000000 ffffffff 00cf9300 DPL=0 DS   [-WA]
GS =0010 00000000 ffffffff 00cf9300 DPL=0 DS   [-WA]
LDT=0000 00000000 0000ffff 00008200 DPL=0 LDT
TR =0000 00000000 0000ffff 00008b00 DPL=0 TSS32-busy
GDT=     00108008 00000017
IDT=     00108060 000007ff
CR0=80000011 CR2=00000000 CR3=00000000 CR4=00000000
DR0=00000000 DR1=00000000 DR2=00000000 DR3=00000000 
DR6=ffff0ff0 DR7=00000400
CCS=00000000 CCD=0000024a CCO=EFLAGS
EFER=0000000000000000
Servicing hardware INT=0x20
   102: v=20 e=0000 i=0 cpl=0 IP=0008:0010117e pc=0010117e SP=0010:00107fa4 env->regs[R_EAX]=00000730
EAX=00000730 EBX=00000006 ECX=000005f6 EDX=00000013
ESI=000b8000 EDI=00000700 EBP=00107fb0 ESP=00107fa4
EIP=0010117e EFL=00000206 [-----P-] CPL=0 II=0 A20=1 SMM=0 HLT=0
ES =0010 00000000 ffffffff 00cf9300 DPL=0 DS   [-WA]
CS =0008 00000000 ffffffff 00cf9a00 DPL=0 CS32 [-R-]
SS =0010 00000000 ffffffff 00cf9300 DPL=0 DS   [-WA]
DS =0010 00000000 ffffffff 00cf9300 DPL=0 DS   [-WA]
FS =0010 00000000 ffffffff 00cf9300 DPL=0 DS   [-WA]
GS =0010 00000000 ffffffff 00cf9300 DPL=0 DS   [-WA]
LDT=0000 00000000 0000ffff 00008200 DPL=0 LDT
TR =0000 00000000 0000ffff 00008b00 DPL=0 TSS32-busy
GDT=     00108008 00000017
IDT=     00108060 000007ff
CR0=80000011 CR2=00000000 CR3=00000000 CR4=00000000
DR0=00000000 DR1=00000000 DR2=00000000 DR3=00000000 
DR6=ffff0ff0 DR7=00000400
CCS=00000004 CCD=000005f6 CCO=EFLAGS
EFER=0000000000000000
Servicing hardware INT=0x20
   103: v=20 e=0000 i=0 cpl=0 IP=0008:0010117e pc=0010117e SP=0010:d0000fa9 env->regs[R_EAX]=00000741
EAX=00000741 EBX=0000004c ECX=000005ec EDX=00000012
ESI=000b8000 EDI=00000700 EBP=d0000fb5 ESP=d0000fa9
EIP=0010117e EFL=00000202 [-------] CPL=0 II=0 A20=1 SMM=0 HLT=0
ES =0010 00000000 ffffffff 00cf9300 DPL=0 DS   [-WA]
CS =0008 00000000 ffffffff 00cf9a00 DPL=0 CS32 [-R-]
SS =0010 00000000 ffffffff 00cf9300 DPL=0 DS   [-WA]
DS =0010 00000000 ffffffff 00cf9300 DPL=0 DS   [-WA]
FS =0010 00000000 ffffffff 00cf9300 DPL=0 DS   [-WA]
GS =0010 00000000 ffffffff 00cf9300 DPL=0 DS   [-WA]
LDT=0000 00000000 0000ffff 00008200 DPL=0 LDT
TR =0000 00000000 0000ffff 00008b00 DPL=0 TSS32-busy
GDT=     00108008 00000017
IDT=     00108060 000007ff
CR0=80000011 CR2=00000000 CR3=00000000 CR4=00000000
DR0=00000000 DR1=00000000 DR2=00000000 DR3=00000000 
DR6=ffff0ff0 DR7=00000400
CCS=00000000 CCD=000005ec CCO=EFLAGS
EFER=0000000000000000
Servicing hardware INT=0x20
   104: v=20 e=0000 i=0 cpl=0 IP=0008:0010117e pc=0010117e SP=0010:d0001fb2 env->regs[R_EAX]=00000742
EAX=00000742 EBX=0000002c ECX=000005cc EDX=00000012
ESI=000b8000 EDI=00000700 EBP=d0001fbe ESP=d0001fb2
EIP=0010117e EFL=00000206 [-----P-] CPL=0 II=0 A20=1 SMM=0 HLT=0
ES =0010 00000000 ffffffff 00cf9300 DPL=0 DS   [-WA]
CS =0008 00000000 ffffffff 00cf9a00 DPL=0 CS32 [-R-]
SS =0010 00000000 ffffffff 00cf9300 DPL=0 DS   [-WA]
DS =0010 00000000 ffffffff 00cf9300 DPL=0 DS   [-WA]
FS =0010 00000000 ffffffff 00cf9300 DPL=0 DS   [-WA]
GS =0010 00000000 ffffffff 00cf9300 DPL=0 DS   [-WA]
LDT=0000 00000000 0000ffff 00008200 DPL=0 LDT
TR =0000 00000000 0000ffff 00008b00 DPL=0 TSS32-busy
GDT=     00108008 00000017
IDT=     00108060 000007ff
CR0=80000011 CR2=00000000 CR3=00000000 CR4=00000000
DR0=00000000 DR1=00000000 DR2=00000000 DR3=00000000 
DR6=ffff0ff0 DR7=00000400
CCS=00000004 CCD=000005cc CCO=EFLAGS
EFER=0000000000000000
Servicing hardware INT=0x20
   105: v=20 e=0000 i=0 cpl=0 IP=0008:0010117e pc=0010117e SP=0010:00107fa4 env->regs[R_EAX]=00000730
EAX=00000730 EBX=0000001c ECX=0000079c EDX=00000018
ESI=000b8000 EDI=00000700 EBP=00107fb0 ESP=00107fa4
EIP=0010117e EFL=00000206 [-----P-] CPL=0 II=0 A20=1 SMM=0 HLT=0
ES =0010 00000000 ffffffff 00cf9300 DPL=0 DS   [-WA]
CS =0008 00000000 ffffffff 00cf9a00 DPL=0 CS32 [-R-]
SS =0010 00000000 ffffffff 00cf9300 DPL=0 DS   [-WA]
DS =0010 00000000 ffffffff 00cf9300 DPL=0 DS   [-WA]
FS =0010 00000000 ffffffff 00cf9300 DPL=0 DS   [-WA]
GS =0010 00000000 ffffffff 00cf9300 DPL=0 DS   [-WA]
LDT=0000 00000000 0000ffff 00008200 DPL=0 LDT
TR =0000 00000000 0000ffff 00008b00 DPL=0 TSS32-busy
GDT=     00108008 00000017
IDT=     00108060 000007ff
CR0=80000011 CR2=00000000 CR3=00000000 CR4=00000000
DR0=00000000 DR1=00000000 DR2=00000000 DR3=00000000 
DR6=ffff0ff0 DR7=00000400
CCS=00000004 CCD=0000079c CCO=EFLAGS
EFER=0000000000000000
Servicing hardware INT=0x20
   106: v=20 e=0000 i=0 cpl=0 IP=0008:0010117e pc=0010117e SP=0010:d0000fa9 env->regs[R_EAX]=00000741
EAX=00000741 EBX=0000000e ECX=000000fe EDX=00000003
ESI=000b8000 EDI=00000700 EBP=d0000fb5 ESP=d0000fa9
EIP=0010117e EFL=00000202 [-------] CPL=0 II=0 A20=1 SMM=0 HLT=0
ES =0010 00000000 ffffffff 00cf9300 DPL=0 DS   [-WA]
CS =0008 00000000 ffffffff 00cf9a00 DPL=0 CS32 [-R-]
SS =0010 00000000 ffffffff 00cf9300 DPL=0 DS   [-WA]
DS =0010 00000000 ffffffff 00cf9300 DPL=0 DS   [-WA]
FS =0010 00000000 ffffffff 00cf9300 DPL=0 DS   [-WA]
GS =0010 00000000 ffffffff 00cf9300 DPL=0 DS   [-WA]
LDT=0000 00000000 0000ffff 00008200 DPL=0 LDT
TR =0000 00000000 0000ffff 00008b00 DPL=0 TSS32-busy
GDT=     00108008 00000017
IDT=     00108060 000007ff
CR0=80000011 CR2=00000000 CR3=00000000 CR4=00000000
DR0=00000000 DR1=00000000 DR2=00000000 DR3=00000000 
DR6=ffff0ff0 DR7=00000400
CCS=00000000 CCD=000000fe CCO=EFLAGS
EFER=0000000000000000
Servicing hardware INT=0x20
   107: v=20 e=0000 i=0 cpl=0 IP=0008:0010117e pc=0010117e SP=0010:d0001fb2 env->regs[R_EAX]=00000742
EAX=00000742 EBX=00000005 ECX=000005f5 EDX=00000013
ESI=000b8000 EDI=00000700 EBP=d0001fbe ESP=d0001fb2
EIP=0010117e EFL=00000206 [-----P-] CPL=0 II=0 A20=1 SMM=0 HLT=0
ES =0010 00000000 ffffffff 00cf9300 DPL=0 DS   [-WA]
CS =0008 00000000 ffffffff 00cf9a00 DPL=0 CS32 [-R-]
SS =0010 00000000 ffffffff 00cf9300 DPL=0 DS   [-WA]
DS =0010 00000000 ffffffff 00cf9300 DPL=0 DS   [-WA]
FS =0010 00000000 ffffffff 00cf9300 DPL=0 DS   [-WA]
GS =0010 00000000 ffffffff 00cf9300 DPL=0 DS   [-WA]
LDT=0000 00000000 0000ffff 00008200 DPL=0 LDT
TR =0000 00000000 0000ffff 00008b00 DPL=0 TSS32-busy
GDT=     00108008 00000017
IDT=     00108060 000007ff
CR0=80000011 CR2=00000000 CR3=00000000 CR4=00000000
DR0=00000000 DR1=00000000 DR2=00000000 DR3=00000000 
DR6=ffff0ff0 DR7=00000400
CCS=00000004 CCD=000005f5 CCO=EFLAGS
EFER=0000000000000000
Servicing hardware INT=0x20
   108: v=20 e=0000 i=0 cpl=0 IP=0008:0010117e pc=0010117e SP=0010:00107fa4 env->regs[R_EAX]=00000730
EAX=00000730 EBX=0000001c ECX=0000074c EDX=00000017
ESI=000b8000 EDI=00000700 EBP=00107fb0 ESP=00107fa4
EIP=0010117e EFL=00000202 [-------] CPL=0 II=0 A20=1 SMM=0 HLT=0
ES =0010 00000000 ffffffff 00cf9300 DPL=0 DS   [-WA]
CS =0008 00000000 ffffffff 00cf9a00 DPL=0 CS32 [-R-]
SS =0010 00000000 ffffffff 00cf9300 DPL=0 DS   [-WA]
DS =0010 00000000 ffffffff 00cf9300 DPL=0 DS   [-WA]
FS =0010 00000000 ffffffff 00cf9300 DPL=0 DS   [-WA]
GS =0010 00000000 ffffffff 00cf9300 DPL=0 DS   [-WA]
LDT=0000 00000000 0000ffff 00008200 DPL=0 LDT
TR =0000 00000000 0000ffff 00008b00 DPL=0 TSS32-busy
GDT=     00108008 00000017
IDT=     00108060 000007ff
CR0=80000011 CR2=00000000 CR3=00000000 CR4=00000000
DR0=00000000 DR1=00000000 DR2=00000000 DR3=00000000 
DR6=ffff0ff0 DR7=00000400
CCS=00000000 CCD=0000074c CCO=EFLAGS
EFER=0000000000000000
Servicing hardware INT=0x20
   109: v=20 e=0000 i=0 cpl=0 IP=0008:0010117e pc=0010117e SP=0010:d0000fa9 env->regs[R_EAX]=00000741
EAX=00000741 EBX=00000008 ECX=000000a8 EDX=00000002
ESI=000b8000 EDI=00000700 EBP=d0000fb5 ESP=d0000fa9
EIP=0010117e EFL=00000202 [-------] CPL=0 II=0 A20=1 SMM=0 HLT=0
ES =0010 00000000 ffffffff 00cf9300 DPL=0 DS   [-WA]
CS =0008 00000000 ffffffff 00cf9a00 DPL=0 CS32 [-R-]
SS =0010 00000000 ffffffff 00cf9300 DPL=0 DS   [-WA]
DS =0010 00000000 ffffffff 00cf9300 DPL=0 DS   [-WA]
FS =0010 00000000 ffffffff 00cf9300 DPL=0 DS   [-WA]
GS =0010 00000000 ffffffff 00cf9300 DPL=0 DS   [-WA]
LDT=0000 00000000 0000ffff 00008200 DPL=0 LDT
TR =0000 00000000 0000ffff 00008b00 DPL=0 TSS32-busy
GDT=     00108008 00000017
IDT=     00108060 000007ff
CR0=80000011 CR2=00000000 CR3=00000000 CR4=00000000
DR0=00000000 DR1=00000000 DR2=00000000 DR3=00000000 
DR6=ffff0ff0 DR7=00000400
CCS=00000000 CCD=000000a8 CCO=EFLAGS
EFER=0000000000000000
Servicing hardware INT=0x20
   110: v=20 e=0000 i=0 cpl=0 IP=0008:0010117e pc=0010117e SP=0010:d0001fb2 env->regs[R_EAX]=00000742
EAX=00000742 EBX=00000034 ECX=000004e4 EDX=0000000f
ESI=000b8000 EDI=00000700 EBP=d0001fbe ESP=d0001fb2
EIP=0010117e EFL=00000206 [-----P-] CPL=0 II=0 A20=1 SMM=0 HLT=0
ES =0010 00000000 ffffffff 00cf9300 DPL=0 DS   [-WA]
CS =0008 00000000 ffffffff 00cf9a00 DPL=0 CS32 [-R-]
SS =0010 00000000 ffffffff 00cf9300 DPL=0 DS   [-WA]
DS =0010 00000000 ffffffff 00cf9300 DPL=0 DS   [-WA]
FS =0010 00000000 ffffffff 00cf9300 DPL=0 DS   [-WA]
GS =0010 00000000 ffffffff 00cf9300 DPL=0 DS   [-WA]
LDT=0000 00000000 0000ffff 00008200 DPL=0 LDT
TR =0000 00000000 0000ffff 00008b00 DPL=0 TSS32-busy
GDT=     00108008 00000017
IDT=     00108060 000007ff
CR0=80000011 CR2=00000000 CR3=00000000 CR4=00000000
DR0=00000000 DR1=00000000 DR2=00000000 DR3=00000000 
DR6=ffff0ff0 DR7=00000400
CCS=00000004 CCD=000004e4 CCO=EFLAGS
EFER=0000000000000000
Servicing hardware INT=0x20
   111: v=20 e=0000 i=0 cpl=0 IP=0008:0010117e pc=0010117e SP=0010:00107fa4 env->regs[R_EAX]=00000730
EAX=00000730 EBX=00000047 ECX=00000097 EDX=00000001
ESI=000b8000 EDI=00000700 EBP=00107fb0 ESP=00107fa4
EIP=0010117e EFL=00000202 [-------] CPL=0 II=0 A20=1 SMM=0 HLT=0
ES =0010 00000000 ffffffff 00cf9300 DPL=0 DS   [-WA]
CS =0008 00000000 ffffffff 00cf9a00 DPL=0 CS32 [-R-]
SS =0010 00000000 ffffffff 00cf9300 DPL=0 DS   [-WA]
DS =0010 00000000 ffffffff 00cf9300 DPL=0 DS   [-WA]
FS =0010 00000000 ffffffff 00cf9300 DPL=0 DS   [-WA]
GS =0010 00000000 ffffffff 00cf9300 DPL=0 DS   [-WA]
LDT=0000 00000000 0000ffff 00008200 DPL=0 LDT
TR =0000 00000000 0000ffff 00008b00 DPL=0 TSS32-busy
GDT=     00108008 00000017
IDT=     00108060 000007ff
CR0=80000011 CR2=00000000 CR3=00000000 CR4=00000000
DR0=00000000 DR1=00000000 DR2=00000000 DR3=00000000 
DR6=ffff0ff0 DR7=00000400
CCS=00000000 CCD=00000097 CCO=EFLAGS
EFER=0000000000000000
Servicing hardware INT=0x20
   112: v=20 e=0000 i=0 cpl=0 IP=0008:0010117e pc=0010117e SP=0010:d0000fa9 env->regs[R_EAX]=00000741
EAX=00000741 EBX=0000003f ECX=000003af EDX=0000000b
ESI=000b8000 EDI=00000700 EBP=d0000fb5 ESP=d0000fa9
EIP=0010117e EFL=00000206 [-----P-] CPL=0 II=0 A20=1 SMM=0 HLT=0
ES =0010 00000000 ffffffff 00cf9300 DPL=0 DS   [-WA]
CS =0008 00000000 ffffffff 00cf9a00 DPL=0 CS32 [-R-]
SS =0010 00000000 ffffffff 00cf9300 DPL=0 DS   [-WA]
DS =0010 00000000 ffffffff 00cf9300 DPL=0 DS   [-WA]
FS =0010 00000000 ffffffff 00cf9300 DPL=0 DS   [-WA]
GS =0010 00000000 ffffffff 00cf9300 DPL=0 DS   [-WA]
LDT=0000 00000000 0000ffff 00008200 DPL=0 LDT
TR =0000 00000000 0000ffff 00008b00 DPL=0 TSS32-busy
GDT=     00108008 00000017
IDT=     00108060 000007ff
CR0=80000011 CR2=00000000 CR3=00000000 CR4=00000000
DR0=00000000 DR1=00000000 DR2=00000000 DR3=00000000 
DR6=ffff0ff0 DR7=00000400
CCS=00000004 CCD=000003af CCO=EFLAGS
EFER=0000000000000000
Servicing hardware INT=0x20
   113: v=20 e=0000 i=0 cpl=0 IP=0008:0010117e pc=0010117e SP=0010:d0001fb2 env->regs[R_EAX]=00000742
EAX=00000742 EBX=0000001f ECX=000002ef EDX=00000009
ESI=000b8000 EDI=00000700 EBP=d0001fbe ESP=d0001fb2
EIP=0010117e EFL=00000202 [-------] CPL=0 II=0 A20=1 SMM=0 HLT=0
ES =0010 00000000 ffffffff 00cf9300 DPL=0 DS   [-WA]
CS =0008 00000000 ffffffff 00cf9a00 DPL=0 CS32 [-R-]
SS =0010 00000000 ffffffff 00cf9300 DPL=0 DS   [-WA]
DS =0010 00000000 ffffffff 00cf9300 DPL=0 DS   [-WA]
FS =0010 00000000 ffffffff 00cf9300 DPL=0 DS   [-WA]
GS =0010 00000000 ffffffff 00cf9300 DPL=0 DS   [-WA]
LDT=0000 00000000 0000ffff 00008200 DPL=0 LDT
TR =0000 00000000 0000ffff 00008b00 DPL=0 TSS32-busy
GDT=     00108008 00000017
IDT=     00108060 000007ff
CR0=80000011 CR2=00000000 CR3=00000000 CR4=00000000
DR0=00000000 DR1=00000000 DR2=00000000 DR3=00000000 
DR6=ffff0ff0 DR7=00000400
CCS=00000000 CCD=000002ef CCO=EFLAGS
EFER=0000000000000000
Servicing hardware INT=0x20
   114: v=20 e=0000 i=0 cpl=0 IP=0008:0010117e pc=0010117e SP=0010:00107fa4 env->regs[R_EAX]=00000730
EAX=00000730 EBX=00000029 ECX=00000119 EDX=00000003
ESI=000b8000 EDI=00000700 EBP=00107fb0 ESP=00107fa4
EIP=0010117e EFL=00000202 [-------] CPL=0 II=0 A20=1 SMM=0 HLT=0
ES =0010 00000000 ffffffff 00cf9300 DPL=0 DS   [-WA]
CS =0008 00000000 ffffffff 00cf9a00 DPL=0 CS32 [-R-]
SS =0010 00000000 ffffffff 00cf9300 DPL=0 DS   [-WA]
DS =0010 00000000 ffffffff 00cf9300 DPL=0 DS   [-WA]
FS =0010 00000000 ffffffff 00cf9300 DPL=0 DS   [-WA]
GS =0010 00000000 ffffffff 00cf9300 DPL=0 DS   [-WA]
LDT=0000 00000000 0000ffff 00008200 DPL=0 LDT
TR =0000 00000000 0000ffff 00008b00 DPL=0 TSS32-busy
GDT=     00108008 00000017
IDT=     00108060 000007ff
CR0=80000011 CR2=00000000 CR3=00000000 CR4=00000000
DR0=00000000 DR1=00000000 DR2=00000000 DR3=00000000 
DR6=ffff0ff0 DR7=00000400
CCS=00000000 CCD=00000119 CCO=EFLAGS
EFER=0000000000000000
Servicing hardware INT=0x20
   115: v=20 e=0000 i=0 cpl=0 IP=0008:0010117e pc=0010117e SP=0010:d0000fa9 env->regs[R_EAX]=00000741
EAX=00000741 EBX=00000040 ECX=000003b0 EDX=0000000b
ESI=000b8000 EDI=00000700 EBP=d0000fb5 ESP=d0000fa9
EIP=0010117e EFL=00000202 [-------] CPL=0 II=0 A20=1 SMM=0 HLT=0
ES =0010 00000000 ffffffff 00cf9300 DPL=0 DS   [-WA]
CS =0008 00000000 ffffffff 00cf9a00 DPL=0 CS32 [-R-]
SS =0010 00000000 ffffffff 00cf9300 DPL=0 DS   [-WA]
DS =0010 00000000 ffffffff 00cf9300 DPL=0 DS   [-WA]
FS =0010 00000000 ffffffff 00cf9300 DPL=0 DS   [-WA]
GS =0010 00000000 ffffffff 00cf9300 DPL=0 DS   [-WA]
LDT=0000 00000000 0000ffff 00008200 DPL=0 LDT
TR =0000 00000000 0000ffff 00008b00 DPL=0 TSS32-busy
GDT=     00108008 00000017
IDT=     00108060 000007ff
CR0=80000011 CR2=00000000 CR3=00000000 CR4=00000000
DR0=00000000 DR1=00000000 DR2=00000000 DR3=00000000 
DR6=ffff0ff0 DR7=00000400
CCS=00000000 CCD=000003b0 CCO=EFLAGS
EFER=0000000000000000
Servicing hardware INT=0x20
   116: v=20 e=0000 i=0 cpl=0 IP=0008:0010117e pc=0010117e SP=0010:d0001fb2 env->regs[R_EAX]=00000742
EAX=00000742 EBX=00000009 ECX=00000699 EDX=00000015
ESI=000b8000 EDI=00000700 EBP=d0001fbe ESP=d0001fb2
EIP=0010117e EFL=00000206 [-----P-] CPL=0 II=0 A20=1 SMM=0 HLT=0
ES =0010 00000000 ffffffff 00cf9300 DPL=0 DS   [-WA]
CS =0008 00000000 ffffffff 00cf9a00 DPL=0 CS32 [-R-]
SS =0010 00000000 ffffffff 00cf9300 DPL=0 DS   [-WA]
DS =0010 00000000 ffffffff 00cf9300 DPL=0 DS   [-WA]
FS =0010 00000000 ffffffff 00cf9300 DPL=0 DS   [-WA]
GS =0010 00000000 ffffffff 00cf9300 DPL=0 DS   [-WA]
LDT=0000 00000000 0000ffff 00008200 DPL=0 LDT
TR =0000 00000000 0000ffff 00008b00 DPL=0 TSS32-busy
GDT=     00108008 00000017
IDT=     00108060 000007ff
CR0=80000011 CR2=00000000 CR3=00000000 CR4=00000000
DR0=00000000 DR1=00000000 DR2=00000000 DR3=00000000 
DR6=ffff0ff0 DR7=00000400
CCS=00000004 CCD=00000699 CCO=EFLAGS
EFER=0000000000000000
Servicing hardware INT=0x20
   117: v=20 e=0000 i=0 cpl=0 IP=0008:0010117e pc=0010117e SP=0010:00107fa4 env->regs[R_EAX]=00000730
EAX=00000730 EBX=0000004a ECX=000007ca EDX=00000018
ESI=000b8000 EDI=00000700 EBP=00107fb0 ESP=00107fa4
EIP=0010117e EFL=00000206 [-----P-] CPL=0 II=0 A20=1 SMM=0 HLT=0
ES =0010 00000000 ffffffff 00cf9300 DPL=0 DS   [-WA]
CS =0008 00000000 ffffffff 00cf9a00 DPL=0 CS32 [-R-]
SS =0010 00000000 ffffffff 00cf9300 DPL=0 DS   [-WA]
DS =0010 00000000 ffffffff 00cf9300 DPL=0 DS   [-WA]
FS =0010 00000000 ffffffff 00cf9300 DPL=0 DS   [-WA]
GS =0010 00000000 ffffffff 00cf9300 DPL=0 DS   [-WA]
LDT=0000 00000000 0000ffff 00008200 DPL=0 LDT
TR =0000 00000000 0000ffff 00008b00 DPL=0 TSS32-busy
GDT=     00108008 00000017
IDT=     00108060 000007ff
CR0=80000011 CR2=00000000 CR3=00000000 CR4=00000000
DR0=00000000 DR1=00000000 DR2=00000000 DR3=00000000 
DR6=ffff0ff0 DR7=00000400
CCS=00000004 CCD=000007ca CCO=EFLAGS
EFER=0000000000000000
Servicing hardware INT=0x20
   118: v=20 e=0000 i=0 cpl=0 IP=0008:0010117e pc=0010117e SP=0010:d0000fa9 env->regs[R_EAX]=00000741
EAX=00000741 EBX=00000038 ECX=000004e8 EDX=0000000f
ESI=000b8000 EDI=00000700 EBP=d0000fb5 ESP=d0000fa9
EIP=0010117e EFL=00000206 [-----P-] CPL=0 II=0 A20=1 SMM=0 HLT=0
ES =0010 00000000 ffffffff 00cf9300 DPL=0 DS   [-WA]
CS =0008 00000000 ffffffff 00cf9a00 DPL=0 CS32 [-R-]
SS =0010 00000000 ffffffff 00cf9300 DPL=0 DS   [-WA]
DS =0010 00000000 ffffffff 00cf9300 DPL=0 DS   [-WA]
FS =0010 00000000 ffffffff 00cf9300 DPL=0 DS   [-WA]
GS =0010 00000000 ffffffff 00cf9300 DPL=0 DS   [-WA]
LDT=0000 00000000 0000ffff 00008200 DPL=0 LDT
TR =0000 00000000 0000ffff 00008b00 DPL=0 TSS32-busy
GDT=     00108008 00000017
IDT=     00108060 000007ff
CR0=80000011 CR2=00000000 CR3=00000000 CR4=00000000
DR0=00000000 DR1=00000000 DR2=00000000 DR3=00000000 
DR6=ffff0ff0 DR7=00000400
CCS=00000004 CCD=000004e8 CCO=EFLAGS
EFER=0000000000000000
Servicing hardware INT=0x20
   119: v=20 e=0000 i=0 cpl=0 IP=0008:0010117e pc=0010117e SP=0010:d0001fb2 env->regs[R_EAX]=00000742
EAX=00000742 EBX=00000000 ECX=00000140 EDX=00000004
ESI=000b8000 EDI=00000700 EBP=d0001fbe ESP=d0001fb2
EIP=0010117e EFL=00000202 [-------] CPL=0 II=0 A20=1 SMM=0 HLT=0
ES =0010 00000000 ffffffff 00cf9300 DPL=0 DS   [-WA]
CS =0008 00000000 ffffffff 00cf9a00 DPL=0 CS32 [-R-]
SS =0010 00000000 ffffffff 00cf9300 DPL=0 DS   [-WA]
DS =0010 00000000 ffffffff 00cf9300 DPL=0 DS   [-WA]
FS =0010 00000000 ffffffff 00cf9300 DPL=0 DS   [-WA]
GS =0010 00000000 ffffffff 00cf9300 DPL=0 DS   [-WA]
LDT=0000 00000000 0000ffff 00008200 DPL=0 LDT
TR =0000 00000000 0000ffff 00008b00 DPL=0 TSS32-busy
GDT=     00108008 00000017
IDT=     00108060 000007ff
CR0=80000011 CR2=00000000 CR3=00000000 CR4=00000000
DR0=00000000 DR1=00000000 DR2=00000000 DR3=00000000 
DR6=ffff0ff0 DR7=00000400
CCS=00000000 CCD=00000140 CCO=EFLAGS
EFER=0000000000000000
Servicing hardware INT=0x20
   120: v=20 e=0000 i=0 cpl=0 IP=0008:0010117e pc=0010117e SP=0010:00107fa4 env->regs[R_EAX]=00000730
EAX=00000730 EBX=0000001b ECX=0000038b EDX=0000000b
ESI=000b8000 EDI=00000700 EBP=00107fb0 ESP=00107fa4
EIP=0010117e EFL=00000206 [-----P-] CPL=0 II=0 A20=1 SMM=0 HLT=0
ES =0010 00000000 ffffffff 00cf9300 DPL=0 DS   [-WA]
CS =0008 00000000 ffffffff 00cf9a00 DPL=0 CS32 [-R-]
SS =0010 00000000 ffffffff 00cf9300 DPL=0 DS   [-WA]
DS =0010 00000000 ffffffff 00cf9300 DPL=0 DS   [-WA]
FS =0010 00000000 ffffffff 00cf9300 DPL=0 DS   [-WA]
GS =0010 00000000 ffffffff 00cf9300 DPL=0 DS   [-WA]
LDT=0000 00000000 0000ffff 00008200 DPL=0 LDT
TR =0000 00000000 0000ffff 00008b00 DPL=0 TSS32-busy
GDT=     00108008 00000017
IDT=     00108060 000007ff
CR0=80000011 CR2=00000000 CR3=00000000 CR4=00000000
DR0=00000000 DR1=00000000 DR2=00000000 DR3=00000000 
DR6=ffff0ff0 DR7=00000400
CCS=00000004 CCD=0000038b CCO=EFLAGS
EFER=0000000000000000
Servicing hardware INT=0x20
   121: v=20 e=0000 i=0 cpl=0 IP=0008:0010117e pc=0010117e SP=0010:d0000fa9 env->regs[R_EAX]=00000741
EAX=00000741 EBX=00000040 ECX=00000090 EDX=00000001
ESI=000b8000 EDI=00000700 EBP=d0000fb5 ESP=d0000fa9
EIP=0010117e EFL=00000206 [-----P-] CPL=0 II=0 A20=1 SMM=0 HLT=0
ES =0010 00000000 ffffffff 00cf9300 DPL=0 DS   [-WA]
CS =0008 00000000 ffffffff 00cf9a00 DPL=0 CS32 [-R-]
SS =0010 00000000 ffffffff 00cf9300 DPL=0 DS   [-WA]
DS =0010 00000000 ffffffff 00cf9300 DPL=0 DS   [-WA]
FS =0010 00000000 ffffffff 00cf9300 DPL=0 DS   [-WA]
GS =0010 00000000 ffffffff 00cf9300 DPL=0 DS   [-WA]
LDT=0000 00000000 0000ffff 00008200 DPL=0 LDT
TR =0000 00000000 0000ffff 00008b00 DPL=0 TSS32-busy
GDT=     00108008 00000017
IDT=     00108060 000007ff
CR0=80000011 CR2=00000000 CR3=00000000 CR4=00000000
DR0=00000000 DR1=00000000 DR2=00000000 DR3=00000000 
DR6=ffff0ff0 DR7=00000400
CCS=00000004 CCD=00000090 CCO=EFLAGS
EFER=0000000000000000
Servicing hardware INT=0x20
   122: v=20 e=0000 i=0 cpl=0 IP=0008:0010117e pc=0010117e SP=0010:d0001fb2 env->regs[R_EAX]=00000742
EAX=00000742 EBX=00000045 ECX=00000545 EDX=00000010
ESI=000b8000 EDI=00000700 EBP=d0001fbe ESP=d0001fb2
EIP=0010117e EFL=00000202 [-------] CPL=0 II=0 A20=1 SMM=0 HLT=0
ES =0010 00000000 ffffffff 00cf9300 DPL=0 DS   [-WA]
CS =0008 00000000 ffffffff 00cf9a00 DPL=0 CS32 [-R-]
SS =0010 00000000 ffffffff 00cf9300 DPL=0 DS   [-WA]
DS =0010 00000000 ffffffff 00cf9300 DPL=0 DS   [-WA]
FS =0010 00000000 ffffffff 00cf9300 DPL=0 DS   [-WA]
GS =0010 00000000 ffffffff 00cf9300 DPL=0 DS   [-WA]
LDT=0000 00000000 0000ffff 00008200 DPL=0 LDT
TR =0000 00000000 0000ffff 00008b00 DPL=0 TSS32-busy
GDT=     00108008 00000017
IDT=     00108060 000007ff
CR0=80000011 CR2=00000000 CR3=00000000 CR4=00000000
DR0=00000000 DR1=00000000 DR2=00000000 DR3=00000000 
DR6=ffff0ff0 DR7=00000400
CCS=00000000 CCD=00000545 CCO=EFLAGS
EFER=0000000000000000
Servicing hardware INT=0x20
   123: v=20 e=0000 i=0 cpl=0 IP=0008:0010117e pc=0010117e SP=0010:00107fa4 env->regs[R_EAX]=00000730
EAX=00000730 EBX=0000004f ECX=000000ef EDX=00000002
ESI=000b8000 EDI=00000700 EBP=00107fb0 ESP=00107fa4
EIP=0010117e EFL=00000202 [-------] CPL=0 II=0 A20=1 SMM=0 HLT=0
ES =0010 00000000 ffffffff 00cf9300 DPL=0 DS   [-WA]
CS =0008 00000000 ffffffff 00cf9a00 DPL=0 CS32 [-R-]
SS =0010 00000000 ffffffff 00cf9300 DPL=0 DS   [-WA]
DS =0010 00000000 ffffffff 00cf9300 DPL=0 DS   [-WA]
FS =0010 00000000 ffffffff 00cf9300 DPL=0 DS   [-WA]
GS =0010 00000000 ffffffff 00cf9300 DPL=0 DS   [-WA]
LDT=0000 00000000 0000ffff 00008200 DPL=0 LDT
TR =0000 00000000 0000ffff 00008b00 DPL=0 TSS32-busy
GDT=     00108008 00000017
IDT=     00108060 000007ff
CR0=80000011 CR2=00000000 CR3=00000000 CR4=00000000
DR0=00000000 DR1=00000000 DR2=00000000 DR3=00000000 
DR6=ffff0ff0 DR7=00000400
CCS=00000000 CCD=000000ef CCO=EFLAGS
EFER=0000000000000000
Servicing hardware INT=0x20
   124: v=20 e=0000 i=0 cpl=0 IP=0008:0010117e pc=0010117e SP=0010:d0000fa9 env->regs[R_EAX]=00000741
EAX=00000741 EBX=0000001e ECX=0000001e EDX=00000000
ESI=000b8000 EDI=00000700 EBP=d0000fb5 ESP=d0000fa9
EIP=0010117e EFL=00000206 [-----P-] CPL=0 II=0 A20=1 SMM=0 HLT=0
ES =0010 00000000 ffffffff 00cf9300 DPL=0 DS   [-WA]
CS =0008 00000000 ffffffff 00cf9a00 DPL=0 CS32 [-R-]
SS =0010 00000000 ffffffff 00cf9300 DPL=0 DS   [-WA]
DS =0010 00000000 ffffffff 00cf9300 DPL=0 DS   [-WA]
FS =0010 00000000 ffffffff 00cf9300 DPL=0 DS   [-WA]
GS =0010 00000000 ffffffff 00cf9300 DPL=0 DS   [-WA]
LDT=0000 00000000 0000ffff 00008200 DPL=0 LDT
TR =0000 00000000 0000ffff 00008b00 DPL=0 TSS32-busy
GDT=     00108008 00000017
IDT=     00108060 000007ff
CR0=80000011 CR2=00000000 CR3=00000000 CR4=00000000
DR0=00000000 DR1=00000000 DR2=00000000 DR3=00000000 
DR6=ffff0ff0 DR7=00000400
CCS=00000004 CCD=0000001e CCO=EFLAGS
EFER=0000000000000000
Servicing hardware INT=0x20
   125: v=20 e=0000 i=0 cpl=0 IP=0008:0010117e pc=0010117e SP=0010:d0001fb2 env->regs[R_EAX]=00000742
EAX=00000742 EBX=00000038 ECX=00000678 EDX=00000014
ESI=000b8000 EDI=00000700 EBP=d0001fbe ESP=d0001fb2
EIP=0010117e EFL=00000206 [-----P-] CPL=0 II=0 A20=1 SMM=0 HLT=0
ES =0010 00000000 ffffffff 00cf9300 DPL=0 DS   [-WA]
CS =0008 00000000 ffffffff 00cf9a00 DPL=0 CS32 [-R-]
SS =0010 00000000 ffffffff 00cf9300 DPL=0 DS   [-WA]
DS =0010 00000000 ffffffff 00cf9300 DPL=0 DS   [-WA]
FS =0010 00000000 ffffffff 00cf9300 DPL=0 DS   [-WA]
GS =0010 00000000 ffffffff 00cf9300 DPL=0 DS   [-WA]
LDT=0000 00000000 0000ffff 00008200 DPL=0 LDT
TR =0000 00000000 0000ffff 00008b00 DPL=0 TSS32-busy
GDT=     00108008 00000017
IDT=     00108060 000007ff
CR0=80000011 CR2=00000000 CR3=00000000 CR4=00000000
DR0=00000000 DR1=00000000 DR2=00000000 DR3=00000000 
DR6=ffff0ff0 DR7=00000400
CCS=00000004 CCD=00000678 CCO=EFLAGS
EFER=0000000000000000
Servicing hardware INT=0x20
   126: v=20 e=0000 i=0 cpl=0 IP=0008:0010117e pc=0010117e SP=0010:00107fa4 env->regs[R_EAX]=00000730
EAX=00000730 EBX=0000000f ECX=0000014f EDX=00000004
ESI=000b8000 EDI=00000700 EBP=00107fb0 ESP=00107fa4
EIP=0010117e EFL=00000202 [-------] CPL=0 II=0 A20=1 SMM=0 HLT=0
ES =0010 00000000 ffffffff 00cf9300 DPL=0 DS   [-WA]
CS =0008 00000000 ffffffff 00cf9a00 DPL=0 CS32 [-R-]
SS =0010 00000000 ffffffff 00cf9300 DPL=0 DS   [-WA]
DS =0010 00000000 ffffffff 00cf9300 DPL=0 DS   [-WA]
FS =0010 00000000 ffffffff 00cf9300 DPL=0 DS   [-WA]
GS =0010 00000000 ffffffff 00cf9300 DPL=0 DS   [-WA]
LDT=0000 00000000 0000ffff 00008200 DPL=0 LDT
TR =0000 00000000 0000ffff 00008b00 DPL=0 TSS32-busy
GDT=     00108008 00000017
IDT=     00108060 000007ff
CR0=80000011 CR2=00000000 CR3=00000000 CR4=00000000
DR0=00000000 DR1=00000000 DR2=00000000 DR3=00000000 
DR6=ffff0ff0 DR7=00000400
CCS=00000000 CCD=0000014f CCO=EFLAGS
EFER=0000000000000000
Servicing hardware INT=0x20
   127: v=20 e=0000 i=0 cpl=0 IP=0008:0010117e pc=0010117e SP=0010:d0000fa9 env->regs[R_EAX]=00000741
EAX=00000741 EBX=0000001b ECX=0000051b EDX=00000010
ESI=000b8000 EDI=00000700 EBP=d0000fb5 ESP=d0000fa9
EIP=0010117e EFL=00000206 [-----P-] CPL=0 II=0 A20=1 SMM=0 HLT=0
ES =0010 00000000 ffffffff 00cf9300 DPL=0 DS   [-WA]
CS =0008 00000000 ffffffff 00cf9a00 DPL=0 CS32 [-R-]
SS =0010 00000000 ffffffff 00cf9300 DPL=0 DS   [-WA]
DS =0010 00000000 ffffffff 00cf9300 DPL=0 DS   [-WA]
FS =0010 00000000 ffffffff 00cf9300 DPL=0 DS   [-WA]
GS =0010 00000000 ffffffff 00cf9300 DPL=0 DS   [-WA]
LDT=0000 00000000 0000ffff 00008200 DPL=0 LDT
TR =0000 00000000 0000ffff 00008b00 DPL=0 TSS32-busy
GDT=     00108008 00000017
IDT=     00108060 000007ff
CR0=80000011 CR2=00000000 CR3=00000000 CR4=00000000
DR0=00000000 DR1=00000000 DR2=00000000 DR3=00000000 
DR6=ffff0ff0 DR7=00000400
CCS=00000004 CCD=0000051b CCO=EFLAGS
EFER=0000000000000000
Servicing hardware INT=0x20
   128: v=20 e=0000 i=0 cpl=0 IP=0008:0010117e pc=0010117e SP=0010:d0001fb2 env->regs[R_EAX]=00000742
EAX=00000742 EBX=00000026 ECX=00000756 EDX=00000017
ESI=000b8000 EDI=00000700 EBP=d0001fbe ESP=d0001fb2
EIP=0010117e EFL=00000206 [-----P-] CPL=0 II=0 A20=1 SMM=0 HLT=0
ES =0010 00000000 ffffffff 00cf9300 DPL=0 DS   [-WA]
CS =0008 00000000 ffffffff 00cf9a00 DPL=0 CS32 [-R-]
SS =0010 00000000 ffffffff 00cf9300 DPL=0 DS   [-WA]
DS =0010 00000000 ffffffff 00cf9300 DPL=0 DS   [-WA]
FS =0010 00000000 ffffffff 00cf9300 DPL=0 DS   [-WA]
GS =0010 00000000 ffffffff 00cf9300 DPL=0 DS   [-WA]
LDT=0000 00000000 0000ffff 00008200 DPL=0 LDT
TR =0000 00000000 0000ffff 00008b00 DPL=0 TSS32-busy
GDT=     00108008 00000017
IDT=     00108060 000007ff
CR0=80000011 CR2=00000000 CR3=00000000 CR4=00000000
DR0=00000000 DR1=00000000 DR2=00000000 DR3=00000000 
DR6=ffff0ff0 DR7=00000400
CCS=00000004 CCD=00000756 CCO=EFLAGS
EFER=0000000000000000
Servicing hardware INT=0x20
   129: v=20 e=0000 i=0 cpl=0 IP=0008:0010117e pc=0010117e SP=0010:00107fa4 env->regs[R_EAX]=00000730
EAX=00000730 EBX=0000002b ECX=000007ab EDX=00000018
ESI=000b8000 EDI=00000700 EBP=00107fb0 ESP=00107fa4
EIP=0010117e EFL=00000202 [-------] CPL=0 II=0 A20=1 SMM=0 HLT=0
ES =0010 00000000 ffffffff 00cf9300 DPL=0 DS   [-WA]
CS =0008 00000000 ffffffff 00cf9a00 DPL=0 CS32 [-R-]
SS =0010 00000000 ffffffff 00cf9300 DPL=0 DS   [-WA]
DS =0010 00000000 ffffffff 00cf9300 DPL=0 DS   [-WA]
FS =0010 00000000 ffffffff 00cf9300 DPL=0 DS   [-WA]
GS =0010 00000000 ffffffff 00cf9300 DPL=0 DS   [-WA]
LDT=0000 00000000 0000ffff 00008200 DPL=0 LDT
TR =0000 00000000 0000ffff 00008b00 DPL=0 TSS32-busy
GDT=     00108008 00000017
IDT=     00108060 000007ff
CR0=80000011 CR2=00000000 CR3=00000000 CR4=00000000
DR0=00000000 DR1=00000000 DR2=00000000 DR3=00000000 
DR6=ffff0ff0 DR7=00000400
CCS=00000000 CCD=000007ab CCO=EFLAGS
EFER=0000000000000000
Servicing hardware INT=0x20
   130: v=20 e=0000 i=0 cpl=0 IP=0008:0010117e pc=0010117e SP=0010:d0000fa9 env->regs[R_EAX]=00000741
EAX=00000741 EBX=0000004a ECX=0000004a EDX=00000000
ESI=000b8000 EDI=00000700 EBP=d0000fb5 ESP=d0000fa9
EIP=0010117e EFL=00000202 [-------] CPL=0 II=0 A20=1 SMM=0 HLT=0
ES =0010 00000000 ffffffff 00cf9300 DPL=0 DS   [-WA]
CS =0008 00000000 ffffffff 00cf9a00 DPL=0 CS32 [-R-]
SS =0010 00000000 ffffffff 00cf9300 DPL=0 DS   [-WA]
DS =0010 00000000 ffffffff 00cf9300 DPL=0 DS   [-WA]
FS =0010 00000000 ffffffff 00cf9300 DPL=0 DS   [-WA]
GS =0010 00000000 ffffffff 00cf9300 DPL=0 DS   [-WA]
LDT=0000 00000000 0000ffff 00008200 DPL=0 LDT
TR =0000 00000000 0000ffff 00008b00 DPL=0 TSS32-busy
GDT=     00108008 00000017
IDT=     00108060 000007ff
CR0=80000011 CR2=00000000 CR3=00000000 CR4=00000000
DR0=00000000 DR1=00000000 DR2=00000000 DR3=00000000 
DR6=ffff0ff0 DR7=00000400
CCS=00000000 CCD=0000004a CCO=EFLAGS
EFER=0000000000000000
Servicing hardware INT=0x20
   131: v=20 e=0000 i=0 cpl=0 IP=0008:0010117e pc=0010117e SP=0010:d0001fb2 env->regs[R_EAX]=00000742
EAX=00000742 EBX=00000046 ECX=00000096 EDX=00000001
ESI=000b8000 EDI=00000700 EBP=d0001fbe ESP=d0001fb2
EIP=0010117e EFL=00000206 [-----P-] CPL=0 II=0 A20=1 SMM=0 HLT=0
ES =0010 00000000 ffffffff 00cf9300 DPL=0 DS   [-WA]
CS =0008 00000000 ffffffff 00cf9a00 DPL=0 CS32 [-R-]
SS =0010 00000000 ffffffff 00cf9300 DPL=0 DS   [-WA]
DS =0010 00000000 ffffffff 00cf9300 DPL=0 DS   [-WA]
FS =0010 00000000 ffffffff 00cf9300 DPL=0 DS   [-WA]
GS =0010 00000000 ffffffff 00cf9300 DPL=0 DS   [-WA]
LDT=0000 00000000 0000ffff 00008200 DPL=0 LDT
TR =0000 00000000 0000ffff 00008b00 DPL=0 TSS32-busy
GDT=     00108008 00000017
IDT=     00108060 000007ff
CR0=80000011 CR2=00000000 CR3=00000000 CR4=00000000
DR0=00000000 DR1=00000000 DR2=00000000 DR3=00000000 
DR6=ffff0ff0 DR7=00000400
CCS=00000004 CCD=00000096 CCO=EFLAGS
EFER=0000000000000000
Servicing hardware INT=0x20
   132: v=20 e=0000 i=0 cpl=0 IP=0008:0010117e pc=0010117e SP=0010:00107fa4 env->regs[R_EAX]=00000730
EAX=00000730 EBX=00000008 ECX=00000148 EDX=00000004
ESI=000b8000 EDI=00000700 EBP=00107fb0 ESP=00107fa4
EIP=0010117e EFL=00000206 [-----P-] CPL=0 II=0 A20=1 SMM=0 HLT=0
ES =0010 00000000 ffffffff 00cf9300 DPL=0 DS   [-WA]
CS =0008 00000000 ffffffff 00cf9a00 DPL=0 CS32 [-R-]
SS =0010 00000000 ffffffff 00cf9300 DPL=0 DS   [-WA]
DS =0010 00000000 ffffffff 00cf9300 DPL=0 DS   [-WA]
FS =0010 00000000 ffffffff 00cf9300 DPL=0 DS   [-WA]
GS =0010 00000000 ffffffff 00cf9300 DPL=0 DS   [-WA]
LDT=0000 00000000 0000ffff 00008200 DPL=0 LDT
TR =0000 00000000 0000ffff 00008b00 DPL=0 TSS32-busy
GDT=     00108008 00000017
IDT=     00108060 000007ff
CR0=80000011 CR2=00000000 CR3=00000000 CR4=00000000
DR0=00000000 DR1=00000000 DR2=00000000 DR3=00000000 
DR6=ffff0ff0 DR7=00000400
CCS=00000004 CCD=00000148 CCO=EFLAGS
EFER=0000000000000000
Servicing hardware INT=0x20
   133: v=20 e=0000 i=0 cpl=0 IP=0008:0010117e pc=0010117e SP=0010:d0000fa9 env->regs[R_EAX]=00000741
EAX=00000741 EBX=0000004b ECX=0000027b EDX=00000007
ESI=000b8000 EDI=00000700 EBP=d0000fb5 ESP=d0000fa9
EIP=0010117e EFL=00000206 [-----P-] CPL=0 II=0 A20=1 SMM=0 HLT=0
ES =0010 00000000 ffffffff 00cf9300 DPL=0 DS   [-WA]
CS =0008 00000000 ffffffff 00cf9a00 DPL=0 CS32 [-R-]
SS =0010 00000000 ffffffff 00cf9300 DPL=0 DS   [-WA]
DS =0010 00000000 ffffffff 00cf9300 DPL=0 DS   [-WA]
FS =0010 00000000 ffffffff 00cf9300 DPL=0 DS   [-WA]
GS =0010 00000000 ffffffff 00cf9300 DPL=0 DS   [-WA]
LDT=0000 00000000 0000ffff 00008200 DPL=0 LDT
TR =0000 00000000 0000ffff 00008b00 DPL=0 TSS32-busy
GDT=     00108008 00000017
IDT=     00108060 000007ff
CR0=80000011 CR2=00000000 CR3=00000000 CR4=00000000
DR0=00000000 DR1=00000000 DR2=00000000 DR3=00000000 
DR6=ffff0ff0 DR7=00000400
CCS=00000004 CCD=0000027b CCO=EFLAGS
EFER=0000000000000000
Servicing hardware INT=0x20
   134: v=20 e=0000 i=0 cpl=0 IP=0008:0010117e pc=0010117e SP=0010:d0001fb2 env->regs[R_EAX]=00000742
EAX=00000742 EBX=0000002b ECX=000001bb EDX=00000005
ESI=000b8000 EDI=00000700 EBP=d0001fbe ESP=d0001fb2
EIP=0010117e EFL=00000206 [-----P-] CPL=0 II=0 A20=1 SMM=0 HLT=0
ES =0010 00000000 ffffffff 00cf9300 DPL=0 DS   [-WA]
CS =0008 00000000 ffffffff 00cf9a00 DPL=0 CS32 [-R-]
SS =0010 00000000 ffffffff 00cf9300 DPL=0 DS   [-WA]
DS =0010 00000000 ffffffff 00cf9300 DPL=0 DS   [-WA]
FS =0010 00000000 ffffffff 00cf9300 DPL=0 DS   [-WA]
GS =0010 00000000 ffffffff 00cf9300 DPL=0 DS   [-WA]
LDT=0000 00000000 0000ffff 00008200 DPL=0 LDT
TR =0000 00000000 0000ffff 00008b00 DPL=0 TSS32-busy
GDT=     00108008 00000017
IDT=     00108060 000007ff
CR0=80000011 CR2=00000000 CR3=00000000 CR4=00000000
DR0=00000000 DR1=00000000 DR2=00000000 DR3=00000000 
DR6=ffff0ff0 DR7=00000400
CCS=00000004 CCD=000001bb CCO=EFLAGS
EFER=0000000000000000
Servicing hardware INT=0x20
   135: v=20 e=0000 i=0 cpl=0 IP=0008:0010117e pc=0010117e SP=0010:00107fa4 env->regs[R_EAX]=00000730
EAX=00000730 EBX=0000002e ECX=000001be EDX=00000005
ESI=000b8000 EDI=00000700 EBP=00107fb0 ESP=00107fa4
EIP=0010117e EFL=00000206 [-----P-] CPL=0 II=0 A20=1 SMM=0 HLT=0
ES =0010 00000000 ffffffff 00cf9300 DPL=0 DS   [-WA]
CS =0008 00000000 ffffffff 00cf9a00 DPL=0 CS32 [-R-]
SS =0010 00000000 ffffffff 00cf9300 DPL=0 DS   [-WA]
DS =0010 00000000 ffffffff 00cf9300 DPL=0 DS   [-WA]
FS =0010 00000000 ffffffff 00cf9300 DPL=0 DS   [-WA]
GS =0010 00000000 ffffffff 00cf9300 DPL=0 DS   [-WA]
LDT=0000 00000000 0000ffff 00008200 DPL=0 LDT
TR =0000 00000000 0000ffff 00008b00 DPL=0 TSS32-busy
GDT=     00108008 00000017
IDT=     00108060 000007ff
CR0=80000011 CR2=00000000 CR3=00000000 CR4=00000000
DR0=00000000 DR1=00000000 DR2=00000000 DR3=00000000 
DR6=ffff0ff0 DR7=00000400
CCS=00000004 CCD=000001be CCO=EFLAGS
EFER=0000000000000000
Servicing hardware INT=0x20
   136: v=20 e=0000 i=0 cpl=0 IP=0008:0010117e pc=0010117e SP=0010:d0000fa9 env->regs[R_EAX]=00000741
EAX=00000741 EBX=0000001b ECX=0000056b EDX=00000011
ESI=000b8000 EDI=00000700 EBP=d0000fb5 ESP=d0000fa9
EIP=0010117e EFL=00000202 [-------] CPL=0 II=0 A20=1 SMM=0 HLT=0
ES =0010 00000000 ffffffff 00cf9300 DPL=0 DS   [-WA]
CS =0008 00000000 ffffffff 00cf9a00 DPL=0 CS32 [-R-]
SS =0010 00000000 ffffffff 00cf9300 DPL=0 DS   [-WA]
DS =0010 00000000 ffffffff 00cf9300 DPL=0 DS   [-WA]
FS =0010 00000000 ffffffff 00cf9300 DPL=0 DS   [-WA]
GS =0010 00000000 ffffffff 00cf9300 DPL=0 DS   [-WA]
LDT=0000 00000000 0000ffff 00008200 DPL=0 LDT
TR =0000 00000000 0000ffff 00008b00 DPL=0 TSS32-busy
GDT=     00108008 00000017
IDT=     00108060 000007ff
CR0=80000011 CR2=00000000 CR3=00000000 CR4=00000000
DR0=00000000 DR1=00000000 DR2=00000000 DR3=00000000 
DR6=ffff0ff0 DR7=00000400
CCS=00000000 CCD=0000056b CCO=EFLAGS
EFER=0000000000000000
Servicing hardware INT=0x20
   137: v=20 e=0000 i=0 cpl=0 IP=0008:0010117e pc=0010117e SP=0010:d0001fb2 env->regs[R_EAX]=00000742
EAX=00000742 EBX=0000003b ECX=0000035b EDX=0000000a
ESI=000b8000 EDI=00000700 EBP=d0001fbe ESP=d0001fb2
EIP=0010117e EFL=00000202 [-------] CPL=0 II=0 A20=1 SMM=0 HLT=0
ES =0010 00000000 ffffffff 00cf9300 DPL=0 DS   [-WA]
CS =0008 00000000 ffffffff 00cf9a00 DPL=0 CS32 [-R-]
SS =0010 00000000 ffffffff 00cf9300 DPL=0 DS   [-WA]
DS =0010 00000000 ffffffff 00cf9300 DPL=0 DS   [-WA]
FS =0010 00000000 ffffffff 00cf9300 DPL=0 DS   [-WA]
GS =0010 00000000 ffffffff 00cf9300 DPL=0 DS   [-WA]
LDT=0000 00000000 0000ffff 00008200 DPL=0 LDT
TR =0000 00000000 0000ffff 00008b00 DPL=0 TSS32-busy
GDT=     00108008 00000017
IDT=     00108060 000007ff
CR0=80000011 CR2=00000000 CR3=00000000 CR4=00000000
DR0=00000000 DR1=00000000 DR2=00000000 DR3=00000000 
DR6=ffff0ff0 DR7=00000400
CCS=00000000 CCD=0000035b CCO=EFLAGS
EFER=0000000000000000
Servicing hardware INT=0x20
   138: v=20 e=0000 i=0 cpl=0 IP=0008:0010117e pc=0010117e SP=0010:00107fa4 env->regs[R_EAX]=00000730
EAX=00000730 EBX=00000040 ECX=000004a0 EDX=0000000e
ESI=000b8000 EDI=00000700 EBP=00107fb0 ESP=00107fa4
EIP=0010117e EFL=00000206 [-----P-] CPL=0 II=0 A20=1 SMM=0 HLT=0
ES =0010 00000000 ffffffff 00cf9300 DPL=0 DS   [-WA]
CS =0008 00000000 ffffffff 00cf9a00 DPL=0 CS32 [-R-]
SS =0010 00000000 ffffffff 00cf9300 DPL=0 DS   [-WA]
DS =0010 00000000 ffffffff 00cf9300 DPL=0 DS   [-WA]
FS =0010 00000000 ffffffff 00cf9300 DPL=0 DS   [-WA]
GS =0010 00000000 ffffffff 00cf9300 DPL=0 DS   [-WA]
LDT=0000 00000000 0000ffff 00008200 DPL=0 LDT
TR =0000 00000000 0000ffff 00008b00 DPL=0 TSS32-busy
GDT=     00108008 00000017
IDT=     00108060 000007ff
CR0=80000011 CR2=00000000 CR3=00000000 CR4=00000000
DR0=00000000 DR1=00000000 DR2=00000000 DR3=00000000 
DR6=ffff0ff0 DR7=00000400
CCS=00000004 CCD=000004a0 CCO=EFLAGS
EFER=0000000000000000
Servicing hardware INT=0x20
   139: v=20 e=0000 i=0 cpl=0 IP=0008:0010117e pc=0010117e SP=0010:d0000fa9 env->regs[R_EAX]=00000741
EAX=00000741 EBX=0000001e ECX=000005be EDX=00000012
ESI=000b8000 EDI=00000700 EBP=d0000fb5 ESP=d0000fa9
EIP=0010117e EFL=00000206 [-----P-] CPL=0 II=0 A20=1 SMM=0 HLT=0
ES =0010 00000000 ffffffff 00cf9300 DPL=0 DS   [-WA]
CS =0008 00000000 ffffffff 00cf9a00 DPL=0 CS32 [-R-]
SS =0010 00000000 ffffffff 00cf9300 DPL=0 DS   [-WA]
DS =0010 00000000 ffffffff 00cf9300 DPL=0 DS   [-WA]
FS =0010 00000000 ffffffff 00cf9300 DPL=0 DS   [-WA]
GS =0010 00000000 ffffffff 00cf9300 DPL=0 DS   [-WA]
LDT=0000 00000000 0000ffff 00008200 DPL=0 LDT
TR =0000 00000000 0000ffff 00008b00 DPL=0 TSS32-busy
GDT=     00108008 00000017
IDT=     00108060 000007ff
CR0=80000011 CR2=00000000 CR3=00000000 CR4=00000000
DR0=00000000 DR1=00000000 DR2=00000000 DR3=00000000 
DR6=ffff0ff0 DR7=00000400
CCS=00000004 CCD=000005be CCO=EFLAGS
EFER=0000000000000000
Servicing hardware INT=0x20
   140: v=20 e=0000 i=0 cpl=0 IP=0008:0010117e pc=0010117e SP=0010:d0001fb2 env->regs[R_EAX]=00000742
EAX=00000742 EBX=00000035 ECX=000007b5 EDX=00000018
ESI=000b8000 EDI=00000700 EBP=d0001fbe ESP=d0001fb2
EIP=0010117e EFL=00000202 [-------] CPL=0 II=0 A20=1 SMM=0 HLT=0
ES =0010 00000000 ffffffff 00cf9300 DPL=0 DS   [-WA]
CS =0008 00000000 ffffffff 00cf9a00 DPL=0 CS32 [-R-]
SS =0010 00000000 ffffffff 00cf9300 DPL=0 DS   [-WA]
DS =0010 00000000 ffffffff 00cf9300 DPL=0 DS   [-WA]
FS =0010 00000000 ffffffff 00cf9300 DPL=0 DS   [-WA]
GS =0010 00000000 ffffffff 00cf9300 DPL=0 DS   [-WA]
LDT=0000 00000000 0000ffff 00008200 DPL=0 LDT
TR =0000 00000000 0000ffff 00008b00 DPL=0 TSS32-busy
GDT=     00108008 00000017
IDT=     00108060 000007ff
CR0=80000011 CR2=00000000 CR3=00000000 CR4=00000000
DR0=00000000 DR1=00000000 DR2=00000000 DR3=00000000 
DR6=ffff0ff0 DR7=00000400
CCS=00000000 CCD=000007b5 CCO=EFLAGS
EFER=0000000000000000
Servicing hardware INT=0x20
   141: v=20 e=0000 i=0 cpl=0 IP=0008:0010117e pc=0010117e SP=0010:00107fa4 env->regs[R_EAX]=00000730
EAX=00000730 EBX=00000002 ECX=000000a2 EDX=00000002
ESI=000b8000 EDI=00000700 EBP=00107fb0 ESP=00107fa4
EIP=0010117e EFL=00000202 [-------] CPL=0 II=0 A20=1 SMM=0 HLT=0
ES =0010 00000000 ffffffff 00cf9300 DPL=0 DS   [-WA]
CS =0008 00000000 ffffffff 00cf9a00 DPL=0 CS32 [-R-]
SS =0010 00000000 ffffffff 00cf9300 DPL=0 DS   [-WA]
DS =0010 00000000 ffffffff 00cf9300 DPL=0 DS   [-WA]
FS =0010 00000000 ffffffff 00cf9300 DPL=0 DS   [-WA]
GS =0010 00000000 ffffffff 00cf9300 DPL=0 DS   [-WA]
LDT=0000 00000000 0000ffff 00008200 DPL=0 LDT
TR =0000 00000000 0000ffff 00008b00 DPL=0 TSS32-busy
GDT=     00108008 00000017
IDT=     00108060 000007ff
CR0=80000011 CR2=00000000 CR3=00000000 CR4=00000000
DR0=00000000 DR1=00000000 DR2=00000000 DR3=00000000 
DR6=ffff0ff0 DR7=00000400
CCS=00000000 CCD=000000a2 CCO=EFLAGS
EFER=0000000000000000
Servicing hardware INT=0x20
   142: v=20 e=0000 i=0 cpl=0 IP=0008:0010117e pc=0010117e SP=0010:d0000fa9 env->regs[R_EAX]=00000741
EAX=00000741 EBX=00000016 ECX=00000296 EDX=00000008
ESI=000b8000 EDI=00000700 EBP=d0000fb5 ESP=d0000fa9
EIP=0010117e EFL=00000206 [-----P-] CPL=0 II=0 A20=1 SMM=0 HLT=0
ES =0010 00000000 ffffffff 00cf9300 DPL=0 DS   [-WA]
CS =0008 00000000 ffffffff 00cf9a00 DPL=0 CS32 [-R-]
SS =0010 00000000 ffffffff 00cf9300 DPL=0 DS   [-WA]
DS =0010 00000000 ffffffff 00cf9300 DPL=0 DS   [-WA]
FS =0010 00000000 ffffffff 00cf9300 DPL=0 DS   [-WA]
GS =0010 00000000 ffffffff 00cf9300 DPL=0 DS   [-WA]
LDT=0000 00000000 0000ffff 00008200 DPL=0 LDT
TR =0000 00000000 0000ffff 00008b00 DPL=0 TSS32-busy
GDT=     00108008 00000017
IDT=     00108060 000007ff
CR0=80000011 CR2=00000000 CR3=00000000 CR4=00000000
DR0=00000000 DR1=00000000 DR2=00000000 DR3=00000000 
DR6=ffff0ff0 DR7=00000400
CCS=00000004 CCD=00000296 CCO=EFLAGS
EFER=0000000000000000
Servicing hardware INT=0x20
   143: v=20 e=0000 i=0 cpl=0 IP=0008:0010117e pc=0010117e SP=0010:d0001fb2 env->regs[R_EAX]=00000742
EAX=00000742 EBX=00000019 ECX=000001f9 EDX=00000006
ESI=000b8000 EDI=00000700 EBP=d0001fbe ESP=d0001fb2
EIP=0010117e EFL=00000206 [-----P-] CPL=0 II=0 A20=1 SMM=0 HLT=0
ES =0010 00000000 ffffffff 00cf9300 DPL=0 DS   [-WA]
CS =0008 00000000 ffffffff 00cf9a00 DPL=0 CS32 [-R-]
SS =0010 00000000 ffffffff 00cf9300 DPL=0 DS   [-WA]
DS =0010 00000000 ffffffff 00cf9300 DPL=0 DS   [-WA]
FS =0010 00000000 ffffffff 00cf9300 DPL=0 DS   [-WA]
GS =0010 00000000 ffffffff 00cf9300 DPL=0 DS   [-WA]
LDT=0000 00000000 0000ffff 00008200 DPL=0 LDT
TR =0000 00000000 0000ffff 00008b00 DPL=0 TSS32-busy
GDT=     00108008 00000017
IDT=     00108060 000007ff
CR0=80000011 CR2=00000000 CR3=00000000 CR4=00000000
DR0=00000000 DR1=00000000 DR2=00000000 DR3=00000000 
DR6=ffff0ff0 DR7=00000400
CCS=00000004 CCD=000001f9 CCO=EFLAGS
EFER=0000000000000000
Servicing hardware INT=0x20
   144: v=20 e=0000 i=0 cpl=0 IP=0008:0010117e pc=0010117e SP=0010:00107fa4 env->regs[R_EAX]=00000730
EAX=00000730 EBX=00000049 ECX=00000319 EDX=00000009
ESI=000b8000 EDI=00000700 EBP=00107fb0 ESP=00107fa4
EIP=0010117e EFL=00000202 [-------] CPL=0 II=0 A20=1 SMM=0 HLT=0
ES =0010 00000000 ffffffff 00cf9300 DPL=0 DS   [-WA]
CS =0008 00000000 ffffffff 00cf9a00 DPL=0 CS32 [-R-]
SS =0010 00000000 ffffffff 00cf9300 DPL=0 DS   [-WA]
DS =0010 00000000 ffffffff 00cf9300 DPL=0 DS   [-WA]
FS =0010 00000000 ffffffff 00cf9300 DPL=0 DS   [-WA]
GS =0010 00000000 ffffffff 00cf9300 DPL=0 DS   [-WA]
LDT=0000 00000000 0000ffff 00008200 DPL=0 LDT
TR =0000 00000000 0000ffff 00008b00 DPL=0 TSS32-busy
GDT=     00108008 00000017
IDT=     00108060 000007ff
CR0=80000011 CR2=00000000 CR3=00000000 CR4=00000000
DR0=00000000 DR1=00000000 DR2=00000000 DR3=00000000 
DR6=ffff0ff0 DR7=00000400
CCS=00000000 CCD=00000319 CCO=EFLAGS
EFER=0000000000000000
Servicing hardware INT=0x20
   145: v=20 e=0000 i=0 cpl=0 IP=0008:0010117e pc=0010117e SP=0010:d0000fa9 env->regs[R_EAX]=00000741
EAX=00000741 EBX=00000027 ECX=00000577 EDX=00000011
ESI=000b8000 EDI=00000700 EBP=d0000fb5 ESP=d0000fa9
EIP=0010117e EFL=00000206 [-----P-] CPL=0 II=0 A20=1 SMM=0 HLT=0
ES =0010 00000000 ffffffff 00cf9300 DPL=0 DS   [-WA]
CS =0008 00000000 ffffffff 00cf9a00 DPL=0 CS32 [-R-]
SS =0010 00000000 ffffffff 00cf9300 DPL=0 DS   [-WA]
DS =0010 00000000 ffffffff 00cf9300 DPL=0 DS   [-WA]
FS =0010 00000000 ffffffff 00cf9300 DPL=0 DS   [-WA]
GS =0010 00000000 ffffffff 00cf9300 DPL=0 DS   [-WA]
LDT=0000 00000000 0000ffff 00008200 DPL=0 LDT
TR =0000 00000000 0000ffff 00008b00 DPL=0 TSS32-busy
GDT=     00108008 00000017
IDT=     00108060 000007ff
CR0=80000011 CR2=00000000 CR3=00000000 CR4=00000000
DR0=00000000 DR1=00000000 DR2=00000000 DR3=00000000 
DR6=ffff0ff0 DR7=00000400
CCS=00000004 CCD=00000577 CCO=EFLAGS
EFER=0000000000000000
Servicing hardware INT=0x20
   146: v=20 e=0000 i=0 cpl=0 IP=0008:0010117e pc=0010117e SP=0010:d0001fb2 env->regs[R_EAX]=00000742
EAX=00000742 EBX=00000017 ECX=000001a7 EDX=00000005
ESI=000b8000 EDI=00000700 EBP=d0001fbe ESP=d0001fb2
EIP=0010117e EFL=00000202 [-------] CPL=0 II=0 A20=1 SMM=0 HLT=0
ES =0010 00000000 ffffffff 00cf9300 DPL=0 DS   [-WA]
CS =0008 00000000 ffffffff 00cf9a00 DPL=0 CS32 [-R-]
SS =0010 00000000 ffffffff 00cf9300 DPL=0 DS   [-WA]
DS =0010 00000000 ffffffff 00cf9300 DPL=0 DS   [-WA]
FS =0010 00000000 ffffffff 00cf9300 DPL=0 DS   [-WA]
GS =0010 00000000 ffffffff 00cf9300 DPL=0 DS   [-WA]
LDT=0000 00000000 0000ffff 00008200 DPL=0 LDT
TR =0000 00000000 0000ffff 00008b00 DPL=0 TSS32-busy
GDT=     00108008 00000017
IDT=     00108060 000007ff
CR0=80000011 CR2=00000000 CR3=00000000 CR4=00000000
DR0=00000000 DR1=00000000 DR2=00000000 DR3=00000000 
DR6=ffff0ff0 DR7=00000400
CCS=00000000 CCD=000001a7 CCO=EFLAGS
EFER=0000000000000000
Servicing hardware INT=0x20
   147: v=20 e=0000 i=0 cpl=0 IP=0008:0010117e pc=0010117e SP=0010:00107fa4 env->regs[R_EAX]=00000730
EAX=00000730 EBX=00000046 ECX=00000596 EDX=00000011
ESI=000b8000 EDI=00000700 EBP=00107fb0 ESP=00107fa4
EIP=0010117e EFL=00000206 [-----P-] CPL=0 II=0 A20=1 SMM=0 HLT=0
ES =0010 00000000 ffffffff 00cf9300 DPL=0 DS   [-WA]
CS =0008 00000000 ffffffff 00cf9a00 DPL=0 CS32 [-R-]
SS =0010 00000000 ffffffff 00cf9300 DPL=0 DS   [-WA]
DS =0010 00000000 ffffffff 00cf9300 DPL=0 DS   [-WA]
FS =0010 00000000 ffffffff 00cf9300 DPL=0 DS   [-WA]
GS =0010 00000000 ffffffff 00cf9300 DPL=0 DS   [-WA]
LDT=0000 00000000 0000ffff 00008200 DPL=0 LDT
TR =0000 00000000 0000ffff 00008b00 DPL=0 TSS32-busy
GDT=     00108008 00000017
IDT=     00108060 000007ff
CR0=80000011 CR2=00000000 CR3=00000000 CR4=00000000
DR0=00000000 DR1=00000000 DR2=00000000 DR3=00000000 
DR6=ffff0ff0 DR7=00000400
CCS=00000004 CCD=00000596 CCO=EFLAGS
EFER=0000000000000000
Servicing hardware INT=0x20
   148: v=20 e=0000 i=0 cpl=0 IP=0008:0010117e pc=0010117e SP=0010:d0000fa9 env->regs[R_EAX]=00000741
EAX=00000741 EBX=00000023 ECX=000003e3 EDX=0000000c
ESI=000b8000 EDI=00000700 EBP=d0000fb5 ESP=d0000fa9
EIP=0010117e EFL=00000202 [-------] CPL=0 II=0 A20=1 SMM=0 HLT=0
ES =0010 00000000 ffffffff 00cf9300 DPL=0 DS   [-WA]
CS =0008 00000000 ffffffff 00cf9a00 DPL=0 CS32 [-R-]
SS =0010 00000000 ffffffff 00cf9300 DPL=0 DS   [-WA]
DS =0010 00000000 ffffffff 00cf9300 DPL=0 DS   [-WA]
FS =0010 00000000 ffffffff 00cf9300 DPL=0 DS   [-WA]
GS =0010 00000000 ffffffff 00cf9300 DPL=0 DS   [-WA]
LDT=0000 00000000 0000ffff 00008200 DPL=0 LDT
TR =0000 00000000 0000ffff 00008b00 DPL=0 TSS32-busy
GDT=     00108008 00000017
IDT=     00108060 000007ff
CR0=80000011 CR2=00000000 CR3=00000000 CR4=00000000
DR0=00000000 DR1=00000000 DR2=00000000 DR3=00000000 
DR6=ffff0ff0 DR7=00000400
CCS=00000000 CCD=000003e3 CCO=EFLAGS
EFER=0000000000000000
Servicing hardware INT=0x20
   149: v=20 e=0000 i=0 cpl=0 IP=0008:0010117e pc=0010117e SP=0010:d0001fb2 env->regs[R_EAX]=00000742
EAX=00000742 EBX=0000003d ECX=0000003d EDX=00000000
ESI=000b8000 EDI=00000700 EBP=d0001fbe ESP=d0001fb2
EIP=0010117e EFL=00000202 [-------] CPL=0 II=0 A20=1 SMM=0 HLT=0
ES =0010 00000000 ffffffff 00cf9300 DPL=0 DS   [-WA]
CS =0008 00000000 ffffffff 00cf9a00 DPL=0 CS32 [-R-]
SS =0010 00000000 ffffffff 00cf9300 DPL=0 DS   [-WA]
DS =0010 00000000 ffffffff 00cf9300 DPL=0 DS   [-WA]
FS =0010 00000000 ffffffff 00cf9300 DPL=0 DS   [-WA]
GS =0010 00000000 ffffffff 00cf9300 DPL=0 DS   [-WA]
LDT=0000 00000000 0000ffff 00008200 DPL=0 LDT
TR =0000 00000000 0000ffff 00008b00 DPL=0 TSS32-busy
GDT=     00108008 00000017
IDT=     00108060 000007ff
CR0=80000011 CR2=00000000 CR3=00000000 CR4=00000000
DR0=00000000 DR1=00000000 DR2=00000000 DR3=00000000 
DR6=ffff0ff0 DR7=00000400
CCS=00000000 CCD=0000003d CCO=EFLAGS
EFER=0000000000000000
Servicing hardware INT=0x20
   150: v=20 e=0000 i=0 cpl=0 IP=0008:0010117e pc=0010117e SP=0010:00107fa4 env->regs[R_EAX]=00000730
EAX=00000730 EBX=00000039 ECX=00000769 EDX=00000017
ESI=000b8000 EDI=00000700 EBP=00107fb0 ESP=00107fa4
EIP=0010117e EFL=00000206 [-----P-] CPL=0 II=0 A20=1 SMM=0 HLT=0
ES =0010 00000000 ffffffff 00cf9300 DPL=0 DS   [-WA]
CS =0008 00000000 ffffffff 00cf9a00 DPL=0 CS32 [-R-]
SS =0010 00000000 ffffffff 00cf9300 DPL=0 DS   [-WA]
DS =0010 00000000 ffffffff 00cf9300 DPL=0 DS   [-WA]
FS =0010 00000000 ffffffff 00cf9300 DPL=0 DS   [-WA]
GS =0010 00000000 ffffffff 00cf9300 DPL=0 DS   [-WA]
LDT=0000 00000000 0000ffff 00008200 DPL=0 LDT
TR =0000 00000000 0000ffff 00008b00 DPL=0 TSS32-busy
GDT=     00108008 00000017
IDT=     00108060 000007ff
CR0=80000011 CR2=00000000 CR3=00000000 CR4=00000000
DR0=00000000 DR1=00000000 DR2=00000000 DR3=00000000 
DR6=ffff0ff0 DR7=00000400
CCS=00000004 CCD=00000769 CCO=EFLAGS
EFER=0000000000000000
Servicing hardware INT=0x20
   151: v=20 e=0000 i=0 cpl=0 IP=0008:0010117e pc=0010117e SP=0010:d0000fa9 env->regs[R_EAX]=00000741
EAX=00000741 EBX=00000008 ECX=00000738 EDX=00000017
ESI=000b8000 EDI=00000700 EBP=d0000fb5 ESP=d0000fa9
EIP=0010117e EFL=00000202 [-------] CPL=0 II=0 A20=1 SMM=0 HLT=0
ES =0010 00000000 ffffffff 00cf9300 DPL=0 DS   [-WA]
CS =0008 00000000 ffffffff 00cf9a00 DPL=0 CS32 [-R-]
SS =0010 00000000 ffffffff 00cf9300 DPL=0 DS   [-WA]
DS =0010 00000000 ffffffff 00cf9300 DPL=0 DS   [-WA]
FS =0010 00000000 ffffffff 00cf9300 DPL=0 DS   [-WA]
GS =0010 00000000 ffffffff 00cf9300 DPL=0 DS   [-WA]
LDT=0000 00000000 0000ffff 00008200 DPL=0 LDT
TR =0000 00000000 0000ffff 00008b00 DPL=0 TSS32-busy
GDT=     00108008 00000017
IDT=     00108060 000007ff
CR0=80000011 CR2=00000000 CR3=00000000 CR4=00000000
DR0=00000000 DR1=00000000 DR2=00000000 DR3=00000000 
DR6=ffff0ff0 DR7=00000400
CCS=00000000 CCD=00000738 CCO=EFLAGS
EFER=0000000000000000
Servicing hardware INT=0x20
   152: v=20 e=0000 i=0 cpl=0 IP=0008:0010117e pc=0010117e SP=0010:d0001fb2 env->regs[R_EAX]=00000742
EAX=00000742 EBX=0000004f ECX=000004ff EDX=0000000f
ESI=000b8000 EDI=00000700 EBP=d0001fbe ESP=d0001fb2
EIP=0010117e EFL=00000206 [-----P-] CPL=0 II=0 A20=1 SMM=0 HLT=0
ES =0010 00000000 ffffffff 00cf9300 DPL=0 DS   [-WA]
CS =0008 00000000 ffffffff 00cf9a00 DPL=0 CS32 [-R-]
SS =0010 00000000 ffffffff 00cf9300 DPL=0 DS   [-WA]
DS =0010 00000000 ffffffff 00cf9300 DPL=0 DS   [-WA]
FS =0010 00000000 ffffffff 00cf9300 DPL=0 DS   [-WA]
GS =0010 00000000 ffffffff 00cf9300 DPL=0 DS   [-WA]
LDT=0000 00000000 0000ffff 00008200 DPL=0 LDT
TR =0000 00000000 0000ffff 00008b00 DPL=0 TSS32-busy
GDT=     00108008 00000017
IDT=     00108060 000007ff
CR0=80000011 CR2=00000000 CR3=00000000 CR4=00000000
DR0=00000000 DR1=00000000 DR2=00000000 DR3=00000000 
DR6=ffff0ff0 DR7=00000400
CCS=00000004 CCD=000004ff CCO=EFLAGS
EFER=0000000000000000
Servicing hardware INT=0x20
   153: v=20 e=0000 i=0 cpl=0 IP=0008:0010117e pc=0010117e SP=0010:00107fa4 env->regs[R_EAX]=00000730
EAX=00000730 EBX=00000049 ECX=00000369 EDX=0000000a
ESI=000b8000 EDI=00000700 EBP=00107fb0 ESP=00107fa4
EIP=0010117e EFL=00000206 [-----P-] CPL=0 II=0 A20=1 SMM=0 HLT=0
ES =0010 00000000 ffffffff 00cf9300 DPL=0 DS   [-WA]
CS =0008 00000000 ffffffff 00cf9a00 DPL=0 CS32 [-R-]
SS =0010 00000000 ffffffff 00cf9300 DPL=0 DS   [-WA]
DS =0010 00000000 ffffffff 00cf9300 DPL=0 DS   [-WA]
FS =0010 00000000 ffffffff 00cf9300 DPL=0 DS   [-WA]
GS =0010 00000000 ffffffff 00cf9300 DPL=0 DS   [-WA]
LDT=0000 00000000 0000ffff 00008200 DPL=0 LDT
TR =0000 00000000 0000ffff 00008b00 DPL=0 TSS32-busy
GDT=     00108008 00000017
IDT=     00108060 000007ff
CR0=80000011 CR2=00000000 CR3=00000000 CR4=00000000
DR0=00000000 DR1=00000000 DR2=00000000 DR3=00000000 
DR6=ffff0ff0 DR7=00000400
CCS=00000004 CCD=00000369 CCO=EFLAGS
EFER=0000000000000000
Servicing hardware INT=0x20
   154: v=20 e=0000 i=0 cpl=0 IP=0008:0010117e pc=0010117e SP=0010:d0000fa9 env->regs[R_EAX]=00000741
EAX=00000741 EBX=00000045 ECX=00000225 EDX=00000006
ESI=000b8000 EDI=00000700 EBP=d0000fb5 ESP=d0000fa9
EIP=0010117e EFL=00000202 [-------] CPL=0 II=0 A20=1 SMM=0 HLT=0
ES =0010 00000000 ffffffff 00cf9300 DPL=0 DS   [-WA]
CS =0008 00000000 ffffffff 00cf9a00 DPL=0 CS32 [-R-]
SS =0010 00000000 ffffffff 00cf9300 DPL=0 DS   [-WA]
DS =0010 00000000 ffffffff 00cf9300 DPL=0 DS   [-WA]
FS =0010 00000000 ffffffff 00cf9300 DPL=0 DS   [-WA]
GS =0010 00000000 ffffffff 00cf9300 DPL=0 DS   [-WA]
LDT=0000 00000000 0000ffff 00008200 DPL=0 LDT
TR =0000 00000000 0000ffff 00008b00 DPL=0 TSS32-busy
GDT=     00108008 00000017
IDT=     00108060 000007ff
CR0=80000011 CR2=00000000 CR3=00000000 CR4=00000000
DR0=00000000 DR1=00000000 DR2=00000000 DR3=00000000 
DR6=ffff0ff0 DR7=00000400
CCS=00000000 CCD=00000225 CCO=EFLAGS
EFER=0000000000000000
Servicing hardware INT=0x20
   155: v=20 e=0000 i=0 cpl=0 IP=0008:0010117e pc=0010117e SP=0010:d0001fb2 env->regs[R_EAX]=00000742
EAX=00000742 EBX=00000044 ECX=00000454 EDX=0000000d
ESI=000b8000 EDI=00000700 EBP=d0001fbe ESP=d0001fb2
EIP=0010117e EFL=00000202 [-------] CPL=0 II=0 A20=1 SMM=0 HLT=0
ES =0010 00000000 ffffffff 00cf9300 DPL=0 DS   [-WA]
CS =0008 00000000 ffffffff 00cf9a00 DPL=0 CS32 [-R-]
SS =0010 00000000 ffffffff 00cf9300 DPL=0 DS   [-WA]
DS =0010 00000000 ffffffff 00cf9300 DPL=0 DS   [-WA]
FS =0010 00000000 ffffffff 00cf9300 DPL=0 DS   [-WA]
GS =0010 00000000 ffffffff 00cf9300 DPL=0 DS   [-WA]
LDT=0000 00000000 0000ffff 00008200 DPL=0 LDT
TR =0000 00000000 0000ffff 00008b00 DPL=0 TSS32-busy
GDT=     00108008 00000017
IDT=     00108060 000007ff
CR0=80000011 CR2=00000000 CR3=00000000 CR4=00000000
DR0=00000000 DR1=00000000 DR2=00000000 DR3=00000000 
DR6=ffff0ff0 DR7=00000400
CCS=00000000 CCD=00000454 CCO=EFLAGS
EFER=0000000000000000
Servicing hardware INT=0x20
   156: v=20 e=0000 i=0 cpl=0 IP=0008:0010117e pc=0010117e SP=0010:00107fa4 env->regs[R_EAX]=00000730
EAX=00000730 EBX=00000022 ECX=00000202 EDX=00000006
ESI=000b8000 EDI=00000700 EBP=00107fb0 ESP=00107fa4
EIP=0010117e EFL=00000202 [-------] CPL=0 II=0 A20=1 SMM=0 HLT=0
ES =0010 00000000 ffffffff 00cf9300 DPL=0 DS   [-WA]
CS =0008 00000000 ffffffff 00cf9a00 DPL=0 CS32 [-R-]
SS =0010 00000000 ffffffff 00cf9300 DPL=0 DS   [-WA]
DS =0010 00000000 ffffffff 00cf9300 DPL=0 DS   [-WA]
FS =0010 00000000 ffffffff 00cf9300 DPL=0 DS   [-WA]
GS =0010 00000000 ffffffff 00cf9300 DPL=0 DS   [-WA]
LDT=0000 00000000 0000ffff 00008200 DPL=0 LDT
TR =0000 00000000 0000ffff 00008b00 DPL=0 TSS32-busy
GDT=     00108008 00000017
IDT=     00108060 000007ff
CR0=80000011 CR2=00000000 CR3=00000000 CR4=00000000
DR0=00000000 DR1=00000000 DR2=00000000 DR3=00000000 
DR6=ffff0ff0 DR7=00000400
CCS=00000000 CCD=00000202 CCO=EFLAGS
EFER=0000000000000000
Servicing hardware INT=0x20
   157: v=20 e=0000 i=0 cpl=0 IP=0008:0010117e pc=0010117e SP=0010:d0000fa9 env->regs[R_EAX]=00000741
EAX=00000741 EBX=0000003d ECX=0000021d EDX=00000006
ESI=000b8000 EDI=00000700 EBP=d0000fb5 ESP=d0000fa9
EIP=0010117e EFL=00000206 [-----P-] CPL=0 II=0 A20=1 SMM=0 HLT=0
ES =0010 00000000 ffffffff 00cf9300 DPL=0 DS   [-WA]
CS =0008 00000000 ffffffff 00cf9a00 DPL=0 CS32 [-R-]
SS =0010 00000000 ffffffff 00cf9300 DPL=0 DS   [-WA]
DS =0010 00000000 ffffffff 00cf9300 DPL=0 DS   [-WA]
FS =0010 00000000 ffffffff 00cf9300 DPL=0 DS   [-WA]
GS =0010 00000000 ffffffff 00cf9300 DPL=0 DS   [-WA]
LDT=0000 00000000 0000ffff 00008200 DPL=0 LDT
TR =0000 00000000 0000ffff 00008b00 DPL=0 TSS32-busy
GDT=     00108008 00000017
IDT=     00108060 000007ff
CR0=80000011 CR2=00000000 CR3=00000000 CR4=00000000
DR0=00000000 DR1=00000000 DR2=00000000 DR3=00000000 
DR6=ffff0ff0 DR7=00000400
CCS=00000004 CCD=0000021d CCO=EFLAGS
EFER=0000000000000000
Servicing hardware INT=0x20
   158: v=20 e=0000 i=0 cpl=0 IP=0008:0010117e pc=0010117e SP=0010:d0001fb2 env->regs[R_EAX]=00000742
EAX=00000742 EBX=00000035 ECX=00000085 EDX=00000001
ESI=000b8000 EDI=00000700 EBP=d0001fbe ESP=d0001fb2
EIP=0010117e EFL=00000202 [-------] CPL=0 II=0 A20=1 SMM=0 HLT=0
ES =0010 00000000 ffffffff 00cf9300 DPL=0 DS   [-WA]
CS =0008 00000000 ffffffff 00cf9a00 DPL=0 CS32 [-R-]
SS =0010 00000000 ffffffff 00cf9300 DPL=0 DS   [-WA]
DS =0010 00000000 ffffffff 00cf9300 DPL=0 DS   [-WA]
FS =0010 00000000 ffffffff 00cf9300 DPL=0 DS   [-WA]
GS =0010 00000000 ffffffff 00cf9300 DPL=0 DS   [-WA]
LDT=0000 00000000 0000ffff 00008200 DPL=0 LDT
TR =0000 00000000 0000ffff 00008b00 DPL=0 TSS32-busy
GDT=     00108008 00000017
IDT=     00108060 000007ff
CR0=80000011 CR2=00000000 CR3=00000000 CR4=00000000
DR0=00000000 DR1=00000000 DR2=00000000 DR3=00000000 
DR6=ffff0ff0 DR7=00000400
CCS=00000000 CCD=00000085 CCO=EFLAGS
EFER=0000000000000000
Servicing hardware INT=0x20
   159: v=20 e=0000 i=0 cpl=0 IP=0008:0010117e pc=0010117e SP=0010:00107fa4 env->regs[R_EAX]=00000730
EAX=00000730 EBX=00000027 ECX=00000437 EDX=0000000d
ESI=000b8000 EDI=00000700 EBP=00107fb0 ESP=00107fa4
EIP=0010117e EFL=00000202 [-------] CPL=0 II=0 A20=1 SMM=0 HLT=0
ES =0010 00000000 ffffffff 00cf9300 DPL=0 DS   [-WA]
CS =0008 00000000 ffffffff 00cf9a00 DPL=0 CS32 [-R-]
SS =0010 00000000 ffffffff 00cf9300 DPL=0 DS   [-WA]
DS =0010 00000000 ffffffff 00cf9300 DPL=0 DS   [-WA]
FS =0010 00000000 ffffffff 00cf9300 DPL=0 DS   [-WA]
GS =0010 00000000 ffffffff 00cf9300 DPL=0 DS   [-WA]
LDT=0000 00000000 0000ffff 00008200 DPL=0 LDT
TR =0000 00000000 0000ffff 00008b00 DPL=0 TSS32-busy
GDT=     00108008 00000017
IDT=     00108060 000007ff
CR0=80000011 CR2=00000000 CR3=00000000 CR4=00000000
DR0=00000000 DR1=00000000 DR2=00000000 DR3=00000000 
DR6=ffff0ff0 DR7=00000400
CCS=00000000 CCD=00000437 CCO=EFLAGS
EFER=0000000000000000
Servicing hardware INT=0x20
   160: v=20 e=0000 i=0 cpl=0 IP=0008:0010117e pc=0010117e SP=0010:d0000fa9 env->regs[R_EAX]=00000741
EAX=00000741 EBX=00000000 ECX=000001e0 EDX=00000006
ESI=000b8000 EDI=00000700 EBP=d0000fb5 ESP=d0000fa9
EIP=0010117e EFL=00000202 [-------] CPL=0 II=0 A20=1 SMM=0 HLT=0
ES =0010 00000000 ffffffff 00cf9300 DPL=0 DS   [-WA]
CS =0008 00000000 ffffffff 00cf9a00 DPL=0 CS32 [-R-]
SS =0010 00000000 ffffffff 00cf9300 DPL=0 DS   [-WA]
DS =0010 00000000 ffffffff 00cf9300 DPL=0 DS   [-WA]
FS =0010 00000000 ffffffff 00cf9300 DPL=0 DS   [-WA]
GS =0010 00000000 ffffffff 00cf9300 DPL=0 DS   [-WA]
LDT=0000 00000000 0000ffff 00008200 DPL=0 LDT
TR =0000 00000000 0000ffff 00008b00 DPL=0 TSS32-busy
GDT=     00108008 00000017
IDT=     00108060 000007ff
CR0=80000011 CR2=00000000 CR3=00000000 CR4=00000000
DR0=00000000 DR1=00000000 DR2=00000000 DR3=00000000 
DR6=ffff0ff0 DR7=00000400
CCS=00000000 CCD=000001e0 CCO=EFLAGS
EFER=0000000000000000
Servicing hardware INT=0x20
   161: v=20 e=0000 i=0 cpl=0 IP=0008:0010117e pc=0010117e SP=0010:d0001fb2 env->regs[R_EAX]=00000742
EAX=00000742 EBX=00000028 ECX=00000028 EDX=00000000
ESI=000b8000 EDI=00000700 EBP=d0001fbe ESP=d0001fb2
EIP=0010117e EFL=00000206 [-----P-] CPL=0 II=0 A20=1 SMM=0 HLT=0
ES =0010 00000000 ffffffff 00cf9300 DPL=0 DS   [-WA]
CS =0008 00000000 ffffffff 00cf9a00 DPL=0 CS32 [-R-]
SS =0010 00000000 ffffffff 00cf9300 DPL=0 DS   [-WA]
DS =0010 00000000 ffffffff 00cf9300 DPL=0 DS   [-WA]
FS =0010 00000000 ffffffff 00cf9300 DPL=0 DS   [-WA]
GS =0010 00000000 ffffffff 00cf9300 DPL=0 DS   [-WA]
LDT=0000 00000000 0000ffff 00008200 DPL=0 LDT
TR =0000 00000000 0000ffff 00008b00 DPL=0 TSS32-busy
GDT=     00108008 00000017
IDT=     00108060 000007ff
CR0=80000011 CR2=00000000 CR3=00000000 CR4=00000000
DR0=00000000 DR1=00000000 DR2=00000000 DR3=00000000 
DR6=ffff0ff0 DR7=00000400
CCS=00000004 CCD=00000028 CCO=EFLAGS
EFER=0000000000000000
Servicing hardware INT=0x20
   162: v=20 e=0000 i=0 cpl=0 IP=0008:0010117e pc=0010117e SP=0010:00107fa4 env->regs[R_EAX]=00000730
EAX=00000730 EBX=0000004f ECX=0000036f EDX=0000000a
ESI=000b8000 EDI=00000700 EBP=00107fb0 ESP=00107fa4
EIP=0010117e EFL=00000206 [-----P-] CPL=0 II=0 A20=1 SMM=0 HLT=0
ES =0010 00000000 ffffffff 00cf9300 DPL=0 DS   [-WA]
CS =0008 00000000 ffffffff 00cf9a00 DPL=0 CS32 [-R-]
SS =0010 00000000 ffffffff 00cf9300 DPL=0 DS   [-WA]
DS =0010 00000000 ffffffff 00cf9300 DPL=0 DS   [-WA]
FS =0010 00000000 ffffffff 00cf9300 DPL=0 DS   [-WA]
GS =0010 00000000 ffffffff 00cf9300 DPL=0 DS   [-WA]
LDT=0000 00000000 0000ffff 00008200 DPL=0 LDT
TR =0000 00000000 0000ffff 00008b00 DPL=0 TSS32-busy
GDT=     00108008 00000017
IDT=     00108060 000007ff
CR0=80000011 CR2=00000000 CR3=00000000 CR4=00000000
DR0=00000000 DR1=00000000 DR2=00000000 DR3=00000000 
DR6=ffff0ff0 DR7=00000400
CCS=00000004 CCD=0000036f CCO=EFLAGS
EFER=0000000000000000
Servicing hardware INT=0x20
   163: v=20 e=0000 i=0 cpl=0 IP=0008:0010117e pc=0010117e SP=0010:d0000fa9 env->regs[R_EAX]=00000741
EAX=00000741 EBX=00000009 ECX=00000329 EDX=0000000a
ESI=000b8000 EDI=00000700 EBP=d0000fb5 ESP=d0000fa9
EIP=0010117e EFL=00000202 [-------] CPL=0 II=0 A20=1 SMM=0 HLT=0
ES =0010 00000000 ffffffff 00cf9300 DPL=0 DS   [-WA]
CS =0008 00000000 ffffffff 00cf9a00 DPL=0 CS32 [-R-]
SS =0010 00000000 ffffffff 00cf9300 DPL=0 DS   [-WA]
DS =0010 00000000 ffffffff 00cf9300 DPL=0 DS   [-WA]
FS =0010 00000000 ffffffff 00cf9300 DPL=0 DS   [-WA]
GS =0010 00000000 ffffffff 00cf9300 DPL=0 DS   [-WA]
LDT=0000 00000000 0000ffff 00008200 DPL=0 LDT
TR =0000 00000000 0000ffff 00008b00 DPL=0 TSS32-busy
GDT=     00108008 00000017
IDT=     00108060 000007ff
CR0=80000011 CR2=00000000 CR3=00000000 CR4=00000000
DR0=00000000 DR1=00000000 DR2=00000000 DR3=00000000 
DR6=ffff0ff0 DR7=00000400
CCS=00000000 CCD=00000329 CCO=EFLAGS
EFER=0000000000000000
Servicing hardware INT=0x20
   164: v=20 e=0000 i=0 cpl=0 IP=0008:0010117e pc=0010117e SP=0010:d0001fb2 env->regs[R_EAX]=00000742
EAX=00000742 EBX=0000004f ECX=000004ff EDX=0000000f
ESI=000b8000 EDI=00000700 EBP=d0001fbe ESP=d0001fb2
EIP=0010117e EFL=00000206 [-----P-] CPL=0 II=0 A20=1 SMM=0 HLT=0
ES =0010 00000000 ffffffff 00cf9300 DPL=0 DS   [-WA]
CS =0008 00000000 ffffffff 00cf9a00 DPL=0 CS32 [-R-]
SS =0010 00000000 ffffffff 00cf9300 DPL=0 DS   [-WA]
DS =0010 00000000 ffffffff 00cf9300 DPL=0 DS   [-WA]
FS =0010 00000000 ffffffff 00cf9300 DPL=0 DS   [-WA]
GS =0010 00000000 ffffffff 00cf9300 DPL=0 DS   [-WA]
LDT=0000 00000000 0000ffff 00008200 DPL=0 LDT
TR =0000 00000000 0000ffff 00008b00 DPL=0 TSS32-busy
GDT=     00108008 00000017
IDT=     00108060 000007ff
CR0=80000011 CR2=00000000 CR3=00000000 CR4=00000000
DR0=00000000 DR1=00000000 DR2=00000000 DR3=00000000 
DR6=ffff0ff0 DR7=00000400
CCS=00000004 CCD=000004ff CCO=EFLAGS
EFER=0000000000000000
Servicing hardware INT=0x20
   165: v=20 e=0000 i=0 cpl=0 IP=0008:0010117e pc=0010117e SP=0010:00107fa4 env->regs[R_EAX]=00000730
EAX=00000730 EBX=00000005 ECX=00000415 EDX=0000000d
ESI=000b8000 EDI=00000700 EBP=00107fb0 ESP=00107fa4
EIP=0010117e EFL=00000202 [-------] CPL=0 II=0 A20=1 SMM=0 HLT=0
ES =0010 00000000 ffffffff 00cf9300 DPL=0 DS   [-WA]
CS =0008 00000000 ffffffff 00cf9a00 DPL=0 CS32 [-R-]
SS =0010 00000000 ffffffff 00cf9300 DPL=0 DS   [-WA]
DS =0010 00000000 ffffffff 00cf9300 DPL=0 DS   [-WA]
FS =0010 00000000 ffffffff 00cf9300 DPL=0 DS   [-WA]
GS =0010 00000000 ffffffff 00cf9300 DPL=0 DS   [-WA]
LDT=0000 00000000 0000ffff 00008200 DPL=0 LDT
TR =0000 00000000 0000ffff 00008b00 DPL=0 TSS32-busy
GDT=     00108008 00000017
IDT=     00108060 000007ff
CR0=80000011 CR2=00000000 CR3=00000000 CR4=00000000
DR0=00000000 DR1=00000000 DR2=00000000 DR3=00000000 
DR6=ffff0ff0 DR7=00000400
CCS=00000000 CCD=00000415 CCO=EFLAGS
EFER=0000000000000000
Servicing hardware INT=0x20
   166: v=20 e=0000 i=0 cpl=0 IP=0008:0010117e pc=0010117e SP=0010:d0000fa9 env->regs[R_EAX]=00000741
EAX=00000741 EBX=00000028 ECX=00000078 EDX=00000001
ESI=000b8000 EDI=00000700 EBP=d0000fb5 ESP=d0000fa9
EIP=0010117e EFL=00000206 [-----P-] CPL=0 II=0 A20=1 SMM=0 HLT=0
ES =0010 00000000 ffffffff 00cf9300 DPL=0 DS   [-WA]
CS =0008 00000000 ffffffff 00cf9a00 DPL=0 CS32 [-R-]
SS =0010 00000000 ffffffff 00cf9300 DPL=0 DS   [-WA]
DS =0010 00000000 ffffffff 00cf9300 DPL=0 DS   [-WA]
FS =0010 00000000 ffffffff 00cf9300 DPL=0 DS   [-WA]
GS =0010 00000000 ffffffff 00cf9300 DPL=0 DS   [-WA]
LDT=0000 00000000 0000ffff 00008200 DPL=0 LDT
TR =0000 00000000 0000ffff 00008b00 DPL=0 TSS32-busy
GDT=     00108008 00000017
IDT=     00108060 000007ff
CR0=80000011 CR2=00000000 CR3=00000000 CR4=00000000
DR0=00000000 DR1=00000000 DR2=00000000 DR3=00000000 
DR6=ffff0ff0 DR7=00000400
CCS=00000004 CCD=00000078 CCO=EFLAGS
EFER=0000000000000000
Servicing hardware INT=0x20
   167: v=20 e=0000 i=0 cpl=0 IP=0008:0010117e pc=0010117e SP=0010:d0001fb2 env->regs[R_EAX]=00000742
EAX=00000742 EBX=00000008 ECX=00000558 EDX=00000011
ESI=000b8000 EDI=00000700 EBP=d0001fbe ESP=d0001fb2
EIP=0010117e EFL=00000202 [-------] CPL=0 II=0 A20=1 SMM=0 HLT=0
ES =0010 00000000 ffffffff 00cf9300 DPL=0 DS   [-WA]
CS =0008 00000000 ffffffff 00cf9a00 DPL=0 CS32 [-R-]
SS =0010 00000000 ffffffff 00cf9300 DPL=0 DS   [-WA]
DS =0010 00000000 ffffffff 00cf9300 DPL=0 DS   [-WA]
FS =0010 00000000 ffffffff 00cf9300 DPL=0 DS   [-WA]
GS =0010 00000000 ffffffff 00cf9300 DPL=0 DS   [-WA]
LDT=0000 00000000 0000ffff 00008200 DPL=0 LDT
TR =0000 00000000 0000ffff 00008b00 DPL=0 TSS32-busy
GDT=     00108008 00000017
IDT=     00108060 000007ff
CR0=80000011 CR2=00000000 CR3=00000000 CR4=00000000
DR0=00000000 DR1=00000000 DR2=00000000 DR3=00000000 
DR6=ffff0ff0 DR7=00000400
CCS=00000000 CCD=00000558 CCO=EFLAGS
EFER=0000000000000000
Servicing hardware INT=0x20
   168: v=20 e=0000 i=0 cpl=0 IP=0008:0010117e pc=0010117e SP=0010:00107fa4 env->regs[R_EAX]=00000730
EAX=00000730 EBX=00000049 ECX=00000319 EDX=00000009
ESI=000b8000 EDI=00000700 EBP=00107fb0 ESP=00107fa4
EIP=0010117e EFL=00000202 [-------] CPL=0 II=0 A20=1 SMM=0 HLT=0
ES =0010 00000000 ffffffff 00cf9300 DPL=0 DS   [-WA]
CS =0008 00000000 ffffffff 00cf9a00 DPL=0 CS32 [-R-]
SS =0010 00000000 ffffffff 00cf9300 DPL=0 DS   [-WA]
DS =0010 00000000 ffffffff 00cf9300 DPL=0 DS   [-WA]
FS =0010 00000000 ffffffff 00cf9300 DPL=0 DS   [-WA]
GS =0010 00000000 ffffffff 00cf9300 DPL=0 DS   [-WA]
LDT=0000 00000000 0000ffff 00008200 DPL=0 LDT
TR =0000 00000000 0000ffff 00008b00 DPL=0 TSS32-busy
GDT=     00108008 00000017
IDT=     00108060 000007ff
CR0=80000011 CR2=00000000 CR3=00000000 CR4=00000000
DR0=00000000 DR1=00000000 DR2=00000000 DR3=00000000 
DR6=ffff0ff0 DR7=00000400
CCS=00000000 CCD=00000319 CCO=EFLAGS
EFER=0000000000000000
Servicing hardware INT=0x20
   169: v=20 e=0000 i=0 cpl=0 IP=0008:0010117e pc=0010117e SP=0010:d0000fa9 env->regs[R_EAX]=00000741
EAX=00000741 EBX=00000022 ECX=00000432 EDX=0000000d
ESI=000b8000 EDI=00000700 EBP=d0000fb5 ESP=d0000fa9
EIP=0010117e EFL=00000202 [-------] CPL=0 II=0 A20=1 SMM=0 HLT=0
ES =0010 00000000 ffffffff 00cf9300 DPL=0 DS   [-WA]
CS =0008 00000000 ffffffff 00cf9a00 DPL=0 CS32 [-R-]
SS =0010 00000000 ffffffff 00cf9300 DPL=0 DS   [-WA]
DS =0010 00000000 ffffffff 00cf9300 DPL=0 DS   [-WA]
FS =0010 00000000 ffffffff 00cf9300 DPL=0 DS   [-WA]
GS =0010 00000000 ffffffff 00cf9300 DPL=0 DS   [-WA]
LDT=0000 00000000 0000ffff 00008200 DPL=0 LDT
TR =0000 00000000 0000ffff 00008b00 DPL=0 TSS32-busy
GDT=     00108008 00000017
IDT=     00108060 000007ff
CR0=80000011 CR2=00000000 CR3=00000000 CR4=00000000
DR0=00000000 DR1=00000000 DR2=00000000 DR3=00000000 
DR6=ffff0ff0 DR7=00000400
CCS=00000000 CCD=00000432 CCO=EFLAGS
EFER=0000000000000000
Servicing hardware INT=0x20
   170: v=20 e=0000 i=0 cpl=0 IP=0008:0010117e pc=0010117e SP=0010:d0001fb2 env->regs[R_EAX]=00000742
EAX=00000742 EBX=00000007 ECX=00000197 EDX=00000005
ESI=000b8000 EDI=00000700 EBP=d0001fbe ESP=d0001fb2
EIP=0010117e EFL=00000202 [-------] CPL=0 II=0 A20=1 SMM=0 HLT=0
ES =0010 00000000 ffffffff 00cf9300 DPL=0 DS   [-WA]
CS =0008 00000000 ffffffff 00cf9a00 DPL=0 CS32 [-R-]
SS =0010 00000000 ffffffff 00cf9300 DPL=0 DS   [-WA]
DS =0010 00000000 ffffffff 00cf9300 DPL=0 DS   [-WA]
FS =0010 00000000 ffffffff 00cf9300 DPL=0 DS   [-WA]
GS =0010 00000000 ffffffff 00cf9300 DPL=0 DS   [-WA]
LDT=0000 00000000 0000ffff 00008200 DPL=0 LDT
TR =0000 00000000 0000ffff 00008b00 DPL=0 TSS32-busy
GDT=     00108008 00000017
IDT=     00108060 000007ff
CR0=80000011 CR2=00000000 CR3=00000000 CR4=00000000
DR0=00000000 DR1=00000000 DR2=00000000 DR3=00000000 
DR6=ffff0ff0 DR7=00000400
CCS=00000000 CCD=00000197 CCO=EFLAGS
EFER=0000000000000000
Servicing hardware INT=0x20
   171: v=20 e=0000 i=0 cpl=0 IP=0008:0010117e pc=0010117e SP=0010:00107fa4 env->regs[R_EAX]=00000730
EAX=00000730 EBX=0000002b ECX=0000011b EDX=00000003
ESI=000b8000 EDI=00000700 EBP=00107fb0 ESP=00107fa4
EIP=0010117e EFL=00000206 [-----P-] CPL=0 II=0 A20=1 SMM=0 HLT=0
ES =0010 00000000 ffffffff 00cf9300 DPL=0 DS   [-WA]
CS =0008 00000000 ffffffff 00cf9a00 DPL=0 CS32 [-R-]
SS =0010 00000000 ffffffff 00cf9300 DPL=0 DS   [-WA]
DS =0010 00000000 ffffffff 00cf9300 DPL=0 DS   [-WA]
FS =0010 00000000 ffffffff 00cf9300 DPL=0 DS   [-WA]
GS =0010 00000000 ffffffff 00cf9300 DPL=0 DS   [-WA]
LDT=0000 00000000 0000ffff 00008200 DPL=0 LDT
TR =0000 00000000 0000ffff 00008b00 DPL=0 TSS32-busy
GDT=     00108008 00000017
IDT=     00108060 000007ff
CR0=80000011 CR2=00000000 CR3=00000000 CR4=00000000
DR0=00000000 DR1=00000000 DR2=00000000 DR3=00000000 
DR6=ffff0ff0 DR7=00000400
CCS=00000004 CCD=0000011b CCO=EFLAGS
EFER=0000000000000000
Servicing hardware INT=0x20
   172: v=20 e=0000 i=0 cpl=0 IP=0008:0010117e pc=0010117e SP=0010:d0000fa9 env->regs[R_EAX]=00000741
EAX=00000741 EBX=0000001a ECX=0000051a EDX=00000010
ESI=000b8000 EDI=00000700 EBP=d0000fb5 ESP=d0000fa9
EIP=0010117e EFL=00000202 [-------] CPL=0 II=0 A20=1 SMM=0 HLT=0
ES =0010 00000000 ffffffff 00cf9300 DPL=0 DS   [-WA]
CS =0008 00000000 ffffffff 00cf9a00 DPL=0 CS32 [-R-]
SS =0010 00000000 ffffffff 00cf9300 DPL=0 DS   [-WA]
DS =0010 00000000 ffffffff 00cf9300 DPL=0 DS   [-WA]
FS =0010 00000000 ffffffff 00cf9300 DPL=0 DS   [-WA]
GS =0010 00000000 ffffffff 00cf9300 DPL=0 DS   [-WA]
LDT=0000 00000000 0000ffff 00008200 DPL=0 LDT
TR =0000 00000000 0000ffff 00008b00 DPL=0 TSS32-busy
GDT=     00108008 00000017
IDT=     00108060 000007ff
CR0=80000011 CR2=00000000 CR3=00000000 CR4=00000000
DR0=00000000 DR1=00000000 DR2=00000000 DR3=00000000 
DR6=ffff0ff0 DR7=00000400
CCS=00000000 CCD=0000051a CCO=EFLAGS
EFER=0000000000000000
Servicing hardware INT=0x20
   173: v=20 e=0000 i=0 cpl=0 IP=0008:0010117e pc=0010117e SP=0010:d0001fb2 env->regs[R_EAX]=00000742
EAX=00000742 EBX=00000031 ECX=000007b1 EDX=00000018
ESI=000b8000 EDI=00000700 EBP=d0001fbe ESP=d0001fb2
EIP=0010117e EFL=00000206 [-----P-] CPL=0 II=0 A20=1 SMM=0 HLT=0
ES =0010 00000000 ffffffff 00cf9300 DPL=0 DS   [-WA]
CS =0008 00000000 ffffffff 00cf9a00 DPL=0 CS32 [-R-]
SS =0010 00000000 ffffffff 00cf9300 DPL=0 DS   [-WA]
DS =0010 00000000 ffffffff 00cf9300 DPL=0 DS   [-WA]
FS =0010 00000000 ffffffff 00cf9300 DPL=0 DS   [-WA]
GS =0010 00000000 ffffffff 00cf9300 DPL=0 DS   [-WA]
LDT=0000 00000000 0000ffff 00008200 DPL=0 LDT
TR =0000 00000000 0000ffff 00008b00 DPL=0 TSS32-busy
GDT=     00108008 00000017
IDT=     00108060 000007ff
CR0=80000011 CR2=00000000 CR3=00000000 CR4=00000000
DR0=00000000 DR1=00000000 DR2=00000000 DR3=00000000 
DR6=ffff0ff0 DR7=00000400
CCS=00000004 CCD=000007b1 CCO=EFLAGS
EFER=0000000000000000
Servicing hardware INT=0x20
   174: v=20 e=0000 i=0 cpl=0 IP=0008:0010117e pc=0010117e SP=0010:00107fa4 env->regs[R_EAX]=00000730
EAX=00000730 EBX=0000003b ECX=000003ab EDX=0000000b
ESI=000b8000 EDI=00000700 EBP=00107fb0 ESP=00107fa4
EIP=0010117e EFL=00000202 [-------] CPL=0 II=0 A20=1 SMM=0 HLT=0
ES =0010 00000000 ffffffff 00cf9300 DPL=0 DS   [-WA]
CS =0008 00000000 ffffffff 00cf9a00 DPL=0 CS32 [-R-]
SS =0010 00000000 ffffffff 00cf9300 DPL=0 DS   [-WA]
DS =0010 00000000 ffffffff 00cf9300 DPL=0 DS   [-WA]
FS =0010 00000000 ffffffff 00cf9300 DPL=0 DS   [-WA]
GS =0010 00000000 ffffffff 00cf9300 DPL=0 DS   [-WA]
LDT=0000 00000000 0000ffff 00008200 DPL=0 LDT
TR =0000 00000000 0000ffff 00008b00 DPL=0 TSS32-busy
GDT=     00108008 00000017
IDT=     00108060 000007ff
CR0=80000011 CR2=00000000 CR3=00000000 CR4=00000000
DR0=00000000 DR1=00000000 DR2=00000000 DR3=00000000 
DR6=ffff0ff0 DR7=00000400
CCS=00000000 CCD=000003ab CCO=EFLAGS
EFER=0000000000000000
Servicing hardware INT=0x20
   175: v=20 e=0000 i=0 cpl=0 IP=0008:0010117e pc=0010117e SP=0010:d0000fa9 env->regs[R_EAX]=00000741
EAX=00000741 EBX=00000006 ECX=00000736 EDX=00000017
ESI=000b8000 EDI=00000700 EBP=d0000fb5 ESP=d0000fa9
EIP=0010117e EFL=00000206 [-----P-] CPL=0 II=0 A20=1 SMM=0 HLT=0
ES =0010 00000000 ffffffff 00cf9300 DPL=0 DS   [-WA]
CS =0008 00000000 ffffffff 00cf9a00 DPL=0 CS32 [-R-]
SS =0010 00000000 ffffffff 00cf9300 DPL=0 DS   [-WA]
DS =0010 00000000 ffffffff 00cf9300 DPL=0 DS   [-WA]
FS =0010 00000000 ffffffff 00cf9300 DPL=0 DS   [-WA]
GS =0010 00000000 ffffffff 00cf9300 DPL=0 DS   [-WA]
LDT=0000 00000000 0000ffff 00008200 DPL=0 LDT
TR =0000 00000000 0000ffff 00008b00 DPL=0 TSS32-busy
GDT=     00108008 00000017
IDT=     00108060 000007ff
CR0=80000011 CR2=00000000 CR3=00000000 CR4=00000000
DR0=00000000 DR1=00000000 DR2=00000000 DR3=00000000 
DR6=ffff0ff0 DR7=00000400
CCS=00000004 CCD=00000736 CCO=EFLAGS
EFER=0000000000000000
Servicing hardware INT=0x20
   176: v=20 e=0000 i=0 cpl=0 IP=0008:0010117e pc=0010117e SP=0010:d0001fb2 env->regs[R_EAX]=00000742
EAX=00000742 EBX=0000001e ECX=000001fe EDX=00000006
ESI=000b8000 EDI=00000700 EBP=d0001fbe ESP=d0001fb2
EIP=0010117e EFL=00000202 [-------] CPL=0 II=0 A20=1 SMM=0 HLT=0
ES =0010 00000000 ffffffff 00cf9300 DPL=0 DS   [-WA]
CS =0008 00000000 ffffffff 00cf9a00 DPL=0 CS32 [-R-]
SS =0010 00000000 ffffffff 00cf9300 DPL=0 DS   [-WA]
DS =0010 00000000 ffffffff 00cf9300 DPL=0 DS   [-WA]
FS =0010 00000000 ffffffff 00cf9300 DPL=0 DS   [-WA]
GS =0010 00000000 ffffffff 00cf9300 DPL=0 DS   [-WA]
LDT=0000 00000000 0000ffff 00008200 DPL=0 LDT
TR =0000 00000000 0000ffff 00008b00 DPL=0 TSS32-busy
GDT=     00108008 00000017
IDT=     00108060 000007ff
CR0=80000011 CR2=00000000 CR3=00000000 CR4=00000000
DR0=00000000 DR1=00000000 DR2=00000000 DR3=00000000 
DR6=ffff0ff0 DR7=00000400
CCS=00000000 CCD=000001fe CCO=EFLAGS
EFER=0000000000000000
Servicing hardware INT=0x20
   177: v=20 e=0000 i=0 cpl=0 IP=0008:0010117e pc=0010117e SP=0010:00107fa4 env->regs[R_EAX]=00000730
EAX=00000730 EBX=0000002e ECX=0000020e EDX=00000006
ESI=000b8000 EDI=00000700 EBP=00107fb0 ESP=00107fa4
EIP=0010117e EFL=00000202 [-------] CPL=0 II=0 A20=1 SMM=0 HLT=0
ES =0010 00000000 ffffffff 00cf9300 DPL=0 DS   [-WA]
CS =0008 00000000 ffffffff 00cf9a00 DPL=0 CS32 [-R-]
SS =0010 00000000 ffffffff 00cf9300 DPL=0 DS   [-WA]
DS =0010 00000000 ffffffff 00cf9300 DPL=0 DS   [-WA]
FS =0010 00000000 ffffffff 00cf9300 DPL=0 DS   [-WA]
GS =0010 00000000 ffffffff 00cf9300 DPL=0 DS   [-WA]
LDT=0000 00000000 0000ffff 00008200 DPL=0 LDT
TR =0000 00000000 0000ffff 00008b00 DPL=0 TSS32-busy
GDT=     00108008 00000017
IDT=     00108060 000007ff
CR0=80000011 CR2=00000000 CR3=00000000 CR4=00000000
DR0=00000000 DR1=00000000 DR2=00000000 DR3=00000000 
DR6=ffff0ff0 DR7=00000400
CCS=00000000 CCD=0000020e CCO=EFLAGS
EFER=0000000000000000
Servicing hardware INT=0x20
   178: v=20 e=0000 i=0 cpl=0 IP=0008:0010117e pc=0010117e SP=0010:d0000fa9 env->regs[R_EAX]=00000741
EAX=00000741 EBX=0000000a ECX=0000005a EDX=00000001
ESI=000b8000 EDI=00000700 EBP=d0000fb5 ESP=d0000fa9
EIP=0010117e EFL=00000206 [-----P-] CPL=0 II=0 A20=1 SMM=0 HLT=0
ES =0010 00000000 ffffffff 00cf9300 DPL=0 DS   [-WA]
CS =0008 00000000 ffffffff 00cf9a00 DPL=0 CS32 [-R-]
SS =0010 00000000 ffffffff 00cf9300 DPL=0 DS   [-WA]
DS =0010 00000000 ffffffff 00cf9300 DPL=0 DS   [-WA]
FS =0010 00000000 ffffffff 00cf9300 DPL=0 DS   [-WA]
GS =0010 00000000 ffffffff 00cf9300 DPL=0 DS   [-WA]
LDT=0000 00000000 0000ffff 00008200 DPL=0 LDT
TR =0000 00000000 0000ffff 00008b00 DPL=0 TSS32-busy
GDT=     00108008 00000017
IDT=     00108060 000007ff
CR0=80000011 CR2=00000000 CR3=00000000 CR4=00000000
DR0=00000000 DR1=00000000 DR2=00000000 DR3=00000000 
DR6=ffff0ff0 DR7=00000400
CCS=00000004 CCD=0000005a CCO=EFLAGS
EFER=0000000000000000
Servicing hardware INT=0x20
   179: v=20 e=0000 i=0 cpl=0 IP=0008:0010117e pc=0010117e SP=0010:d0001fb2 env->regs[R_EAX]=00000742
EAX=00000742 EBX=00000012 ECX=00000472 EDX=0000000e
ESI=000b8000 EDI=00000700 EBP=d0001fbe ESP=d0001fb2
EIP=0010117e EFL=00000206 [-----P-] CPL=0 II=0 A20=1 SMM=0 HLT=0
ES =0010 00000000 ffffffff 00cf9300 DPL=0 DS   [-WA]
CS =0008 00000000 ffffffff 00cf9a00 DPL=0 CS32 [-R-]
SS =0010 00000000 ffffffff 00cf9300 DPL=0 DS   [-WA]
DS =0010 00000000 ffffffff 00cf9300 DPL=0 DS   [-WA]
FS =0010 00000000 ffffffff 00cf9300 DPL=0 DS   [-WA]
GS =0010 00000000 ffffffff 00cf9300 DPL=0 DS   [-WA]
LDT=0000 00000000 0000ffff 00008200 DPL=0 LDT
TR =0000 00000000 0000ffff 00008b00 DPL=0 TSS32-busy
GDT=     00108008 00000017
IDT=     00108060 000007ff
CR0=80000011 CR2=00000000 CR3=00000000 CR4=00000000
DR0=00000000 DR1=00000000 DR2=00000000 DR3=00000000 
DR6=ffff0ff0 DR7=00000400
CCS=00000004 CCD=00000472 CCO=EFLAGS
EFER=0000000000000000
Servicing hardware INT=0x20
   180: v=20 e=0000 i=0 cpl=0 IP=0008:0010117e pc=0010117e SP=0010:00107fa4 env->regs[R_EAX]=00000730
EAX=00000730 EBX=00000004 ECX=00000374 EDX=0000000b
ESI=000b8000 EDI=00000700 EBP=00107fb0 ESP=00107fa4
EIP=0010117e EFL=00000206 [-----P-] CPL=0 II=0 A20=1 SMM=0 HLT=0
ES =0010 00000000 ffffffff 00cf9300 DPL=0 DS   [-WA]
CS =0008 00000000 ffffffff 00cf9a00 DPL=0 CS32 [-R-]
SS =0010 00000000 ffffffff 00cf9300 DPL=0 DS   [-WA]
DS =0010 00000000 ffffffff 00cf9300 DPL=0 DS   [-WA]
FS =0010 00000000 ffffffff 00cf9300 DPL=0 DS   [-WA]
GS =0010 00000000 ffffffff 00cf9300 DPL=0 DS   [-WA]
LDT=0000 00000000 0000ffff 00008200 DPL=0 LDT
TR =0000 00000000 0000ffff 00008b00 DPL=0 TSS32-busy
GDT=     00108008 00000017
IDT=     00108060 000007ff
CR0=80000011 CR2=00000000 CR3=00000000 CR4=00000000
DR0=00000000 DR1=00000000 DR2=00000000 DR3=00000000 
DR6=ffff0ff0 DR7=00000400
CCS=00000004 CCD=00000374 CCO=EFLAGS
EFER=0000000000000000
Servicing hardware INT=0x20
   181: v=20 e=0000 i=0 cpl=0 IP=0008:0010117e pc=0010117e SP=0010:d0000fa9 env->regs[R_EAX]=00000741
EAX=00000741 EBX=0000001e ECX=0000029e EDX=00000008
ESI=000b8000 EDI=00000700 EBP=d0000fb5 ESP=d0000fa9
EIP=0010117e EFL=00000202 [-------] CPL=0 II=0 A20=1 SMM=0 HLT=0
ES =0010 00000000 ffffffff 00cf9300 DPL=0 DS   [-WA]
CS =0008 00000000 ffffffff 00cf9a00 DPL=0 CS32 [-R-]
SS =0010 00000000 ffffffff 00cf9300 DPL=0 DS   [-WA]
DS =0010 00000000 ffffffff 00cf9300 DPL=0 DS   [-WA]
FS =0010 00000000 ffffffff 00cf9300 DPL=0 DS   [-WA]
GS =0010 00000000 ffffffff 00cf9300 DPL=0 DS   [-WA]
LDT=0000 00000000 0000ffff 00008200 DPL=0 LDT
TR =0000 00000000 0000ffff 00008b00 DPL=0 TSS32-busy
GDT=     00108008 00000017
IDT=     00108060 000007ff
CR0=80000011 CR2=00000000 CR3=00000000 CR4=00000000
DR0=00000000 DR1=00000000 DR2=00000000 DR3=00000000 
DR6=ffff0ff0 DR7=00000400
CCS=00000000 CCD=0000029e CCO=EFLAGS
EFER=0000000000000000
Servicing hardware INT=0x20
   182: v=20 e=0000 i=0 cpl=0 IP=0008:0010117e pc=0010117e SP=0010:d0001fb2 env->regs[R_EAX]=00000742
EAX=00000742 EBX=00000001 ECX=00000411 EDX=0000000d
ESI=000b8000 EDI=00000700 EBP=d0001fbe ESP=d0001fb2
EIP=0010117e EFL=00000206 [-----P-] CPL=0 II=0 A20=1 SMM=0 HLT=0
ES =0010 00000000 ffffffff 00cf9300 DPL=0 DS   [-WA]
CS =0008 00000000 ffffffff 00cf9a00 DPL=0 CS32 [-R-]
SS =0010 00000000 ffffffff 00cf9300 DPL=0 DS   [-WA]
DS =0010 00000000 ffffffff 00cf9300 DPL=0 DS   [-WA]
FS =0010 00000000 ffffffff 00cf9300 DPL=0 DS   [-WA]
GS =0010 00000000 ffffffff 00cf9300 DPL=0 DS   [-WA]
LDT=0000 00000000 0000ffff 00008200 DPL=0 LDT
TR =0000 00000000 0000ffff 00008b00 DPL=0 TSS32-busy
GDT=     00108008 00000017
IDT=     00108060 000007ff
CR0=80000011 CR2=00000000 CR3=00000000 CR4=00000000
DR0=00000000 DR1=00000000 DR2=00000000 DR3=00000000 
DR6=ffff0ff0 DR7=00000400
CCS=00000004 CCD=00000411 CCO=EFLAGS
EFER=0000000000000000
Servicing hardware INT=0x20
   183: v=20 e=0000 i=0 cpl=0 IP=0008:0010117e pc=0010117e SP=0010:00107fa4 env->regs[R_EAX]=00000730
EAX=00000730 EBX=0000004b ECX=000002cb EDX=00000008
ESI=000b8000 EDI=00000700 EBP=00107fb0 ESP=00107fa4
EIP=0010117e EFL=00000202 [-------] CPL=0 II=0 A20=1 SMM=0 HLT=0
ES =0010 00000000 ffffffff 00cf9300 DPL=0 DS   [-WA]
CS =0008 00000000 ffffffff 00cf9a00 DPL=0 CS32 [-R-]
SS =0010 00000000 ffffffff 00cf9300 DPL=0 DS   [-WA]
DS =0010 00000000 ffffffff 00cf9300 DPL=0 DS   [-WA]
FS =0010 00000000 ffffffff 00cf9300 DPL=0 DS   [-WA]
GS =0010 00000000 ffffffff 00cf9300 DPL=0 DS   [-WA]
LDT=0000 00000000 0000ffff 00008200 DPL=0 LDT
TR =0000 00000000 0000ffff 00008b00 DPL=0 TSS32-busy
GDT=     00108008 00000017
IDT=     00108060 000007ff
CR0=80000011 CR2=00000000 CR3=00000000 CR4=00000000
DR0=00000000 DR1=00000000 DR2=00000000 DR3=00000000 
DR6=ffff0ff0 DR7=00000400
CCS=00000000 CCD=000002cb CCO=EFLAGS
EFER=0000000000000000
Servicing hardware INT=0x20
   184: v=20 e=0000 i=0 cpl=0 IP=0008:0010117a pc=0010117a SP=0010:d0000fa9 env->regs[R_EAX]=00000741
EAX=00000741 EBX=00000009 ECX=00000149 EDX=00000004
ESI=000b8000 EDI=00000700 EBP=d0000fb5 ESP=d0000fa9
EIP=0010117a EFL=00000202 [-------] CPL=0 II=0 A20=1 SMM=0 HLT=0
ES =0010 00000000 ffffffff 00cf9300 DPL=0 DS   [-WA]
CS =0008 00000000 ffffffff 00cf9a00 DPL=0 CS32 [-R-]
SS =0010 00000000 ffffffff 00cf9300 DPL=0 DS   [-WA]
DS =0010 00000000 ffffffff 00cf9300 DPL=0 DS   [-WA]
FS =0010 00000000 ffffffff 00cf9300 DPL=0 DS   [-WA]
GS =0010 00000000 ffffffff 00cf9300 DPL=0 DS   [-WA]
LDT=0000 00000000 0000ffff 00008200 DPL=0 LDT
TR =0000 00000000 0000ffff 00008b00 DPL=0 TSS32-busy
GDT=     00108008 00000017
IDT=     00108060 000007ff
CR0=80000011 CR2=00000000 CR3=00000000 CR4=00000000
DR0=00000000 DR1=00000000 DR2=00000000 DR3=00000000 
DR6=ffff0ff0 DR7=00000400
CCS=00000000 CCD=00000149 CCO=EFLAGS
EFER=0000000000000000
Servicing hardware INT=0x20
   185: v=20 e=0000 i=0 cpl=0 IP=0008:0010117e pc=0010117e SP=0010:d0001fb2 env->regs[R_EAX]=00000742
EAX=00000742 EBX=0000004b ECX=000004ab EDX=0000000e
ESI=000b8000 EDI=00000700 EBP=d0001fbe ESP=d0001fb2
EIP=0010117e EFL=00000202 [-------] CPL=0 II=0 A20=1 SMM=0 HLT=0
ES =0010 00000000 ffffffff 00cf9300 DPL=0 DS   [-WA]
CS =0008 00000000 ffffffff 00cf9a00 DPL=0 CS32 [-R-]
SS =0010 00000000 ffffffff 00cf9300 DPL=0 DS   [-WA]
DS =0010 00000000 ffffffff 00cf9300 DPL=0 DS   [-WA]
FS =0010 00000000 ffffffff 00cf9300 DPL=0 DS   [-WA]
GS =0010 00000000 ffffffff 00cf9300 DPL=0 DS   [-WA]
LDT=0000 00000000 0000ffff 00008200 DPL=0 LDT
TR =0000 00000000 0000ffff 00008b00 DPL=0 TSS32-busy
GDT=     00108008 00000017
IDT=     00108060 000007ff
CR0=80000011 CR2=00000000 CR3=00000000 CR4=00000000
DR0=00000000 DR1=00000000 DR2=00000000 DR3=00000000 
DR6=ffff0ff0 DR7=00000400
CCS=00000000 CCD=000004ab CCO=EFLAGS
EFER=0000000000000000
Servicing hardware INT=0x20
   186: v=20 e=0000 i=0 cpl=0 IP=0008:0010117e pc=0010117e SP=0010:00107fa4 env->regs[R_EAX]=00000730
EAX=00000730 EBX=00000025 ECX=000007a5 EDX=00000018
ESI=000b8000 EDI=00000700 EBP=00107fb0 ESP=00107fa4
EIP=0010117e EFL=00000206 [-----P-] CPL=0 II=0 A20=1 SMM=0 HLT=0
ES =0010 00000000 ffffffff 00cf9300 DPL=0 DS   [-WA]
CS =0008 00000000 ffffffff 00cf9a00 DPL=0 CS32 [-R-]
SS =0010 00000000 ffffffff 00cf9300 DPL=0 DS   [-WA]
DS =0010 00000000 ffffffff 00cf9300 DPL=0 DS   [-WA]
FS =0010 00000000 ffffffff 00cf9300 DPL=0 DS   [-WA]
GS =0010 00000000 ffffffff 00cf9300 DPL=0 DS   [-WA]
LDT=0000 00000000 0000ffff 00008200 DPL=0 LDT
TR =0000 00000000 0000ffff 00008b00 DPL=0 TSS32-busy
GDT=     00108008 00000017
IDT=     00108060 000007ff
CR0=80000011 CR2=00000000 CR3=00000000 CR4=00000000
DR0=00000000 DR1=00000000 DR2=00000000 DR3=00000000 
DR6=ffff0ff0 DR7=00000400
CCS=00000004 CCD=000007a5 CCO=EFLAGS
EFER=0000000000000000
Servicing hardware INT=0x20
   187: v=20 e=0000 i=0 cpl=0 IP=0008:0010117e pc=0010117e SP=0010:d0000fa9 env->regs[R_EAX]=00000741
EAX=00000741 EBX=00000016 ECX=00000606 EDX=00000013
ESI=000b8000 EDI=00000700 EBP=d0000fb5 ESP=d0000fa9
EIP=0010117e EFL=00000206 [-----P-] CPL=0 II=0 A20=1 SMM=0 HLT=0
ES =0010 00000000 ffffffff 00cf9300 DPL=0 DS   [-WA]
CS =0008 00000000 ffffffff 00cf9a00 DPL=0 CS32 [-R-]
SS =0010 00000000 ffffffff 00cf9300 DPL=0 DS   [-WA]
DS =0010 00000000 ffffffff 00cf9300 DPL=0 DS   [-WA]
FS =0010 00000000 ffffffff 00cf9300 DPL=0 DS   [-WA]
GS =0010 00000000 ffffffff 00cf9300 DPL=0 DS   [-WA]
LDT=0000 00000000 0000ffff 00008200 DPL=0 LDT
TR =0000 00000000 0000ffff 00008b00 DPL=0 TSS32-busy
GDT=     00108008 00000017
IDT=     00108060 000007ff
CR0=80000011 CR2=00000000 CR3=00000000 CR4=00000000
DR0=00000000 DR1=00000000 DR2=00000000 DR3=00000000 
DR6=ffff0ff0 DR7=00000400
CCS=00000004 CCD=00000606 CCO=EFLAGS
EFER=0000000000000000
Servicing hardware INT=0x20
   188: v=20 e=0000 i=0 cpl=0 IP=0008:0010117e pc=0010117e SP=0010:d0001fb2 env->regs[R_EAX]=00000742
EAX=00000742 EBX=0000001b ECX=000001fb EDX=00000006
ESI=000b8000 EDI=00000700 EBP=d0001fbe ESP=d0001fb2
EIP=0010117e EFL=00000202 [-------] CPL=0 II=0 A20=1 SMM=0 HLT=0
ES =0010 00000000 ffffffff 00cf9300 DPL=0 DS   [-WA]
CS =0008 00000000 ffffffff 00cf9a00 DPL=0 CS32 [-R-]
SS =0010 00000000 ffffffff 00cf9300 DPL=0 DS   [-WA]
DS =0010 00000000 ffffffff 00cf9300 DPL=0 DS   [-WA]
FS =0010 00000000 ffffffff 00cf9300 DPL=0 DS   [-WA]
GS =0010 00000000 ffffffff 00cf9300 DPL=0 DS   [-WA]
LDT=0000 00000000 0000ffff 00008200 DPL=0 LDT
TR =0000 00000000 0000ffff 00008b00 DPL=0 TSS32-busy
GDT=     00108008 00000017
IDT=     00108060 000007ff
CR0=80000011 CR2=00000000 CR3=00000000 CR4=00000000
DR0=00000000 DR1=00000000 DR2=00000000 DR3=00000000 
DR6=ffff0ff0 DR7=00000400
CCS=00000000 CCD=000001fb CCO=EFLAGS
EFER=0000000000000000
Servicing hardware INT=0x20
   189: v=20 e=0000 i=0 cpl=0 IP=0008:0010117e pc=0010117e SP=0010:00107fa4 env->regs[R_EAX]=00000730
EAX=00000730 EBX=0000004d ECX=0000018d EDX=00000004
ESI=000b8000 EDI=00000700 EBP=00107fb0 ESP=00107fa4
EIP=0010117e EFL=00000206 [-----P-] CPL=0 II=0 A20=1 SMM=0 HLT=0
ES =0010 00000000 ffffffff 00cf9300 DPL=0 DS   [-WA]
CS =0008 00000000 ffffffff 00cf9a00 DPL=0 CS32 [-R-]
SS =0010 00000000 ffffffff 00cf9300 DPL=0 DS   [-WA]
DS =0010 00000000 ffffffff 00cf9300 DPL=0 DS   [-WA]
FS =0010 00000000 ffffffff 00cf9300 DPL=0 DS   [-WA]
GS =0010 00000000 ffffffff 00cf9300 DPL=0 DS   [-WA]
LDT=0000 00000000 0000ffff 00008200 DPL=0 LDT
TR =0000 00000000 0000ffff 00008b00 DPL=0 TSS32-busy
GDT=     00108008 00000017
IDT=     00108060 000007ff
CR0=80000011 CR2=00000000 CR3=00000000 CR4=00000000
DR0=00000000 DR1=00000000 DR2=00000000 DR3=00000000 
DR6=ffff0ff0 DR7=00000400
CCS=00000004 CCD=0000018d CCO=EFLAGS
EFER=0000000000000000
Servicing hardware INT=0x20
   190: v=20 e=0000 i=0 cpl=0 IP=0008:0010117e pc=0010117e SP=0010:d0000fa9 env->regs[R_EAX]=00000741
EAX=00000741 EBX=0000002b ECX=0000011b EDX=00000003
ESI=000b8000 EDI=00000700 EBP=d0000fb5 ESP=d0000fa9
EIP=0010117e EFL=00000206 [-----P-] CPL=0 II=0 A20=1 SMM=0 HLT=0
ES =0010 00000000 ffffffff 00cf9300 DPL=0 DS   [-WA]
CS =0008 00000000 ffffffff 00cf9a00 DPL=0 CS32 [-R-]
SS =0010 00000000 ffffffff 00cf9300 DPL=0 DS   [-WA]
DS =0010 00000000 ffffffff 00cf9300 DPL=0 DS   [-WA]
FS =0010 00000000 ffffffff 00cf9300 DPL=0 DS   [-WA]
GS =0010 00000000 ffffffff 00cf9300 DPL=0 DS   [-WA]
LDT=0000 00000000 0000ffff 00008200 DPL=0 LDT
TR =0000 00000000 0000ffff 00008b00 DPL=0 TSS32-busy
GDT=     00108008 00000017
IDT=     00108060 000007ff
CR0=80000011 CR2=00000000 CR3=00000000 CR4=00000000
DR0=00000000 DR1=00000000 DR2=00000000 DR3=00000000 
DR6=ffff0ff0 DR7=00000400
CCS=00000004 CCD=0000011b CCO=EFLAGS
EFER=0000000000000000
Servicing hardware INT=0x20
   191: v=20 e=0000 i=0 cpl=0 IP=0008:0010117e pc=0010117e SP=0010:d0001fb2 env->regs[R_EAX]=00000742
EAX=00000742 EBX=00000046 ECX=000000e6 EDX=00000002
ESI=000b8000 EDI=00000700 EBP=d0001fbe ESP=d0001fb2
EIP=0010117e EFL=00000202 [-------] CPL=0 II=0 A20=1 SMM=0 HLT=0
ES =0010 00000000 ffffffff 00cf9300 DPL=0 DS   [-WA]
CS =0008 00000000 ffffffff 00cf9a00 DPL=0 CS32 [-R-]
SS =0010 00000000 ffffffff 00cf9300 DPL=0 DS   [-WA]
DS =0010 00000000 ffffffff 00cf9300 DPL=0 DS   [-WA]
FS =0010 00000000 ffffffff 00cf9300 DPL=0 DS   [-WA]
GS =0010 00000000 ffffffff 00cf9300 DPL=0 DS   [-WA]
LDT=0000 00000000 0000ffff 00008200 DPL=0 LDT
TR =0000 00000000 0000ffff 00008b00 DPL=0 TSS32-busy
GDT=     00108008 00000017
IDT=     00108060 000007ff
CR0=80000011 CR2=00000000 CR3=00000000 CR4=00000000
DR0=00000000 DR1=00000000 DR2=00000000 DR3=00000000 
DR6=ffff0ff0 DR7=00000400
CCS=00000000 CCD=000000e6 CCO=EFLAGS
EFER=0000000000000000
Servicing hardware INT=0x20
   192: v=20 e=0000 i=0 cpl=0 IP=0008:0010117e pc=0010117e SP=0010:00107fa4 env->regs[R_EAX]=00000730
EAX=00000730 EBX=00000044 ECX=00000044 EDX=00000000
ESI=000b8000 EDI=00000700 EBP=00107fb0 ESP=00107fa4
EIP=0010117e EFL=00000206 [-----P-] CPL=0 II=0 A20=1 SMM=0 HLT=0
ES =0010 00000000 ffffffff 00cf9300 DPL=0 DS   [-WA]
CS =0008 00000000 ffffffff 00cf9a00 DPL=0 CS32 [-R-]
SS =0010 00000000 ffffffff 00cf9300 DPL=0 DS   [-WA]
DS =0010 00000000 ffffffff 00cf9300 DPL=0 DS   [-WA]
FS =0010 00000000 ffffffff 00cf9300 DPL=0 DS   [-WA]
GS =0010 00000000 ffffffff 00cf9300 DPL=0 DS   [-WA]
LDT=0000 00000000 0000ffff 00008200 DPL=0 LDT
TR =0000 00000000 0000ffff 00008b00 DPL=0 TSS32-busy
GDT=     00108008 00000017
IDT=     00108060 000007ff
CR0=80000011 CR2=00000000 CR3=00000000 CR4=00000000
DR0=00000000 DR1=00000000 DR2=00000000 DR3=00000000 
DR6=ffff0ff0 DR7=00000400
CCS=00000004 CCD=00000044 CCO=EFLAGS
EFER=0000000000000000
Servicing hardware INT=0x20
   193: v=20 e=0000 i=0 cpl=0 IP=0008:0010117e pc=0010117e SP=0010:d0000fa9 env->regs[R_EAX]=00000741
EAX=00000741 EBX=00000039 ECX=000005d9 EDX=00000012
ESI=000b8000 EDI=00000700 EBP=d0000fb5 ESP=d0000fa9
EIP=0010117e EFL=00000202 [-------] CPL=0 II=0 A20=1 SMM=0 HLT=0
ES =0010 00000000 ffffffff 00cf9300 DPL=0 DS   [-WA]
CS =0008 00000000 ffffffff 00cf9a00 DPL=0 CS32 [-R-]
SS =0010 00000000 ffffffff 00cf9300 DPL=0 DS   [-WA]
DS =0010 00000000 ffffffff 00cf9300 DPL=0 DS   [-WA]
FS =0010 00000000 ffffffff 00cf9300 DPL=0 DS   [-WA]
GS =0010 00000000 ffffffff 00cf9300 DPL=0 DS   [-WA]
LDT=0000 00000000 0000ffff 00008200 DPL=0 LDT
TR =0000 00000000 0000ffff 00008b00 DPL=0 TSS32-busy
GDT=     00108008 00000017
IDT=     00108060 000007ff
CR0=80000011 CR2=00000000 CR3=00000000 CR4=00000000
DR0=00000000 DR1=00000000 DR2=00000000 DR3=00000000 
DR6=ffff0ff0 DR7=00000400
CCS=00000000 CCD=000005d9 CCO=EFLAGS
EFER=0000000000000000
Servicing hardware INT=0x20
   194: v=20 e=0000 i=0 cpl=0 IP=0008:0010117e pc=0010117e SP=0010:d0001fb2 env->regs[R_EAX]=00000742
EAX=00000742 EBX=00000011 ECX=000006a1 EDX=00000015
ESI=000b8000 EDI=00000700 EBP=d0001fbe ESP=d0001fb2
EIP=0010117e EFL=00000202 [-------] CPL=0 II=0 A20=1 SMM=0 HLT=0
ES =0010 00000000 ffffffff 00cf9300 DPL=0 DS   [-WA]
CS =0008 00000000 ffffffff 00cf9a00 DPL=0 CS32 [-R-]
SS =0010 00000000 ffffffff 00cf9300 DPL=0 DS   [-WA]
DS =0010 00000000 ffffffff 00cf9300 DPL=0 DS   [-WA]
FS =0010 00000000 ffffffff 00cf9300 DPL=0 DS   [-WA]
GS =0010 00000000 ffffffff 00cf9300 DPL=0 DS   [-WA]
LDT=0000 00000000 0000ffff 00008200 DPL=0 LDT
TR =0000 00000000 0000ffff 00008b00 DPL=0 TSS32-busy
GDT=     00108008 00000017
IDT=     00108060 000007ff
CR0=80000011 CR2=00000000 CR3=00000000 CR4=00000000
DR0=00000000 DR1=00000000 DR2=00000000 DR3=00000000 
DR6=ffff0ff0 DR7=00000400
CCS=00000000 CCD=000006a1 CCO=EFLAGS
EFER=0000000000000000
Servicing hardware INT=0x20
   195: v=20 e=0000 i=0 cpl=0 IP=0008:0010117e pc=0010117e SP=0010:00107fa4 env->regs[R_EAX]=00000730
EAX=00000730 EBX=00000006 ECX=000000f6 EDX=00000003
ESI=000b8000 EDI=00000700 EBP=00107fb0 ESP=00107fa4
EIP=0010117e EFL=00000206 [-----P-] CPL=0 II=0 A20=1 SMM=0 HLT=0
ES =0010 00000000 ffffffff 00cf9300 DPL=0 DS   [-WA]
CS =0008 00000000 ffffffff 00cf9a00 DPL=0 CS32 [-R-]
SS =0010 00000000 ffffffff 00cf9300 DPL=0 DS   [-WA]
DS =0010 00000000 ffffffff 00cf9300 DPL=0 DS   [-WA]
FS =0010 00000000 ffffffff 00cf9300 DPL=0 DS   [-WA]
GS =0010 00000000 ffffffff 00cf9300 DPL=0 DS   [-WA]
LDT=0000 00000000 0000ffff 00008200 DPL=0 LDT
TR =0000 00000000 0000ffff 00008b00 DPL=0 TSS32-busy
GDT=     00108008 00000017
IDT=     00108060 000007ff
CR0=80000011 CR2=00000000 CR3=00000000 CR4=00000000
DR0=00000000 DR1=00000000 DR2=00000000 DR3=00000000 
DR6=ffff0ff0 DR7=00000400
CCS=00000004 CCD=000000f6 CCO=EFLAGS
EFER=0000000000000000
Servicing hardware INT=0x20
   196: v=20 e=0000 i=0 cpl=0 IP=0008:0010117e pc=0010117e SP=0010:d0000fa9 env->regs[R_EAX]=00000741
EAX=00000741 EBX=0000004a ECX=0000072a EDX=00000016
ESI=000b8000 EDI=00000700 EBP=d0000fb5 ESP=d0000fa9
EIP=0010117e EFL=00000202 [-------] CPL=0 II=0 A20=1 SMM=0 HLT=0
ES =0010 00000000 ffffffff 00cf9300 DPL=0 DS   [-WA]
CS =0008 00000000 ffffffff 00cf9a00 DPL=0 CS32 [-R-]
SS =0010 00000000 ffffffff 00cf9300 DPL=0 DS   [-WA]
DS =0010 00000000 ffffffff 00cf9300 DPL=0 DS   [-WA]
FS =0010 00000000 ffffffff 00cf9300 DPL=0 DS   [-WA]
GS =0010 00000000 ffffffff 00cf9300 DPL=0 DS   [-WA]
LDT=0000 00000000 0000ffff 00008200 DPL=0 LDT
TR =0000 00000000 0000ffff 00008b00 DPL=0 TSS32-busy
GDT=     00108008 00000017
IDT=     00108060 000007ff
CR0=80000011 CR2=00000000 CR3=00000000 CR4=00000000
DR0=00000000 DR1=00000000 DR2=00000000 DR3=00000000 
DR6=ffff0ff0 DR7=00000400
CCS=00000000 CCD=0000072a CCO=EFLAGS
EFER=0000000000000000
Servicing hardware INT=0x20
   197: v=20 e=0000 i=0 cpl=0 IP=0008:0010117e pc=0010117e SP=0010:d0001fb2 env->regs[R_EAX]=00000742
EAX=00000742 EBX=0000003e ECX=0000053e EDX=00000010
ESI=000b8000 EDI=00000700 EBP=d0001fbe ESP=d0001fb2
EIP=0010117e EFL=00000202 [-------] CPL=0 II=0 A20=1 SMM=0 HLT=0
ES =0010 00000000 ffffffff 00cf9300 DPL=0 DS   [-WA]
CS =0008 00000000 ffffffff 00cf9a00 DPL=0 CS32 [-R-]
SS =0010 00000000 ffffffff 00cf9300 DPL=0 DS   [-WA]
DS =0010 00000000 ffffffff 00cf9300 DPL=0 DS   [-WA]
FS =0010 00000000 ffffffff 00cf9300 DPL=0 DS   [-WA]
GS =0010 00000000 ffffffff 00cf9300 DPL=0 DS   [-WA]
LDT=0000 00000000 0000ffff 00008200 DPL=0 LDT
TR =0000 00000000 0000ffff 00008b00 DPL=0 TSS32-busy
GDT=     00108008 00000017
IDT=     00108060 000007ff
CR0=80000011 CR2=00000000 CR3=00000000 CR4=00000000
DR0=00000000 DR1=00000000 DR2=00000000 DR3=00000000 
DR6=ffff0ff0 DR7=00000400
CCS=00000000 CCD=0000053e CCO=EFLAGS
EFER=0000000000000000
Servicing hardware INT=0x20
   198: v=20 e=0000 i=0 cpl=0 IP=0008:0010117e pc=0010117e SP=0010:00107fa4 env->regs[R_EAX]=00000730
EAX=00000730 EBX=00000011 ECX=000002e1 EDX=00000009
ESI=000b8000 EDI=00000700 EBP=00107fb0 ESP=00107fa4
EIP=0010117e EFL=00000206 [-----P-] CPL=0 II=0 A20=1 SMM=0 HLT=0
ES =0010 00000000 ffffffff 00cf9300 DPL=0 DS   [-WA]
CS =0008 00000000 ffffffff 00cf9a00 DPL=0 CS32 [-R-]
SS =0010 00000000 ffffffff 00cf9300 DPL=0 DS   [-WA]
DS =0010 00000000 ffffffff 00cf9300 DPL=0 DS   [-WA]
FS =0010 00000000 ffffffff 00cf9300 DPL=0 DS   [-WA]
GS =0010 00000000 ffffffff 00cf9300 DPL=0 DS   [-WA]
LDT=0000 00000000 0000ffff 00008200 DPL=0 LDT
TR =0000 00000000 0000ffff 00008b00 DPL=0 TSS32-busy
GDT=     00108008 00000017
IDT=     00108060 000007ff
CR0=80000011 CR2=00000000 CR3=00000000 CR4=00000000
DR0=00000000 DR1=00000000 DR2=00000000 DR3=00000000 
DR6=ffff0ff0 DR7=00000400
CCS=00000004 CCD=000002e1 CCO=EFLAGS
EFER=0000000000000000
Servicing hardware INT=0x20
   199: v=20 e=0000 i=0 cpl=0 IP=0008:0010117e pc=0010117e SP=0010:d0000fa9 env->regs[R_EAX]=00000741
EAX=00000741 EBX=0000001e ECX=0000047e EDX=0000000e
ESI=000b8000 EDI=00000700 EBP=d0000fb5 ESP=d0000fa9
EIP=0010117e EFL=00000206 [-----P-] CPL=0 II=0 A20=1 SMM=0 HLT=0
ES =0010 00000000 ffffffff 00cf9300 DPL=0 DS   [-WA]
CS =0008 00000000 ffffffff 00cf9a00 DPL=0 CS32 [-R-]
SS =0010 00000000 ffffffff 00cf9300 DPL=0 DS   [-WA]
DS =0010 00000000 ffffffff 00cf9300 DPL=0 DS   [-WA]
FS =0010 00000000 ffffffff 00cf9300 DPL=0 DS   [-WA]
GS =0010 00000000 ffffffff 00cf9300 DPL=0 DS   [-WA]
LDT=0000 00000000 0000ffff 00008200 DPL=0 LDT
TR =0000 00000000 0000ffff 00008b00 DPL=0 TSS32-busy
GDT=     00108008 00000017
IDT=     00108060 000007ff
CR0=80000011 CR2=00000000 CR3=00000000 CR4=00000000
DR0=00000000 DR1=00000000 DR2=00000000 DR3=00000000 
DR6=ffff0ff0 DR7=00000400
CCS=00000004 CCD=0000047e CCO=EFLAGS
EFER=0000000000000000
Servicing hardware INT=0x20
   200: v=20 e=0000 i=0 cpl=0 IP=0008:0010117e pc=0010117e SP=0010:d0001fb2 env->regs[R_EAX]=00000742
EAX=00000742 EBX=00000029 ECX=00000709 EDX=00000016
ESI=000b8000 EDI=00000700 EBP=d0001fbe ESP=d0001fb2
EIP=0010117e EFL=00000206 [-----P-] CPL=0 II=0 A20=1 SMM=0 HLT=0
ES =0010 00000000 ffffffff 00cf9300 DPL=0 DS   [-WA]
CS =0008 00000000 ffffffff 00cf9a00 DPL=0 CS32 [-R-]
SS =0010 00000000 ffffffff 00cf9300 DPL=0 DS   [-WA]
DS =0010 00000000 ffffffff 00cf9300 DPL=0 DS   [-WA]
FS =0010 00000000 ffffffff 00cf9300 DPL=0 DS   [-WA]
GS =0010 00000000 ffffffff 00cf9300 DPL=0 DS   [-WA]
LDT=0000 00000000 0000ffff 00008200 DPL=0 LDT
TR =0000 00000000 0000ffff 00008b00 DPL=0 TSS32-busy
GDT=     00108008 00000017
IDT=     00108060 000007ff
CR0=80000011 CR2=00000000 CR3=00000000 CR4=00000000
DR0=00000000 DR1=00000000 DR2=00000000 DR3=00000000 
DR6=ffff0ff0 DR7=00000400
CCS=00000004 CCD=00000709 CCO=EFLAGS
EFER=0000000000000000
Servicing hardware INT=0x20
   201: v=20 e=0000 i=0 cpl=0 IP=0008:0010117e pc=0010117e SP=0010:00107fa4 env->regs[R_EAX]=00000730
EAX=00000730 EBX=0000004a ECX=000003ba EDX=0000000b
ESI=000b8000 EDI=00000700 EBP=00107fb0 ESP=00107fa4
EIP=0010117e EFL=00000202 [-------] CPL=0 II=0 A20=1 SMM=0 HLT=0
ES =0010 00000000 ffffffff 00cf9300 DPL=0 DS   [-WA]
CS =0008 00000000 ffffffff 00cf9a00 DPL=0 CS32 [-R-]
SS =0010 00000000 ffffffff 00cf9300 DPL=0 DS   [-WA]
DS =0010 00000000 ffffffff 00cf9300 DPL=0 DS   [-WA]
FS =0010 00000000 ffffffff 00cf9300 DPL=0 DS   [-WA]
GS =0010 00000000 ffffffff 00cf9300 DPL=0 DS   [-WA]
LDT=0000 00000000 0000ffff 00008200 DPL=0 LDT
TR =0000 00000000 0000ffff 00008b00 DPL=0 TSS32-busy
GDT=     00108008 00000017
IDT=     00108060 000007ff
CR0=80000011 CR2=00000000 CR3=00000000 CR4=00000000
DR0=00000000 DR1=00000000 DR2=00000000 DR3=00000000 
DR6=ffff0ff0 DR7=00000400
CCS=00000000 CCD=000003ba CCO=EFLAGS
EFER=0000000000000000
Servicing hardware INT=0x20
   202: v=20 e=0000 i=0 cpl=0 IP=0008:0010117e pc=0010117e SP=0010:d0000fa9 env->regs[R_EAX]=00000741
EAX=00000741 EBX=00000043 ECX=00000043 EDX=00000000
ESI=000b8000 EDI=00000700 EBP=d0000fb5 ESP=d0000fa9
EIP=0010117e EFL=00000202 [-------] CPL=0 II=0 A20=1 SMM=0 HLT=0
ES =0010 00000000 ffffffff 00cf9300 DPL=0 DS   [-WA]
CS =0008 00000000 ffffffff 00cf9a00 DPL=0 CS32 [-R-]
SS =0010 00000000 ffffffff 00cf9300 DPL=0 DS   [-WA]
DS =0010 00000000 ffffffff 00cf9300 DPL=0 DS   [-WA]
FS =0010 00000000 ffffffff 00cf9300 DPL=0 DS   [-WA]
GS =0010 00000000 ffffffff 00cf9300 DPL=0 DS   [-WA]
LDT=0000 00000000 0000ffff 00008200 DPL=0 LDT
TR =0000 00000000 0000ffff 00008b00 DPL=0 TSS32-busy
GDT=     00108008 00000017
IDT=     00108060 000007ff
CR0=80000011 CR2=00000000 CR3=00000000 CR4=00000000
DR0=00000000 DR1=00000000 DR2=00000000 DR3=00000000 
DR6=ffff0ff0 DR7=00000400
CCS=00000000 CCD=00000043 CCO=EFLAGS
EFER=0000000000000000
Servicing hardware INT=0x20
   203: v=20 e=0000 i=0 cpl=0 IP=0008:0010117e pc=0010117e SP=0010:d0001fb2 env->regs[R_EAX]=00000742
EAX=00000742 EBX=00000048 ECX=000001d8 EDX=00000005
ESI=000b8000 EDI=00000700 EBP=d0001fbe ESP=d0001fb2
EIP=0010117e EFL=00000206 [-----P-] CPL=0 II=0 A20=1 SMM=0 HLT=0
ES =0010 00000000 ffffffff 00cf9300 DPL=0 DS   [-WA]
CS =0008 00000000 ffffffff 00cf9a00 DPL=0 CS32 [-R-]
SS =0010 00000000 ffffffff 00cf9300 DPL=0 DS   [-WA]
DS =0010 00000000 ffffffff 00cf9300 DPL=0 DS   [-WA]
FS =0010 00000000 ffffffff 00cf9300 DPL=0 DS   [-WA]
GS =0010 00000000 ffffffff 00cf9300 DPL=0 DS   [-WA]
LDT=0000 00000000 0000ffff 00008200 DPL=0 LDT
TR =0000 00000000 0000ffff 00008b00 DPL=0 TSS32-busy
GDT=     00108008 00000017
IDT=     00108060 000007ff
CR0=80000011 CR2=00000000 CR3=00000000 CR4=00000000
DR0=00000000 DR1=00000000 DR2=00000000 DR3=00000000 
DR6=ffff0ff0 DR7=00000400
CCS=00000004 CCD=000001d8 CCO=EFLAGS
EFER=0000000000000000
Servicing hardware INT=0x20
   204: v=20 e=0000 i=0 cpl=0 IP=0008:0010117e pc=0010117e SP=0010:00107fa4 env->regs[R_EAX]=00000730
EAX=00000730 EBX=00000023 ECX=00000663 EDX=00000014
ESI=000b8000 EDI=00000700 EBP=00107fb0 ESP=00107fa4
EIP=0010117e EFL=00000206 [-----P-] CPL=0 II=0 A20=1 SMM=0 HLT=0
ES =0010 00000000 ffffffff 00cf9300 DPL=0 DS   [-WA]
CS =0008 00000000 ffffffff 00cf9a00 DPL=0 CS32 [-R-]
SS =0010 00000000 ffffffff 00cf9300 DPL=0 DS   [-WA]
DS =0010 00000000 ffffffff 00cf9300 DPL=0 DS   [-WA]
FS =0010 00000000 ffffffff 00cf9300 DPL=0 DS   [-WA]
GS =0010 00000000 ffffffff 00cf9300 DPL=0 DS   [-WA]
LDT=0000 00000000 0000ffff 00008200 DPL=0 LDT
TR =0000 00000000 0000ffff 00008b00 DPL=0 TSS32-busy
GDT=     00108008 00000017
IDT=     00108060 000007ff
CR0=80000011 CR2=00000000 CR3=00000000 CR4=00000000
DR0=00000000 DR1=00000000 DR2=00000000 DR3=00000000 
DR6=ffff0ff0 DR7=00000400
CCS=00000004 CCD=00000663 CCO=EFLAGS
EFER=0000000000000000
Servicing hardware INT=0x20
   205: v=20 e=0000 i=0 cpl=0 IP=0008:0010117e pc=0010117e SP=0010:d0000fa9 env->regs[R_EAX]=00000741
EAX=00000741 EBX=0000003b ECX=0000044b EDX=0000000d
ESI=000b8000 EDI=00000700 EBP=d0000fb5 ESP=d0000fa9
EIP=0010117e EFL=00000206 [-----P-] CPL=0 II=0 A20=1 SMM=0 HLT=0
ES =0010 00000000 ffffffff 00cf9300 DPL=0 DS   [-WA]
CS =0008 00000000 ffffffff 00cf9a00 DPL=0 CS32 [-R-]
SS =0010 00000000 ffffffff 00cf9300 DPL=0 DS   [-WA]
DS =0010 00000000 ffffffff 00cf9300 DPL=0 DS   [-WA]
FS =0010 00000000 ffffffff 00cf9300 DPL=0 DS   [-WA]
GS =0010 00000000 ffffffff 00cf9300 DPL=0 DS   [-WA]
LDT=0000 00000000 0000ffff 00008200 DPL=0 LDT
TR =0000 00000000 0000ffff 00008b00 DPL=0 TSS32-busy
GDT=     00108008 00000017
IDT=     00108060 000007ff
CR0=80000011 CR2=00000000 CR3=00000000 CR4=00000000
DR0=00000000 DR1=00000000 DR2=00000000 DR3=00000000 
DR6=ffff0ff0 DR7=00000400
CCS=00000004 CCD=0000044b CCO=EFLAGS
EFER=0000000000000000
Servicing hardware INT=0x20
   206: v=20 e=0000 i=0 cpl=0 IP=0008:0010117e pc=0010117e SP=0010:d0001fb2 env->regs[R_EAX]=00000742
EAX=00000742 EBX=00000025 ECX=000003e5 EDX=0000000c
ESI=000b8000 EDI=00000700 EBP=d0001fbe ESP=d0001fb2
EIP=0010117e EFL=00000202 [-------] CPL=0 II=0 A20=1 SMM=0 HLT=0
ES =0010 00000000 ffffffff 00cf9300 DPL=0 DS   [-WA]
CS =0008 00000000 ffffffff 00cf9a00 DPL=0 CS32 [-R-]
SS =0010 00000000 ffffffff 00cf9300 DPL=0 DS   [-WA]
DS =0010 00000000 ffffffff 00cf9300 DPL=0 DS   [-WA]
FS =0010 00000000 ffffffff 00cf9300 DPL=0 DS   [-WA]
GS =0010 00000000 ffffffff 00cf9300 DPL=0 DS   [-WA]
LDT=0000 00000000 0000ffff 00008200 DPL=0 LDT
TR =0000 00000000 0000ffff 00008b00 DPL=0 TSS32-busy
GDT=     00108008 00000017
IDT=     00108060 000007ff
CR0=80000011 CR2=00000000 CR3=00000000 CR4=00000000
DR0=00000000 DR1=00000000 DR2=00000000 DR3=00000000 
DR6=ffff0ff0 DR7=00000400
CCS=00000000 CCD=000003e5 CCO=EFLAGS
EFER=0000000000000000
Servicing hardware INT=0x20
   207: v=20 e=0000 i=0 cpl=0 IP=0008:0010117e pc=0010117e SP=0010:00107fa4 env->regs[R_EAX]=00000730
EAX=00000730 EBX=0000000d ECX=0000005d EDX=00000001
ESI=000b8000 EDI=00000700 EBP=00107fb0 ESP=00107fa4
EIP=0010117e EFL=00000202 [-------] CPL=0 II=0 A20=1 SMM=0 HLT=0
ES =0010 00000000 ffffffff 00cf9300 DPL=0 DS   [-WA]
CS =0008 00000000 ffffffff 00cf9a00 DPL=0 CS32 [-R-]
SS =0010 00000000 ffffffff 00cf9300 DPL=0 DS   [-WA]
DS =0010 00000000 ffffffff 00cf9300 DPL=0 DS   [-WA]
FS =0010 00000000 ffffffff 00cf9300 DPL=0 DS   [-WA]
GS =0010 00000000 ffffffff 00cf9300 DPL=0 DS   [-WA]
LDT=0000 00000000 0000ffff 00008200 DPL=0 LDT
TR =0000 00000000 0000ffff 00008b00 DPL=0 TSS32-busy
GDT=     00108008 00000017
IDT=     00108060 000007ff
CR0=80000011 CR2=00000000 CR3=00000000 CR4=00000000
DR0=00000000 DR1=00000000 DR2=00000000 DR3=00000000 
DR6=ffff0ff0 DR7=00000400
CCS=00000000 CCD=0000005d CCO=EFLAGS
EFER=0000000000000000
Servicing hardware INT=0x20
   208: v=20 e=0000 i=0 cpl=0 IP=0008:0010117e pc=0010117e SP=0010:d0000fa9 env->regs[R_EAX]=00000741
EAX=00000741 EBX=0000001c ECX=000004cc EDX=0000000f
ESI=000b8000 EDI=00000700 EBP=d0000fb5 ESP=d0000fa9
EIP=0010117e EFL=00000206 [-----P-] CPL=0 II=0 A20=1 SMM=0 HLT=0
ES =0010 00000000 ffffffff 00cf9300 DPL=0 DS   [-WA]
CS =0008 00000000 ffffffff 00cf9a00 DPL=0 CS32 [-R-]
SS =0010 00000000 ffffffff 00cf9300 DPL=0 DS   [-WA]
DS =0010 00000000 ffffffff 00cf9300 DPL=0 DS   [-WA]
FS =0010 00000000 ffffffff 00cf9300 DPL=0 DS   [-WA]
GS =0010 00000000 ffffffff 00cf9300 DPL=0 DS   [-WA]
LDT=0000 00000000 0000ffff 00008200 DPL=0 LDT
TR =0000 00000000 0000ffff 00008b00 DPL=0 TSS32-busy
GDT=     00108008 00000017
IDT=     00108060 000007ff
CR0=80000011 CR2=00000000 CR3=00000000 CR4=00000000
DR0=00000000 DR1=00000000 DR2=00000000 DR3=00000000 
DR6=ffff0ff0 DR7=00000400
CCS=00000004 CCD=000004cc CCO=EFLAGS
EFER=0000000000000000
Servicing hardware INT=0x20
   209: v=20 e=0000 i=0 cpl=0 IP=0008:0010117e pc=0010117e SP=0010:d0001fb2 env->regs[R_EAX]=00000742
EAX=00000742 EBX=0000002d ECX=0000075d EDX=00000017
ESI=000b8000 EDI=00000700 EBP=d0001fbe ESP=d0001fb2
EIP=0010117e EFL=00000202 [-------] CPL=0 II=0 A20=1 SMM=0 HLT=0
ES =0010 00000000 ffffffff 00cf9300 DPL=0 DS   [-WA]
CS =0008 00000000 ffffffff 00cf9a00 DPL=0 CS32 [-R-]
SS =0010 00000000 ffffffff 00cf9300 DPL=0 DS   [-WA]
DS =0010 00000000 ffffffff 00cf9300 DPL=0 DS   [-WA]
FS =0010 00000000 ffffffff 00cf9300 DPL=0 DS   [-WA]
GS =0010 00000000 ffffffff 00cf9300 DPL=0 DS   [-WA]
LDT=0000 00000000 0000ffff 00008200 DPL=0 LDT
TR =0000 00000000 0000ffff 00008b00 DPL=0 TSS32-busy
GDT=     00108008 00000017
IDT=     00108060 000007ff
CR0=80000011 CR2=00000000 CR3=00000000 CR4=00000000
DR0=00000000 DR1=00000000 DR2=00000000 DR3=00000000 
DR6=ffff0ff0 DR7=00000400
CCS=00000000 CCD=0000075d CCO=EFLAGS
EFER=0000000000000000
Servicing hardware INT=0x20
   210: v=20 e=0000 i=0 cpl=0 IP=0008:0010117e pc=0010117e SP=0010:00107fa4 env->regs[R_EAX]=00000730
EAX=00000730 EBX=00000041 ECX=000000e1 EDX=00000002
ESI=000b8000 EDI=00000700 EBP=00107fb0 ESP=00107fa4
EIP=0010117e EFL=00000206 [-----P-] CPL=0 II=0 A20=1 SMM=0 HLT=0
ES =0010 00000000 ffffffff 00cf9300 DPL=0 DS   [-WA]
CS =0008 00000000 ffffffff 00cf9a00 DPL=0 CS32 [-R-]
SS =0010 00000000 ffffffff 00cf9300 DPL=0 DS   [-WA]
DS =0010 00000000 ffffffff 00cf9300 DPL=0 DS   [-WA]
FS =0010 00000000 ffffffff 00cf9300 DPL=0 DS   [-WA]
GS =0010 00000000 ffffffff 00cf9300 DPL=0 DS   [-WA]
LDT=0000 00000000 0000ffff 00008200 DPL=0 LDT
TR =0000 00000000 0000ffff 00008b00 DPL=0 TSS32-busy
GDT=     00108008 00000017
IDT=     00108060 000007ff
CR0=80000011 CR2=00000000 CR3=00000000 CR4=00000000
DR0=00000000 DR1=00000000 DR2=00000000 DR3=00000000 
DR6=ffff0ff0 DR7=00000400
CCS=00000004 CCD=000000e1 CCO=EFLAGS
EFER=0000000000000000
Servicing hardware INT=0x20
   211: v=20 e=0000 i=0 cpl=0 IP=0008:0010117e pc=0010117e SP=0010:d0000fa9 env->regs[R_EAX]=00000741
EAX=00000741 EBX=00000000 ECX=000003c0 EDX=0000000c
ESI=000b8000 EDI=00000700 EBP=d0000fb5 ESP=d0000fa9
EIP=0010117e EFL=00000206 [-----P-] CPL=0 II=0 A20=1 SMM=0 HLT=0
ES =0010 00000000 ffffffff 00cf9300 DPL=0 DS   [-WA]
CS =0008 00000000 ffffffff 00cf9a00 DPL=0 CS32 [-R-]
SS =0010 00000000 ffffffff 00cf9300 DPL=0 DS   [-WA]
DS =0010 00000000 ffffffff 00cf9300 DPL=0 DS   [-WA]
FS =0010 00000000 ffffffff 00cf9300 DPL=0 DS   [-WA]
GS =0010 00000000 ffffffff 00cf9300 DPL=0 DS   [-WA]
LDT=0000 00000000 0000ffff 00008200 DPL=0 LDT
TR =0000 00000000 0000ffff 00008b00 DPL=0 TSS32-busy
GDT=     00108008 00000017
IDT=     00108060 000007ff
CR0=80000011 CR2=00000000 CR3=00000000 CR4=00000000
DR0=00000000 DR1=00000000 DR2=00000000 DR3=00000000 
DR6=ffff0ff0 DR7=00000400
CCS=00000004 CCD=000003c0 CCO=EFLAGS
EFER=0000000000000000
Servicing hardware INT=0x20
   212: v=20 e=0000 i=0 cpl=0 IP=0008:0010117e pc=0010117e SP=0010:d0001fb2 env->regs[R_EAX]=00000742
EAX=00000742 EBX=0000004f ECX=000005ef EDX=00000012
ESI=000b8000 EDI=00000700 EBP=d0001fbe ESP=d0001fb2
EIP=0010117e EFL=00000202 [-------] CPL=0 II=0 A20=1 SMM=0 HLT=0
ES =0010 00000000 ffffffff 00cf9300 DPL=0 DS   [-WA]
CS =0008 00000000 ffffffff 00cf9a00 DPL=0 CS32 [-R-]
SS =0010 00000000 ffffffff 00cf9300 DPL=0 DS   [-WA]
DS =0010 00000000 ffffffff 00cf9300 DPL=0 DS   [-WA]
FS =0010 00000000 ffffffff 00cf9300 DPL=0 DS   [-WA]
GS =0010 00000000 ffffffff 00cf9300 DPL=0 DS   [-WA]
LDT=0000 00000000 0000ffff 00008200 DPL=0 LDT
TR =0000 00000000 0000ffff 00008b00 DPL=0 TSS32-busy
GDT=     00108008 00000017
IDT=     00108060 000007ff
CR0=80000011 CR2=00000000 CR3=00000000 CR4=00000000
DR0=00000000 DR1=00000000 DR2=00000000 DR3=00000000 
DR6=ffff0ff0 DR7=00000400
CCS=00000000 CCD=000005ef CCO=EFLAGS
EFER=0000000000000000
Servicing hardware INT=0x20
   213: v=20 e=0000 i=0 cpl=0 IP=0008:0010117e pc=0010117e SP=0010:00107fa4 env->regs[R_EAX]=00000730
EAX=00000730 EBX=0000002c ECX=000001bc EDX=00000005
ESI=000b8000 EDI=00000700 EBP=00107fb0 ESP=00107fa4
EIP=0010117e EFL=00000202 [-------] CPL=0 II=0 A20=1 SMM=0 HLT=0
ES =0010 00000000 ffffffff 00cf9300 DPL=0 DS   [-WA]
CS =0008 00000000 ffffffff 00cf9a00 DPL=0 CS32 [-R-]
SS =0010 00000000 ffffffff 00cf9300 DPL=0 DS   [-WA]
DS =0010 00000000 ffffffff 00cf9300 DPL=0 DS   [-WA]
FS =0010 00000000 ffffffff 00cf9300 DPL=0 DS   [-WA]
GS =0010 00000000 ffffffff 00cf9300 DPL=0 DS   [-WA]
LDT=0000 00000000 0000ffff 00008200 DPL=0 LDT
TR =0000 00000000 0000ffff 00008b00 DPL=0 TSS32-busy
GDT=     00108008 00000017
IDT=     00108060 000007ff
CR0=80000011 CR2=00000000 CR3=00000000 CR4=00000000
DR0=00000000 DR1=00000000 DR2=00000000 DR3=00000000 
DR6=ffff0ff0 DR7=00000400
CCS=00000000 CCD=000001bc CCO=EFLAGS
EFER=0000000000000000
Servicing hardware INT=0x20
   214: v=20 e=0000 i=0 cpl=0 IP=0008:0010117e pc=0010117e SP=0010:d0000fa9 env->regs[R_EAX]=00000741
EAX=00000741 EBX=00000018 ECX=000001a8 EDX=00000005
ESI=000b8000 EDI=00000700 EBP=d0000fb5 ESP=d0000fa9
EIP=0010117e EFL=00000202 [-------] CPL=0 II=0 A20=1 SMM=0 HLT=0
ES =0010 00000000 ffffffff 00cf9300 DPL=0 DS   [-WA]
CS =0008 00000000 ffffffff 00cf9a00 DPL=0 CS32 [-R-]
SS =0010 00000000 ffffffff 00cf9300 DPL=0 DS   [-WA]
DS =0010 00000000 ffffffff 00cf9300 DPL=0 DS   [-WA]
FS =0010 00000000 ffffffff 00cf9300 DPL=0 DS   [-WA]
GS =0010 00000000 ffffffff 00cf9300 DPL=0 DS   [-WA]
LDT=0000 00000000 0000ffff 00008200 DPL=0 LDT
TR =0000 00000000 0000ffff 00008b00 DPL=0 TSS32-busy
GDT=     00108008 00000017
IDT=     00108060 000007ff
CR0=80000011 CR2=00000000 CR3=00000000 CR4=00000000
DR0=00000000 DR1=00000000 DR2=00000000 DR3=00000000 
DR6=ffff0ff0 DR7=00000400
CCS=00000000 CCD=000001a8 CCO=EFLAGS
EFER=0000000000000000
Servicing hardware INT=0x20
   215: v=20 e=0000 i=0 cpl=0 IP=0008:0010117e pc=0010117e SP=0010:d0001fb2 env->regs[R_EAX]=00000742
EAX=00000742 EBX=00000041 ECX=00000541 EDX=00000010
ESI=000b8000 EDI=00000700 EBP=d0001fbe ESP=d0001fb2
EIP=0010117e EFL=00000206 [-----P-] CPL=0 II=0 A20=1 SMM=0 HLT=0
ES =0010 00000000 ffffffff 00cf9300 DPL=0 DS   [-WA]
CS =0008 00000000 ffffffff 00cf9a00 DPL=0 CS32 [-R-]
SS =0010 00000000 ffffffff 00cf9300 DPL=0 DS   [-WA]
DS =0010 00000000 ffffffff 00cf9300 DPL=0 DS   [-WA]
FS =0010 00000000 ffffffff 00cf9300 DPL=0 DS   [-WA]
GS =0010 00000000 ffffffff 00cf9300 DPL=0 DS   [-WA]
LDT=0000 00000000 0000ffff 00008200 DPL=0 LDT
TR =0000 00000000 0000ffff 00008b00 DPL=0 TSS32-busy
GDT=     00108008 00000017
IDT=     00108060 000007ff
CR0=80000011 CR2=00000000 CR3=00000000 CR4=00000000
DR0=00000000 DR1=00000000 DR2=00000000 DR3=00000000 
DR6=ffff0ff0 DR7=00000400
CCS=00000004 CCD=00000541 CCO=EFLAGS
EFER=0000000000000000
Servicing hardware INT=0x20
   216: v=20 e=0000 i=0 cpl=0 IP=0008:00100b8d pc=00100b8d SP=0010:00107fd8 env->regs[R_EAX]=00000016
EAX=00000016 EBX=00000001 ECX=000000b5 EDX=00000002
ESI=00100a00 EDI=00001000 EBP=00107ff0 ESP=00107fd8
EIP=00100b8d EFL=00000246 [---Z-P-] CPL=0 II=0 A20=1 SMM=0 HLT=0
ES =0010 00000000 ffffffff 00cf9300 DPL=0 DS   [-WA]
CS =0008 00000000 ffffffff 00cf9a00 DPL=0 CS32 [-R-]
SS =0010 00000000 ffffffff 00cf9300 DPL=0 DS   [-WA]
DS =0010 00000000 ffffffff 00cf9300 DPL=0 DS   [-WA]
FS =0010 00000000 ffffffff 00cf9300 DPL=0 DS   [-WA]
GS =0010 00000000 ffffffff 00cf9300 DPL=0 DS   [-WA]
LDT=0000 00000000 0000ffff 00008200 DPL=0 LDT
TR =0000 00000000 0000ffff 00008b00 DPL=0 TSS32-busy
GDT=     00108008 00000017
IDT=     00108060 000007ff
CR0=80000011 CR2=00000000 CR3=00000000 CR4=00000000
DR0=00000000 DR1=00000000 DR2=00000000 DR3=00000000 
DR6=ffff0ff0 DR7=00000400
CCS=00000044 CCD=00000000 CCO=EFLAGS
EFER=0000000000000000
Servicing hardware INT=0x20
   217: v=20 e=0000 i=0 cpl=0 IP=0008:0010117e pc=0010117e SP=0010:d0000fa9 env->regs[R_EAX]=00000741
EAX=00000741 EBX=00000011 ECX=00000791 EDX=00000018
ESI=000b8000 EDI=00000700 EBP=d0000fb5 ESP=d0000fa9
EIP=0010117e EFL=00000202 [-------] CPL=0 II=0 A20=1 SMM=0 HLT=0
ES =0010 00000000 ffffffff 00cf9300 DPL=0 DS   [-WA]
CS =0008 00000000 ffffffff 00cf9a00 DPL=0 CS32 [-R-]
SS =0010 00000000 ffffffff 00cf9300 DPL=0 DS   [-WA]
DS =0010 00000000 ffffffff 00cf9300 DPL=0 DS   [-WA]
FS =0010 00000000 ffffffff 00cf9300 DPL=0 DS   [-WA]
GS =0010 00000000 ffffffff 00cf9300 DPL=0 DS   [-WA]
LDT=0000 00000000 0000ffff 00008200 DPL=0 LDT
TR =0000 00000000 0000ffff 00008b00 DPL=0 TSS32-busy
GDT=     00108008 00000017
IDT=     00108060 000007ff
CR0=80000011 CR2=00000000 CR3=00000000 CR4=00000000
DR0=00000000 DR1=00000000 DR2=00000000 DR3=00000000 
DR6=ffff0ff0 DR7=00000400
CCS=00000000 CCD=00000791 CCO=EFLAGS
EFER=0000000000000000
Servicing hardware INT=0x20
   218: v=20 e=0000 i=0 cpl=0 IP=0008:0010117e pc=0010117e SP=0010:d0001fb2 env->regs[R_EAX]=00000742
EAX=00000742 EBX=0000003c ECX=000003ac EDX=0000000b
ESI=000b8000 EDI=00000700 EBP=d0001fbe ESP=d0001fb2
EIP=0010117e EFL=00000206 [-----P-] CPL=0 II=0 A20=1 SMM=0 HLT=0
ES =0010 00000000 ffffffff 00cf9300 DPL=0 DS   [-WA]
CS =0008 00000000 ffffffff 00cf9a00 DPL=0 CS32 [-R-]
SS =0010 00000000 ffffffff 00cf9300 DPL=0 DS   [-WA]
DS =0010 00000000 ffffffff 00cf9300 DPL=0 DS   [-WA]
FS =0010 00000000 ffffffff 00cf9300 DPL=0 DS   [-WA]
GS =0010 00000000 ffffffff 00cf9300 DPL=0 DS   [-WA]
LDT=0000 00000000 0000ffff 00008200 DPL=0 LDT
TR =0000 00000000 0000ffff 00008b00 DPL=0 TSS32-busy
GDT=     00108008 00000017
IDT=     00108060 000007ff
CR0=80000011 CR2=00000000 CR3=00000000 CR4=00000000
DR0=00000000 DR1=00000000 DR2=00000000 DR3=00000000 
DR6=ffff0ff0 DR7=00000400
CCS=00000004 CCD=000003ac CCO=EFLAGS
EFER=0000000000000000
Servicing hardware INT=0x20
   219: v=20 e=0000 i=0 cpl=0 IP=0008:0010117e pc=0010117e SP=0010:00107fa4 env->regs[R_EAX]=00000730
EAX=00000730 EBX=00000025 ECX=00000115 EDX=00000003
ESI=000b8000 EDI=00000700 EBP=00107fb0 ESP=00107fa4
EIP=0010117e EFL=00000202 [-------] CPL=0 II=0 A20=1 SMM=0 HLT=0
ES =0010 00000000 ffffffff 00cf9300 DPL=0 DS   [-WA]
CS =0008 00000000 ffffffff 00cf9a00 DPL=0 CS32 [-R-]
SS =0010 00000000 ffffffff 00cf9300 DPL=0 DS   [-WA]
DS =0010 00000000 ffffffff 00cf9300 DPL=0 DS   [-WA]
FS =0010 00000000 ffffffff 00cf9300 DPL=0 DS   [-WA]
GS =0010 00000000 ffffffff 00cf9300 DPL=0 DS   [-WA]
LDT=0000 00000000 0000ffff 00008200 DPL=0 LDT
TR =0000 00000000 0000ffff 00008b00 DPL=0 TSS32-busy
GDT=     00108008 00000017
IDT=     00108060 000007ff
CR0=80000011 CR2=00000000 CR3=00000000 CR4=00000000
DR0=00000000 DR1=00000000 DR2=00000000 DR3=00000000 
DR6=ffff0ff0 DR7=00000400
CCS=00000000 CCD=00000115 CCO=EFLAGS
EFER=0000000000000000
Servicing hardware INT=0x20
   220: v=20 e=0000 i=0 cpl=0 IP=0008:0010117e pc=0010117e SP=0010:d0000fa9 env->regs[R_EAX]=00000741
EAX=00000741 EBX=0000001e ECX=0000033e EDX=0000000a
ESI=000b8000 EDI=00000700 EBP=d0000fb5 ESP=d0000fa9
EIP=0010117e EFL=00000202 [-------] CPL=0 II=0 A20=1 SMM=0 HLT=0
ES =0010 00000000 ffffffff 00cf9300 DPL=0 DS   [-WA]
CS =0008 00000000 ffffffff 00cf9a00 DPL=0 CS32 [-R-]
SS =0010 00000000 ffffffff 00cf9300 DPL=0 DS   [-WA]
DS =0010 00000000 ffffffff 00cf9300 DPL=0 DS   [-WA]
FS =0010 00000000 ffffffff 00cf9300 DPL=0 DS   [-WA]
GS =0010 00000000 ffffffff 00cf9300 DPL=0 DS   [-WA]
LDT=0000 00000000 0000ffff 00008200 DPL=0 LDT
TR =0000 00000000 0000ffff 00008b00 DPL=0 TSS32-busy
GDT=     00108008 00000017
IDT=     00108060 000007ff
CR0=80000011 CR2=00000000 CR3=00000000 CR4=00000000
DR0=00000000 DR1=00000000 DR2=00000000 DR3=00000000 
DR6=ffff0ff0 DR7=00000400
CCS=00000000 CCD=0000033e CCO=EFLAGS
EFER=0000000000000000
Servicing hardware INT=0x20
   221: v=20 e=0000 i=0 cpl=0 IP=0008:0010117e pc=0010117e SP=0010:d0001fb2 env->regs[R_EAX]=00000742
EAX=00000742 EBX=00000034 ECX=00000264 EDX=00000007
ESI=000b8000 EDI=00000700 EBP=d0001fbe ESP=d0001fb2
EIP=0010117e EFL=00000202 [-------] CPL=0 II=0 A20=1 SMM=0 HLT=0
ES =0010 00000000 ffffffff 00cf9300 DPL=0 DS   [-WA]
CS =0008 00000000 ffffffff 00cf9a00 DPL=0 CS32 [-R-]
SS =0010 00000000 ffffffff 00cf9300 DPL=0 DS   [-WA]
DS =0010 00000000 ffffffff 00cf9300 DPL=0 DS   [-WA]
FS =0010 00000000 ffffffff 00cf9300 DPL=0 DS   [-WA]
GS =0010 00000000 ffffffff 00cf9300 DPL=0 DS   [-WA]
LDT=0000 00000000 0000ffff 00008200 DPL=0 LDT
TR =0000 00000000 0000ffff 00008b00 DPL=0 TSS32-busy
GDT=     00108008 00000017
IDT=     00108060 000007ff
CR0=80000011 CR2=00000000 CR3=00000000 CR4=00000000
DR0=00000000 DR1=00000000 DR2=00000000 DR3=00000000 
DR6=ffff0ff0 DR7=00000400
CCS=00000000 CCD=00000264 CCO=EFLAGS
EFER=0000000000000000
Servicing hardware INT=0x20
   222: v=20 e=0000 i=0 cpl=0 IP=0008:0010117e pc=0010117e SP=0010:00107fa4 env->regs[R_EAX]=00000730
EAX=00000730 EBX=00000005 ECX=000000a5 EDX=00000002
ESI=000b8000 EDI=00000700 EBP=00107fb0 ESP=00107fa4
EIP=0010117e EFL=00000206 [-----P-] CPL=0 II=0 A20=1 SMM=0 HLT=0
ES =0010 00000000 ffffffff 00cf9300 DPL=0 DS   [-WA]
CS =0008 00000000 ffffffff 00cf9a00 DPL=0 CS32 [-R-]
SS =0010 00000000 ffffffff 00cf9300 DPL=0 DS   [-WA]
DS =0010 00000000 ffffffff 00cf9300 DPL=0 DS   [-WA]
FS =0010 00000000 ffffffff 00cf9300 DPL=0 DS   [-WA]
GS =0010 00000000 ffffffff 00cf9300 DPL=0 DS   [-WA]
LDT=0000 00000000 0000ffff 00008200 DPL=0 LDT
TR =0000 00000000 0000ffff 00008b00 DPL=0 TSS32-busy
GDT=     00108008 00000017
IDT=     00108060 000007ff
CR0=80000011 CR2=00000000 CR3=00000000 CR4=00000000
DR0=00000000 DR1=00000000 DR2=00000000 DR3=00000000 
DR6=ffff0ff0 DR7=00000400
CCS=00000004 CCD=000000a5 CCO=EFLAGS
EFER=0000000000000000
Servicing hardware INT=0x20
   223: v=20 e=0000 i=0 cpl=0 IP=0008:0010117e pc=0010117e SP=0010:d0000fa9 env->regs[R_EAX]=00000741
EAX=00000741 EBX=00000009 ECX=000005a9 EDX=00000012
ESI=000b8000 EDI=00000700 EBP=d0000fb5 ESP=d0000fa9
EIP=0010117e EFL=00000206 [-----P-] CPL=0 II=0 A20=1 SMM=0 HLT=0
ES =0010 00000000 ffffffff 00cf9300 DPL=0 DS   [-WA]
CS =0008 00000000 ffffffff 00cf9a00 DPL=0 CS32 [-R-]
SS =0010 00000000 ffffffff 00cf9300 DPL=0 DS   [-WA]
DS =0010 00000000 ffffffff 00cf9300 DPL=0 DS   [-WA]
FS =0010 00000000 ffffffff 00cf9300 DPL=0 DS   [-WA]
GS =0010 00000000 ffffffff 00cf9300 DPL=0 DS   [-WA]
LDT=0000 00000000 0000ffff 00008200 DPL=0 LDT
TR =0000 00000000 0000ffff 00008b00 DPL=0 TSS32-busy
GDT=     00108008 00000017
IDT=     00108060 000007ff
CR0=80000011 CR2=00000000 CR3=00000000 CR4=00000000
DR0=00000000 DR1=00000000 DR2=00000000 DR3=00000000 
DR6=ffff0ff0 DR7=00000400
CCS=00000004 CCD=000005a9 CCO=EFLAGS
EFER=0000000000000000
Servicing hardware INT=0x20
   224: v=20 e=0000 i=0 cpl=0 IP=0008:0010117e pc=0010117e SP=0010:d0001fb2 env->regs[R_EAX]=00000742
EAX=00000742 EBX=0000000d ECX=0000055d EDX=00000011
ESI=000b8000 EDI=00000700 EBP=d0001fbe ESP=d0001fb2
EIP=0010117e EFL=00000202 [-------] CPL=0 II=0 A20=1 SMM=0 HLT=0
ES =0010 00000000 ffffffff 00cf9300 DPL=0 DS   [-WA]
CS =0008 00000000 ffffffff 00cf9a00 DPL=0 CS32 [-R-]
SS =0010 00000000 ffffffff 00cf9300 DPL=0 DS   [-WA]
DS =0010 00000000 ffffffff 00cf9300 DPL=0 DS   [-WA]
FS =0010 00000000 ffffffff 00cf9300 DPL=0 DS   [-WA]
GS =0010 00000000 ffffffff 00cf9300 DPL=0 DS   [-WA]
LDT=0000 00000000 0000ffff 00008200 DPL=0 LDT
TR =0000 00000000 0000ffff 00008b00 DPL=0 TSS32-busy
GDT=     00108008 00000017
IDT=     00108060 000007ff
CR0=80000011 CR2=00000000 CR3=00000000 CR4=00000000
DR0=00000000 DR1=00000000 DR2=00000000 DR3=00000000 
DR6=ffff0ff0 DR7=00000400
CCS=00000000 CCD=0000055d CCO=EFLAGS
EFER=0000000000000000
Servicing hardware INT=0x20
   225: v=20 e=0000 i=0 cpl=0 IP=0008:0010117e pc=0010117e SP=0010:00107fa4 env->regs[R_EAX]=00000730
EAX=00000730 EBX=00000008 ECX=00000008 EDX=00000000
ESI=000b8000 EDI=00000700 EBP=00107fb0 ESP=00107fa4
EIP=0010117e EFL=00000202 [-------] CPL=0 II=0 A20=1 SMM=0 HLT=0
ES =0010 00000000 ffffffff 00cf9300 DPL=0 DS   [-WA]
CS =0008 00000000 ffffffff 00cf9a00 DPL=0 CS32 [-R-]
SS =0010 00000000 ffffffff 00cf9300 DPL=0 DS   [-WA]
DS =0010 00000000 ffffffff 00cf9300 DPL=0 DS   [-WA]
FS =0010 00000000 ffffffff 00cf9300 DPL=0 DS   [-WA]
GS =0010 00000000 ffffffff 00cf9300 DPL=0 DS   [-WA]
LDT=0000 00000000 0000ffff 00008200 DPL=0 LDT
TR =0000 00000000 0000ffff 00008b00 DPL=0 TSS32-busy
GDT=     00108008 00000017
IDT=     00108060 000007ff
CR0=80000011 CR2=00000000 CR3=00000000 CR4=00000000
DR0=00000000 DR1=00000000 DR2=00000000 DR3=00000000 
DR6=ffff0ff0 DR7=00000400
CCS=00000000 CCD=00000008 CCO=EFLAGS
EFER=0000000000000000
Servicing hardware INT=0x20
   226: v=20 e=0000 i=0 cpl=0 IP=0008:0010117e pc=0010117e SP=0010:d0000fa9 env->regs[R_EAX]=00000741
EAX=00000741 EBX=00000021 ECX=00000391 EDX=0000000b
ESI=000b8000 EDI=00000700 EBP=d0000fb5 ESP=d0000fa9
EIP=0010117e EFL=00000202 [-------] CPL=0 II=0 A20=1 SMM=0 HLT=0
ES =0010 00000000 ffffffff 00cf9300 DPL=0 DS   [-WA]
CS =0008 00000000 ffffffff 00cf9a00 DPL=0 CS32 [-R-]
SS =0010 00000000 ffffffff 00cf9300 DPL=0 DS   [-WA]
DS =0010 00000000 ffffffff 00cf9300 DPL=0 DS   [-WA]
FS =0010 00000000 ffffffff 00cf9300 DPL=0 DS   [-WA]
GS =0010 00000000 ffffffff 00cf9300 DPL=0 DS   [-WA]
LDT=0000 00000000 0000ffff 00008200 DPL=0 LDT
TR =0000 00000000 0000ffff 00008b00 DPL=0 TSS32-busy
GDT=     00108008 00000017
IDT=     00108060 000007ff
CR0=80000011 CR2=00000000 CR3=00000000 CR4=00000000
DR0=00000000 DR1=00000000 DR2=00000000 DR3=00000000 
DR6=ffff0ff0 DR7=00000400
CCS=00000000 CCD=00000391 CCO=EFLAGS
EFER=0000000000000000
Servicing hardware INT=0x20
   227: v=20 e=0000 i=0 cpl=0 IP=0008:0010117e pc=0010117e SP=0010:d0001fb2 env->regs[R_EAX]=00000742
EAX=00000742 EBX=00000033 ECX=000002b3 EDX=00000008
ESI=000b8000 EDI=00000700 EBP=d0001fbe ESP=d0001fb2
EIP=0010117e EFL=00000202 [-------] CPL=0 II=0 A20=1 SMM=0 HLT=0
ES =0010 00000000 ffffffff 00cf9300 DPL=0 DS   [-WA]
CS =0008 00000000 ffffffff 00cf9a00 DPL=0 CS32 [-R-]
SS =0010 00000000 ffffffff 00cf9300 DPL=0 DS   [-WA]
DS =0010 00000000 ffffffff 00cf9300 DPL=0 DS   [-WA]
FS =0010 00000000 ffffffff 00cf9300 DPL=0 DS   [-WA]
GS =0010 00000000 ffffffff 00cf9300 DPL=0 DS   [-WA]
LDT=0000 00000000 0000ffff 00008200 DPL=0 LDT
TR =0000 00000000 0000ffff 00008b00 DPL=0 TSS32-busy
GDT=     00108008 00000017
IDT=     00108060 000007ff
CR0=80000011 CR2=00000000 CR3=00000000 CR4=00000000
DR0=00000000 DR1=00000000 DR2=00000000 DR3=00000000 
DR6=ffff0ff0 DR7=00000400
CCS=00000000 CCD=000002b3 CCO=EFLAGS
EFER=0000000000000000
Servicing hardware INT=0x20
   228: v=20 e=0000 i=0 cpl=0 IP=0008:0010117e pc=0010117e SP=0010:00107fa4 env->regs[R_EAX]=00000730
EAX=00000730 EBX=00000049 ECX=000004a9 EDX=0000000e
ESI=000b8000 EDI=00000700 EBP=00107fb0 ESP=00107fa4
EIP=0010117e EFL=00000206 [-----P-] CPL=0 II=0 A20=1 SMM=0 HLT=0
ES =0010 00000000 ffffffff 00cf9300 DPL=0 DS   [-WA]
CS =0008 00000000 ffffffff 00cf9a00 DPL=0 CS32 [-R-]
SS =0010 00000000 ffffffff 00cf9300 DPL=0 DS   [-WA]
DS =0010 00000000 ffffffff 00cf9300 DPL=0 DS   [-WA]
FS =0010 00000000 ffffffff 00cf9300 DPL=0 DS   [-WA]
GS =0010 00000000 ffffffff 00cf9300 DPL=0 DS   [-WA]
LDT=0000 00000000 0000ffff 00008200 DPL=0 LDT
TR =0000 00000000 0000ffff 00008b00 DPL=0 TSS32-busy
GDT=     00108008 00000017
IDT=     00108060 000007ff
CR0=80000011 CR2=00000000 CR3=00000000 CR4=00000000
DR0=00000000 DR1=00000000 DR2=00000000 DR3=00000000 
DR6=ffff0ff0 DR7=00000400
CCS=00000004 CCD=000004a9 CCO=EFLAGS
EFER=0000000000000000
Servicing hardware INT=0x20
   229: v=20 e=0000 i=0 cpl=0 IP=0008:0010117e pc=0010117e SP=0010:d0000fa9 env->regs[R_EAX]=00000741
EAX=00000741 EBX=0000002c ECX=000006bc EDX=00000015
ESI=000b8000 EDI=00000700 EBP=d0000fb5 ESP=d0000fa9
EIP=0010117e EFL=00000202 [-------] CPL=0 II=0 A20=1 SMM=0 HLT=0
ES =0010 00000000 ffffffff 00cf9300 DPL=0 DS   [-WA]
CS =0008 00000000 ffffffff 00cf9a00 DPL=0 CS32 [-R-]
SS =0010 00000000 ffffffff 00cf9300 DPL=0 DS   [-WA]
DS =0010 00000000 ffffffff 00cf9300 DPL=0 DS   [-WA]
FS =0010 00000000 ffffffff 00cf9300 DPL=0 DS   [-WA]
GS =0010 00000000 ffffffff 00cf9300 DPL=0 DS   [-WA]
LDT=0000 00000000 0000ffff 00008200 DPL=0 LDT
TR =0000 00000000 0000ffff 00008b00 DPL=0 TSS32-busy
GDT=     00108008 00000017
IDT=     00108060 000007ff
CR0=80000011 CR2=00000000 CR3=00000000 CR4=00000000
DR0=00000000 DR1=00000000 DR2=00000000 DR3=00000000 
DR6=ffff0ff0 DR7=00000400
CCS=00000000 CCD=000006bc CCO=EFLAGS
EFER=0000000000000000
Servicing hardware INT=0x20
   230: v=20 e=0000 i=0 cpl=0 IP=0008:0010117e pc=0010117e SP=0010:d0001fb2 env->regs[R_EAX]=00000742
EAX=00000742 EBX=0000004a ECX=0000036a EDX=0000000a
ESI=000b8000 EDI=00000700 EBP=d0001fbe ESP=d0001fb2
EIP=0010117e EFL=00000206 [-----P-] CPL=0 II=0 A20=1 SMM=0 HLT=0
ES =0010 00000000 ffffffff 00cf9300 DPL=0 DS   [-WA]
CS =0008 00000000 ffffffff 00cf9a00 DPL=0 CS32 [-R-]
SS =0010 00000000 ffffffff 00cf9300 DPL=0 DS   [-WA]
DS =0010 00000000 ffffffff 00cf9300 DPL=0 DS   [-WA]
FS =0010 00000000 ffffffff 00cf9300 DPL=0 DS   [-WA]
GS =0010 00000000 ffffffff 00cf9300 DPL=0 DS   [-WA]
LDT=0000 00000000 0000ffff 00008200 DPL=0 LDT
TR =0000 00000000 0000ffff 00008b00 DPL=0 TSS32-busy
GDT=     00108008 00000017
IDT=     00108060 000007ff
CR0=80000011 CR2=00000000 CR3=00000000 CR4=00000000
DR0=00000000 DR1=00000000 DR2=00000000 DR3=00000000 
DR6=ffff0ff0 DR7=00000400
CCS=00000004 CCD=0000036a CCO=EFLAGS
EFER=0000000000000000
Servicing hardware INT=0x20
   231: v=20 e=0000 i=0 cpl=0 IP=0008:0010117e pc=0010117e SP=0010:00107fa4 env->regs[R_EAX]=00000730
EAX=00000730 EBX=0000000f ECX=000002df EDX=00000009
ESI=000b8000 EDI=00000700 EBP=00107fb0 ESP=00107fa4
EIP=0010117e EFL=00000202 [-------] CPL=0 II=0 A20=1 SMM=0 HLT=0
ES =0010 00000000 ffffffff 00cf9300 DPL=0 DS   [-WA]
CS =0008 00000000 ffffffff 00cf9a00 DPL=0 CS32 [-R-]
SS =0010 00000000 ffffffff 00cf9300 DPL=0 DS   [-WA]
DS =0010 00000000 ffffffff 00cf9300 DPL=0 DS   [-WA]
FS =0010 00000000 ffffffff 00cf9300 DPL=0 DS   [-WA]
GS =0010 00000000 ffffffff 00cf9300 DPL=0 DS   [-WA]
LDT=0000 00000000 0000ffff 00008200 DPL=0 LDT
TR =0000 00000000 0000ffff 00008b00 DPL=0 TSS32-busy
GDT=     00108008 00000017
IDT=     00108060 000007ff
CR0=80000011 CR2=00000000 CR3=00000000 CR4=00000000
DR0=00000000 DR1=00000000 DR2=00000000 DR3=00000000 
DR6=ffff0ff0 DR7=00000400
CCS=00000000 CCD=000002df CCO=EFLAGS
EFER=0000000000000000
Servicing hardware INT=0x20
   232: v=20 e=0000 i=0 cpl=0 IP=0008:0010117e pc=0010117e SP=0010:d0000fa9 env->regs[R_EAX]=00000741
EAX=00000741 EBX=0000004e ECX=0000004e EDX=00000000
ESI=000b8000 EDI=00000700 EBP=d0000fb5 ESP=d0000fa9
EIP=0010117e EFL=00000206 [-----P-] CPL=0 II=0 A20=1 SMM=0 HLT=0
ES =0010 00000000 ffffffff 00cf9300 DPL=0 DS   [-WA]
CS =0008 00000000 ffffffff 00cf9a00 DPL=0 CS32 [-R-]
SS =0010 00000000 ffffffff 00cf9300 DPL=0 DS   [-WA]
DS =0010 00000000 ffffffff 00cf9300 DPL=0 DS   [-WA]
FS =0010 00000000 ffffffff 00cf9300 DPL=0 DS   [-WA]
GS =0010 00000000 ffffffff 00cf9300 DPL=0 DS   [-WA]
LDT=0000 00000000 0000ffff 00008200 DPL=0 LDT
TR =0000 00000000 0000ffff 00008b00 DPL=0 TSS32-busy
GDT=     00108008 00000017
IDT=     00108060 000007ff
CR0=80000011 CR2=00000000 CR3=00000000 CR4=00000000
DR0=00000000 DR1=00000000 DR2=00000000 DR3=00000000 
DR6=ffff0ff0 DR7=00000400
CCS=00000004 CCD=0000004e CCO=EFLAGS
EFER=0000000000000000
Servicing hardware INT=0x20
   233: v=20 e=0000 i=0 cpl=0 IP=0008:0010117e pc=0010117e SP=0010:d0001fb2 env->regs[R_EAX]=00000742
EAX=00000742 EBX=0000004f ECX=0000063f EDX=00000013
ESI=000b8000 EDI=00000700 EBP=d0001fbe ESP=d0001fb2
EIP=0010117e EFL=00000206 [-----P-] CPL=0 II=0 A20=1 SMM=0 HLT=0
ES =0010 00000000 ffffffff 00cf9300 DPL=0 DS   [-WA]
CS =0008 00000000 ffffffff 00cf9a00 DPL=0 CS32 [-R-]
SS =0010 00000000 ffffffff 00cf9300 DPL=0 DS   [-WA]
DS =0010 00000000 ffffffff 00cf9300 DPL=0 DS   [-WA]
FS =0010 00000000 ffffffff 00cf9300 DPL=0 DS   [-WA]
GS =0010 00000000 ffffffff 00cf9300 DPL=0 DS   [-WA]
LDT=0000 00000000 0000ffff 00008200 DPL=0 LDT
TR =0000 00000000 0000ffff 00008b00 DPL=0 TSS32-busy
GDT=     00108008 00000017
IDT=     00108060 000007ff
CR0=80000011 CR2=00000000 CR3=00000000 CR4=00000000
DR0=00000000 DR1=00000000 DR2=00000000 DR3=00000000 
DR6=ffff0ff0 DR7=00000400
CCS=00000004 CCD=0000063f CCO=EFLAGS
EFER=0000000000000000
Servicing hardware INT=0x20
   234: v=20 e=0000 i=0 cpl=0 IP=0008:0010117e pc=0010117e SP=0010:00107fa4 env->regs[R_EAX]=00000730
EAX=00000730 EBX=00000028 ECX=00000758 EDX=00000017
ESI=000b8000 EDI=00000700 EBP=00107fb0 ESP=00107fa4
EIP=0010117e EFL=00000202 [-------] CPL=0 II=0 A20=1 SMM=0 HLT=0
ES =0010 00000000 ffffffff 00cf9300 DPL=0 DS   [-WA]
CS =0008 00000000 ffffffff 00cf9a00 DPL=0 CS32 [-R-]
SS =0010 00000000 ffffffff 00cf9300 DPL=0 DS   [-WA]
DS =0010 00000000 ffffffff 00cf9300 DPL=0 DS   [-WA]
FS =0010 00000000 ffffffff 00cf9300 DPL=0 DS   [-WA]
GS =0010 00000000 ffffffff 00cf9300 DPL=0 DS   [-WA]
LDT=0000 00000000 0000ffff 00008200 DPL=0 LDT
TR =0000 00000000 0000ffff 00008b00 DPL=0 TSS32-busy
GDT=     00108008 00000017
IDT=     00108060 000007ff
CR0=80000011 CR2=00000000 CR3=00000000 CR4=00000000
DR0=00000000 DR1=00000000 DR2=00000000 DR3=00000000 
DR6=ffff0ff0 DR7=00000400
CCS=00000000 CCD=00000758 CCO=EFLAGS
EFER=0000000000000000
Servicing hardware INT=0x20
   235: v=20 e=0000 i=0 cpl=0 IP=0008:0010117e pc=0010117e SP=0010:d0000fa9 env->regs[R_EAX]=00000741
EAX=00000741 EBX=00000032 ECX=000002b2 EDX=00000008
ESI=000b8000 EDI=00000700 EBP=d0000fb5 ESP=d0000fa9
EIP=0010117e EFL=00000206 [-----P-] CPL=0 II=0 A20=1 SMM=0 HLT=0
ES =0010 00000000 ffffffff 00cf9300 DPL=0 DS   [-WA]
CS =0008 00000000 ffffffff 00cf9a00 DPL=0 CS32 [-R-]
SS =0010 00000000 ffffffff 00cf9300 DPL=0 DS   [-WA]
DS =0010 00000000 ffffffff 00cf9300 DPL=0 DS   [-WA]
FS =0010 00000000 ffffffff 00cf9300 DPL=0 DS   [-WA]
GS =0010 00000000 ffffffff 00cf9300 DPL=0 DS   [-WA]
LDT=0000 00000000 0000ffff 00008200 DPL=0 LDT
TR =0000 00000000 0000ffff 00008b00 DPL=0 TSS32-busy
GDT=     00108008 00000017
IDT=     00108060 000007ff
CR0=80000011 CR2=00000000 CR3=00000000 CR4=00000000
DR0=00000000 DR1=00000000 DR2=00000000 DR3=00000000 
DR6=ffff0ff0 DR7=00000400
CCS=00000004 CCD=000002b2 CCO=EFLAGS
EFER=0000000000000000
Servicing hardware INT=0x20
   236: v=20 e=0000 i=0 cpl=0 IP=0008:0010117e pc=0010117e SP=0010:d0001fb2 env->regs[R_EAX]=00000742
EAX=00000742 EBX=0000001f ECX=000006af EDX=00000015
ESI=000b8000 EDI=00000700 EBP=d0001fbe ESP=d0001fb2
EIP=0010117e EFL=00000206 [-----P-] CPL=0 II=0 A20=1 SMM=0 HLT=0
ES =0010 00000000 ffffffff 00cf9300 DPL=0 DS   [-WA]
CS =0008 00000000 ffffffff 00cf9a00 DPL=0 CS32 [-R-]
SS =0010 00000000 ffffffff 00cf9300 DPL=0 DS   [-WA]
DS =0010 00000000 ffffffff 00cf9300 DPL=0 DS   [-WA]
FS =0010 00000000 ffffffff 00cf9300 DPL=0 DS   [-WA]
GS =0010 00000000 ffffffff 00cf9300 DPL=0 DS   [-WA]
LDT=0000 00000000 0000ffff 00008200 DPL=0 LDT
TR =0000 00000000 0000ffff 00008b00 DPL=0 TSS32-busy
GDT=     00108008 00000017
IDT=     00108060 000007ff
CR0=80000011 CR2=00000000 CR3=00000000 CR4=00000000
DR0=00000000 DR1=00000000 DR2=00000000 DR3=00000000 
DR6=ffff0ff0 DR7=00000400
CCS=00000004 CCD=000006af CCO=EFLAGS
EFER=0000000000000000
Servicing hardware INT=0x20
   237: v=20 e=0000 i=0 cpl=0 IP=0008:0010117e pc=0010117e SP=0010:00107fa4 env->regs[R_EAX]=00000730
EAX=00000730 EBX=0000000b ECX=0000014b EDX=00000004
ESI=000b8000 EDI=00000700 EBP=00107fb0 ESP=00107fa4
EIP=0010117e EFL=00000206 [-----P-] CPL=0 II=0 A20=1 SMM=0 HLT=0
ES =0010 00000000 ffffffff 00cf9300 DPL=0 DS   [-WA]
CS =0008 00000000 ffffffff 00cf9a00 DPL=0 CS32 [-R-]
SS =0010 00000000 ffffffff 00cf9300 DPL=0 DS   [-WA]
DS =0010 00000000 ffffffff 00cf9300 DPL=0 DS   [-WA]
FS =0010 00000000 ffffffff 00cf9300 DPL=0 DS   [-WA]
GS =0010 00000000 ffffffff 00cf9300 DPL=0 DS   [-WA]
LDT=0000 00000000 0000ffff 00008200 DPL=0 LDT
TR =0000 00000000 0000ffff 00008b00 DPL=0 TSS32-busy
GDT=     00108008 00000017
IDT=     00108060 000007ff
CR0=80000011 CR2=00000000 CR3=00000000 CR4=00000000
DR0=00000000 DR1=00000000 DR2=00000000 DR3=00000000 
DR6=ffff0ff0 DR7=00000400
CCS=00000004 CCD=0000014b CCO=EFLAGS
EFER=0000000000000000
Servicing hardware INT=0x20
   238: v=20 e=0000 i=0 cpl=0 IP=0008:0010117e pc=0010117e SP=0010:d0000fa9 env->regs[R_EAX]=00000741
EAX=00000741 EBX=0000003d ECX=0000053d EDX=00000010
ESI=000b8000 EDI=00000700 EBP=d0000fb5 ESP=d0000fa9
EIP=0010117e EFL=00000202 [-------] CPL=0 II=0 A20=1 SMM=0 HLT=0
ES =0010 00000000 ffffffff 00cf9300 DPL=0 DS   [-WA]
CS =0008 00000000 ffffffff 00cf9a00 DPL=0 CS32 [-R-]
SS =0010 00000000 ffffffff 00cf9300 DPL=0 DS   [-WA]
DS =0010 00000000 ffffffff 00cf9300 DPL=0 DS   [-WA]
FS =0010 00000000 ffffffff 00cf9300 DPL=0 DS   [-WA]
GS =0010 00000000 ffffffff 00cf9300 DPL=0 DS   [-WA]
LDT=0000 00000000 0000ffff 00008200 DPL=0 LDT
TR =0000 00000000 0000ffff 00008b00 DPL=0 TSS32-busy
GDT=     00108008 00000017
IDT=     00108060 000007ff
CR0=80000011 CR2=00000000 CR3=00000000 CR4=00000000
DR0=00000000 DR1=00000000 DR2=00000000 DR3=00000000 
DR6=ffff0ff0 DR7=00000400
CCS=00000000 CCD=0000053d CCO=EFLAGS
EFER=0000000000000000
Servicing hardware INT=0x20
   239: v=20 e=0000 i=0 cpl=0 IP=0008:0010117e pc=0010117e SP=0010:d0001fb2 env->regs[R_EAX]=00000742
EAX=00000742 EBX=0000002f ECX=0000016f EDX=00000004
ESI=000b8000 EDI=00000700 EBP=d0001fbe ESP=d0001fb2
EIP=0010117e EFL=00000206 [-----P-] CPL=0 II=0 A20=1 SMM=0 HLT=0
ES =0010 00000000 ffffffff 00cf9300 DPL=0 DS   [-WA]
CS =0008 00000000 ffffffff 00cf9a00 DPL=0 CS32 [-R-]
SS =0010 00000000 ffffffff 00cf9300 DPL=0 DS   [-WA]
DS =0010 00000000 ffffffff 00cf9300 DPL=0 DS   [-WA]
FS =0010 00000000 ffffffff 00cf9300 DPL=0 DS   [-WA]
GS =0010 00000000 ffffffff 00cf9300 DPL=0 DS   [-WA]
LDT=0000 00000000 0000ffff 00008200 DPL=0 LDT
TR =0000 00000000 0000ffff 00008b00 DPL=0 TSS32-busy
GDT=     00108008 00000017
IDT=     00108060 000007ff
CR0=80000011 CR2=00000000 CR3=00000000 CR4=00000000
DR0=00000000 DR1=00000000 DR2=00000000 DR3=00000000 
DR6=ffff0ff0 DR7=00000400
CCS=00000004 CCD=0000016f CCO=EFLAGS
EFER=0000000000000000
Servicing hardware INT=0x20
   240: v=20 e=0000 i=0 cpl=0 IP=0008:0010117e pc=0010117e SP=0010:00107fa4 env->regs[R_EAX]=00000730
EAX=00000730 EBX=00000004 ECX=000000a4 EDX=00000002
ESI=000b8000 EDI=00000700 EBP=00107fb0 ESP=00107fa4
EIP=0010117e EFL=00000202 [-------] CPL=0 II=0 A20=1 SMM=0 HLT=0
ES =0010 00000000 ffffffff 00cf9300 DPL=0 DS   [-WA]
CS =0008 00000000 ffffffff 00cf9a00 DPL=0 CS32 [-R-]
SS =0010 00000000 ffffffff 00cf9300 DPL=0 DS   [-WA]
DS =0010 00000000 ffffffff 00cf9300 DPL=0 DS   [-WA]
FS =0010 00000000 ffffffff 00cf9300 DPL=0 DS   [-WA]
GS =0010 00000000 ffffffff 00cf9300 DPL=0 DS   [-WA]
LDT=0000 00000000 0000ffff 00008200 DPL=0 LDT
TR =0000 00000000 0000ffff 00008b00 DPL=0 TSS32-busy
GDT=     00108008 00000017
IDT=     00108060 000007ff
CR0=80000011 CR2=00000000 CR3=00000000 CR4=00000000
DR0=00000000 DR1=00000000 DR2=00000000 DR3=00000000 
DR6=ffff0ff0 DR7=00000400
CCS=00000000 CCD=000000a4 CCO=EFLAGS
EFER=0000000000000000
Servicing hardware INT=0x20
   241: v=20 e=0000 i=0 cpl=0 IP=0008:0010117e pc=0010117e SP=0010:d0000fa9 env->regs[R_EAX]=00000741
EAX=00000741 EBX=00000045 ECX=000007c5 EDX=00000018
ESI=000b8000 EDI=00000700 EBP=d0000fb5 ESP=d0000fa9
EIP=0010117e EFL=00000206 [-----P-] CPL=0 II=0 A20=1 SMM=0 HLT=0
ES =0010 00000000 ffffffff 00cf9300 DPL=0 DS   [-WA]
CS =0008 00000000 ffffffff 00cf9a00 DPL=0 CS32 [-R-]
SS =0010 00000000 ffffffff 00cf9300 DPL=0 DS   [-WA]
DS =0010 00000000 ffffffff 00cf9300 DPL=0 DS   [-WA]
FS =0010 00000000 ffffffff 00cf9300 DPL=0 DS   [-WA]
GS =0010 00000000 ffffffff 00cf9300 DPL=0 DS   [-WA]
LDT=0000 00000000 0000ffff 00008200 DPL=0 LDT
TR =0000 00000000 0000ffff 00008b00 DPL=0 TSS32-busy
GDT=     00108008 00000017
IDT=     00108060 000007ff
CR0=80000011 CR2=00000000 CR3=00000000 CR4=00000000
DR0=00000000 DR1=00000000 DR2=00000000 DR3=00000000 
DR6=ffff0ff0 DR7=00000400
CCS=00000004 CCD=000007c5 CCO=EFLAGS
EFER=0000000000000000
Servicing hardware INT=0x20
   242: v=20 e=0000 i=0 cpl=0 IP=0008:0010117e pc=0010117e SP=0010:d0001fb2 env->regs[R_EAX]=00000742
EAX=00000742 EBX=00000030 ECX=00000760 EDX=00000017
ESI=000b8000 EDI=00000700 EBP=d0001fbe ESP=d0001fb2
EIP=0010117e EFL=00000206 [-----P-] CPL=0 II=0 A20=1 SMM=0 HLT=0
ES =0010 00000000 ffffffff 00cf9300 DPL=0 DS   [-WA]
CS =0008 00000000 ffffffff 00cf9a00 DPL=0 CS32 [-R-]
SS =0010 00000000 ffffffff 00cf9300 DPL=0 DS   [-WA]
DS =0010 00000000 ffffffff 00cf9300 DPL=0 DS   [-WA]
FS =0010 00000000 ffffffff 00cf9300 DPL=0 DS   [-WA]
GS =0010 00000000 ffffffff 00cf9300 DPL=0 DS   [-WA]
LDT=0000 00000000 0000ffff 00008200 DPL=0 LDT
TR =0000 00000000 0000ffff 00008b00 DPL=0 TSS32-busy
GDT=     00108008 00000017
IDT=     00108060 000007ff
CR0=80000011 CR2=00000000 CR3=00000000 CR4=00000000
DR0=00000000 DR1=00000000 DR2=00000000 DR3=00000000 
DR6=ffff0ff0 DR7=00000400
CCS=00000004 CCD=00000760 CCO=EFLAGS
EFER=0000000000000000
Servicing hardware INT=0x20
   243: v=20 e=0000 i=0 cpl=0 IP=0008:0010117e pc=0010117e SP=0010:00107fa4 env->regs[R_EAX]=00000730
EAX=00000730 EBX=0000002a ECX=000004da EDX=0000000f
ESI=000b8000 EDI=00000700 EBP=00107fb0 ESP=00107fa4
EIP=0010117e EFL=00000202 [-------] CPL=0 II=0 A20=1 SMM=0 HLT=0
ES =0010 00000000 ffffffff 00cf9300 DPL=0 DS   [-WA]
CS =0008 00000000 ffffffff 00cf9a00 DPL=0 CS32 [-R-]
SS =0010 00000000 ffffffff 00cf9300 DPL=0 DS   [-WA]
DS =0010 00000000 ffffffff 00cf9300 DPL=0 DS   [-WA]
FS =0010 00000000 ffffffff 00cf9300 DPL=0 DS   [-WA]
GS =0010 00000000 ffffffff 00cf9300 DPL=0 DS   [-WA]
LDT=0000 00000000 0000ffff 00008200 DPL=0 LDT
TR =0000 00000000 0000ffff 00008b00 DPL=0 TSS32-busy
GDT=     00108008 00000017
IDT=     00108060 000007ff
CR0=80000011 CR2=00000000 CR3=00000000 CR4=00000000
DR0=00000000 DR1=00000000 DR2=00000000 DR3=00000000 
DR6=ffff0ff0 DR7=00000400
CCS=00000000 CCD=000004da CCO=EFLAGS
EFER=0000000000000000
Servicing hardware INT=0x20
   244: v=20 e=0000 i=0 cpl=0 IP=0008:0010117e pc=0010117e SP=0010:d0000fa9 env->regs[R_EAX]=00000741
EAX=00000741 EBX=0000004b ECX=0000040b EDX=0000000c
ESI=000b8000 EDI=00000700 EBP=d0000fb5 ESP=d0000fa9
EIP=0010117e EFL=00000202 [-------] CPL=0 II=0 A20=1 SMM=0 HLT=0
ES =0010 00000000 ffffffff 00cf9300 DPL=0 DS   [-WA]
CS =0008 00000000 ffffffff 00cf9a00 DPL=0 CS32 [-R-]
SS =0010 00000000 ffffffff 00cf9300 DPL=0 DS   [-WA]
DS =0010 00000000 ffffffff 00cf9300 DPL=0 DS   [-WA]
FS =0010 00000000 ffffffff 00cf9300 DPL=0 DS   [-WA]
GS =0010 00000000 ffffffff 00cf9300 DPL=0 DS   [-WA]
LDT=0000 00000000 0000ffff 00008200 DPL=0 LDT
TR =0000 00000000 0000ffff 00008b00 DPL=0 TSS32-busy
GDT=     00108008 00000017
IDT=     00108060 000007ff
CR0=80000011 CR2=00000000 CR3=00000000 CR4=00000000
DR0=00000000 DR1=00000000 DR2=00000000 DR3=00000000 
DR6=ffff0ff0 DR7=00000400
CCS=00000000 CCD=0000040b CCO=EFLAGS
EFER=0000000000000000
Servicing hardware INT=0x20
   245: v=20 e=0000 i=0 cpl=0 IP=0008:0010117e pc=0010117e SP=0010:d0001fb2 env->regs[R_EAX]=00000742
EAX=00000742 EBX=00000024 ECX=00000024 EDX=00000000
ESI=000b8000 EDI=00000700 EBP=d0001fbe ESP=d0001fb2
EIP=0010117e EFL=00000206 [-----P-] CPL=0 II=0 A20=1 SMM=0 HLT=0
ES =0010 00000000 ffffffff 00cf9300 DPL=0 DS   [-WA]
CS =0008 00000000 ffffffff 00cf9a00 DPL=0 CS32 [-R-]
SS =0010 00000000 ffffffff 00cf9300 DPL=0 DS   [-WA]
DS =0010 00000000 ffffffff 00cf9300 DPL=0 DS   [-WA]
FS =0010 00000000 ffffffff 00cf9300 DPL=0 DS   [-WA]
GS =0010 00000000 ffffffff 00cf9300 DPL=0 DS   [-WA]
LDT=0000 00000000 0000ffff 00008200 DPL=0 LDT
TR =0000 00000000 0000ffff 00008b00 DPL=0 TSS32-busy
GDT=     00108008 00000017
IDT=     00108060 000007ff
CR0=80000011 CR2=00000000 CR3=00000000 CR4=00000000
DR0=00000000 DR1=00000000 DR2=00000000 DR3=00000000 
DR6=ffff0ff0 DR7=00000400
CCS=00000004 CCD=00000024 CCO=EFLAGS
EFER=0000000000000000
Servicing hardware INT=0x20
   246: v=20 e=0000 i=0 cpl=0 IP=0008:0010117e pc=0010117e SP=0010:00107fa4 env->regs[R_EAX]=00000730
EAX=00000730 EBX=00000005 ECX=00000375 EDX=0000000b
ESI=000b8000 EDI=00000700 EBP=00107fb0 ESP=00107fa4
EIP=0010117e EFL=00000202 [-------] CPL=0 II=0 A20=1 SMM=0 HLT=0
ES =0010 00000000 ffffffff 00cf9300 DPL=0 DS   [-WA]
CS =0008 00000000 ffffffff 00cf9a00 DPL=0 CS32 [-R-]
SS =0010 00000000 ffffffff 00cf9300 DPL=0 DS   [-WA]
DS =0010 00000000 ffffffff 00cf9300 DPL=0 DS   [-WA]
FS =0010 00000000 ffffffff 00cf9300 DPL=0 DS   [-WA]
GS =0010 00000000 ffffffff 00cf9300 DPL=0 DS   [-WA]
LDT=0000 00000000 0000ffff 00008200 DPL=0 LDT
TR =0000 00000000 0000ffff 00008b00 DPL=0 TSS32-busy
GDT=     00108008 00000017
IDT=     00108060 000007ff
CR0=80000011 CR2=00000000 CR3=00000000 CR4=00000000
DR0=00000000 DR1=00000000 DR2=00000000 DR3=00000000 
DR6=ffff0ff0 DR7=00000400
CCS=00000000 CCD=00000375 CCO=EFLAGS
EFER=0000000000000000
Servicing hardware INT=0x20
   247: v=20 e=0000 i=0 cpl=0 IP=0008:0010117e pc=0010117e SP=0010:d0000fa9 env->regs[R_EAX]=00000741
EAX=00000741 EBX=00000015 ECX=00000295 EDX=00000008
ESI=000b8000 EDI=00000700 EBP=d0000fb5 ESP=d0000fa9
EIP=0010117e EFL=00000206 [-----P-] CPL=0 II=0 A20=1 SMM=0 HLT=0
ES =0010 00000000 ffffffff 00cf9300 DPL=0 DS   [-WA]
CS =0008 00000000 ffffffff 00cf9a00 DPL=0 CS32 [-R-]
SS =0010 00000000 ffffffff 00cf9300 DPL=0 DS   [-WA]
DS =0010 00000000 ffffffff 00cf9300 DPL=0 DS   [-WA]
FS =0010 00000000 ffffffff 00cf9300 DPL=0 DS   [-WA]
GS =0010 00000000 ffffffff 00cf9300 DPL=0 DS   [-WA]
LDT=0000 00000000 0000ffff 00008200 DPL=0 LDT
TR =0000 00000000 0000ffff 00008b00 DPL=0 TSS32-busy
GDT=     00108008 00000017
IDT=     00108060 000007ff
CR0=80000011 CR2=00000000 CR3=00000000 CR4=00000000
DR0=00000000 DR1=00000000 DR2=00000000 DR3=00000000 
DR6=ffff0ff0 DR7=00000400
CCS=00000004 CCD=00000295 CCO=EFLAGS
EFER=0000000000000000
Servicing hardware INT=0x20
   248: v=20 e=0000 i=0 cpl=0 IP=0008:0010117e pc=0010117e SP=0010:d0001fb2 env->regs[R_EAX]=00000742
EAX=00000742 EBX=0000004e ECX=0000027e EDX=00000007
ESI=000b8000 EDI=00000700 EBP=d0001fbe ESP=d0001fb2
EIP=0010117e EFL=00000206 [-----P-] CPL=0 II=0 A20=1 SMM=0 HLT=0
ES =0010 00000000 ffffffff 00cf9300 DPL=0 DS   [-WA]
CS =0008 00000000 ffffffff 00cf9a00 DPL=0 CS32 [-R-]
SS =0010 00000000 ffffffff 00cf9300 DPL=0 DS   [-WA]
DS =0010 00000000 ffffffff 00cf9300 DPL=0 DS   [-WA]
FS =0010 00000000 ffffffff 00cf9300 DPL=0 DS   [-WA]
GS =0010 00000000 ffffffff 00cf9300 DPL=0 DS   [-WA]
LDT=0000 00000000 0000ffff 00008200 DPL=0 LDT
TR =0000 00000000 0000ffff 00008b00 DPL=0 TSS32-busy
GDT=     00108008 00000017
IDT=     00108060 000007ff
CR0=80000011 CR2=00000000 CR3=00000000 CR4=00000000
DR0=00000000 DR1=00000000 DR2=00000000 DR3=00000000 
DR6=ffff0ff0 DR7=00000400
CCS=00000004 CCD=0000027e CCO=EFLAGS
EFER=0000000000000000
Servicing hardware INT=0x20
   249: v=20 e=0000 i=0 cpl=0 IP=0008:0010117e pc=0010117e SP=0010:00107fa4 env->regs[R_EAX]=00000730
EAX=00000730 EBX=00000015 ECX=00000155 EDX=00000004
ESI=000b8000 EDI=00000700 EBP=00107fb0 ESP=00107fa4
EIP=0010117e EFL=00000206 [-----P-] CPL=0 II=0 A20=1 SMM=0 HLT=0
ES =0010 00000000 ffffffff 00cf9300 DPL=0 DS   [-WA]
CS =0008 00000000 ffffffff 00cf9a00 DPL=0 CS32 [-R-]
SS =0010 00000000 ffffffff 00cf9300 DPL=0 DS   [-WA]
DS =0010 00000000 ffffffff 00cf9300 DPL=0 DS   [-WA]
FS =0010 00000000 ffffffff 00cf9300 DPL=0 DS   [-WA]
GS =0010 00000000 ffffffff 00cf9300 DPL=0 DS   [-WA]
LDT=0000 00000000 0000ffff 00008200 DPL=0 LDT
TR =0000 00000000 0000ffff 00008b00 DPL=0 TSS32-busy
GDT=     00108008 00000017
IDT=     00108060 000007ff
CR0=80000011 CR2=00000000 CR3=00000000 CR4=00000000
DR0=00000000 DR1=00000000 DR2=00000000 DR3=00000000 
DR6=ffff0ff0 DR7=00000400
CCS=00000004 CCD=00000155 CCO=EFLAGS
EFER=0000000000000000
Servicing hardware INT=0x20
   250: v=20 e=0000 i=0 cpl=0 IP=0008:0010117e pc=0010117e SP=0010:d0000fa9 env->regs[R_EAX]=00000741
EAX=00000741 EBX=0000002c ECX=000004dc EDX=0000000f
ESI=000b8000 EDI=00000700 EBP=d0000fb5 ESP=d0000fa9
EIP=0010117e EFL=00000202 [-------] CPL=0 II=0 A20=1 SMM=0 HLT=0
ES =0010 00000000 ffffffff 00cf9300 DPL=0 DS   [-WA]
CS =0008 00000000 ffffffff 00cf9a00 DPL=0 CS32 [-R-]
SS =0010 00000000 ffffffff 00cf9300 DPL=0 DS   [-WA]
DS =0010 00000000 ffffffff 00cf9300 DPL=0 DS   [-WA]
FS =0010 00000000 ffffffff 00cf9300 DPL=0 DS   [-WA]
GS =0010 00000000 ffffffff 00cf9300 DPL=0 DS   [-WA]
LDT=0000 00000000 0000ffff 00008200 DPL=0 LDT
TR =0000 00000000 0000ffff 00008b00 DPL=0 TSS32-busy
GDT=     00108008 00000017
IDT=     00108060 000007ff
CR0=80000011 CR2=00000000 CR3=00000000 CR4=00000000
DR0=00000000 DR1=00000000 DR2=00000000 DR3=00000000 
DR6=ffff0ff0 DR7=00000400
CCS=00000000 CCD=000004dc CCO=EFLAGS
EFER=0000000000000000
Servicing hardware INT=0x20
   251: v=20 e=0000 i=0 cpl=0 IP=0008:0010117e pc=0010117e SP=0010:d0001fb2 env->regs[R_EAX]=00000742
EAX=00000742 EBX=0000000e ECX=0000023e EDX=00000007
ESI=000b8000 EDI=00000700 EBP=d0001fbe ESP=d0001fb2
EIP=0010117e EFL=00000202 [-------] CPL=0 II=0 A20=1 SMM=0 HLT=0
ES =0010 00000000 ffffffff 00cf9300 DPL=0 DS   [-WA]
CS =0008 00000000 ffffffff 00cf9a00 DPL=0 CS32 [-R-]
SS =0010 00000000 ffffffff 00cf9300 DPL=0 DS   [-WA]
DS =0010 00000000 ffffffff 00cf9300 DPL=0 DS   [-WA]
FS =0010 00000000 ffffffff 00cf9300 DPL=0 DS   [-WA]
GS =0010 00000000 ffffffff 00cf9300 DPL=0 DS   [-WA]
LDT=0000 00000000 0000ffff 00008200 DPL=0 LDT
TR =0000 00000000 0000ffff 00008b00 DPL=0 TSS32-busy
GDT=     00108008 00000017
IDT=     00108060 000007ff
CR0=80000011 CR2=00000000 CR3=00000000 CR4=00000000
DR0=00000000 DR1=00000000 DR2=00000000 DR3=00000000 
DR6=ffff0ff0 DR7=00000400
CCS=00000000 CCD=0000023e CCO=EFLAGS
EFER=0000000000000000
Servicing hardware INT=0x20
   252: v=20 e=0000 i=0 cpl=0 IP=0008:0010117e pc=0010117e SP=0010:00107fa4 env->regs[R_EAX]=00000730
EAX=00000730 EBX=00000039 ECX=00000359 EDX=0000000a
ESI=000b8000 EDI=00000700 EBP=00107fb0 ESP=00107fa4
EIP=0010117e EFL=00000206 [-----P-] CPL=0 II=0 A20=1 SMM=0 HLT=0
ES =0010 00000000 ffffffff 00cf9300 DPL=0 DS   [-WA]
CS =0008 00000000 ffffffff 00cf9a00 DPL=0 CS32 [-R-]
SS =0010 00000000 ffffffff 00cf9300 DPL=0 DS   [-WA]
DS =0010 00000000 ffffffff 00cf9300 DPL=0 DS   [-WA]
FS =0010 00000000 ffffffff 00cf9300 DPL=0 DS   [-WA]
GS =0010 00000000 ffffffff 00cf9300 DPL=0 DS   [-WA]
LDT=0000 00000000 0000ffff 00008200 DPL=0 LDT
TR =0000 00000000 0000ffff 00008b00 DPL=0 TSS32-busy
GDT=     00108008 00000017
IDT=     00108060 000007ff
CR0=80000011 CR2=00000000 CR3=00000000 CR4=00000000
DR0=00000000 DR1=00000000 DR2=00000000 DR3=00000000 
DR6=ffff0ff0 DR7=00000400
CCS=00000004 CCD=00000359 CCO=EFLAGS
EFER=0000000000000000
Servicing hardware INT=0x20
   253: v=20 e=0000 i=0 cpl=0 IP=0008:0010117e pc=0010117e SP=0010:d0000fa9 env->regs[R_EAX]=00000741
EAX=00000741 EBX=00000037 ECX=00000037 EDX=00000000
ESI=000b8000 EDI=00000700 EBP=d0000fb5 ESP=d0000fa9
EIP=0010117e EFL=00000202 [-------] CPL=0 II=0 A20=1 SMM=0 HLT=0
ES =0010 00000000 ffffffff 00cf9300 DPL=0 DS   [-WA]
CS =0008 00000000 ffffffff 00cf9a00 DPL=0 CS32 [-R-]
SS =0010 00000000 ffffffff 00cf9300 DPL=0 DS   [-WA]
DS =0010 00000000 ffffffff 00cf9300 DPL=0 DS   [-WA]
FS =0010 00000000 ffffffff 00cf9300 DPL=0 DS   [-WA]
GS =0010 00000000 ffffffff 00cf9300 DPL=0 DS   [-WA]
LDT=0000 00000000 0000ffff 00008200 DPL=0 LDT
TR =0000 00000000 0000ffff 00008b00 DPL=0 TSS32-busy
GDT=     00108008 00000017
IDT=     00108060 000007ff
CR0=80000011 CR2=00000000 CR3=00000000 CR4=00000000
DR0=00000000 DR1=00000000 DR2=00000000 DR3=00000000 
DR6=ffff0ff0 DR7=00000400
CCS=00000000 CCD=00000037 CCO=EFLAGS
EFER=0000000000000000
Servicing hardware INT=0x20
   254: v=20 e=0000 i=0 cpl=0 IP=0008:0010117e pc=0010117e SP=0010:d0001fb2 env->regs[R_EAX]=00000742
EAX=00000742 EBX=00000013 ECX=000006a3 EDX=00000015
ESI=000b8000 EDI=00000700 EBP=d0001fbe ESP=d0001fb2
EIP=0010117e EFL=00000206 [-----P-] CPL=0 II=0 A20=1 SMM=0 HLT=0
ES =0010 00000000 ffffffff 00cf9300 DPL=0 DS   [-WA]
CS =0008 00000000 ffffffff 00cf9a00 DPL=0 CS32 [-R-]
SS =0010 00000000 ffffffff 00cf9300 DPL=0 DS   [-WA]
DS =0010 00000000 ffffffff 00cf9300 DPL=0 DS   [-WA]
FS =0010 00000000 ffffffff 00cf9300 DPL=0 DS   [-WA]
GS =0010 00000000 ffffffff 00cf9300 DPL=0 DS   [-WA]
LDT=0000 00000000 0000ffff 00008200 DPL=0 LDT
TR =0000 00000000 0000ffff 00008b00 DPL=0 TSS32-busy
GDT=     00108008 00000017
IDT=     00108060 000007ff
CR0=80000011 CR2=00000000 CR3=00000000 CR4=00000000
DR0=00000000 DR1=00000000 DR2=00000000 DR3=00000000 
DR6=ffff0ff0 DR7=00000400
CCS=00000004 CCD=000006a3 CCO=EFLAGS
EFER=0000000000000000
Servicing hardware INT=0x20
   255: v=20 e=0000 i=0 cpl=0 IP=0008:0010117e pc=0010117e SP=0010:00107fa4 env->regs[R_EAX]=00000730
EAX=00000730 EBX=00000007 ECX=000001e7 EDX=00000006
ESI=000b8000 EDI=00000700 EBP=00107fb0 ESP=00107fa4
EIP=0010117e EFL=00000206 [-----P-] CPL=0 II=0 A20=1 SMM=0 HLT=0
ES =0010 00000000 ffffffff 00cf9300 DPL=0 DS   [-WA]
CS =0008 00000000 ffffffff 00cf9a00 DPL=0 CS32 [-R-]
SS =0010 00000000 ffffffff 00cf9300 DPL=0 DS   [-WA]
DS =0010 00000000 ffffffff 00cf9300 DPL=0 DS   [-WA]
FS =0010 00000000 ffffffff 00cf9300 DPL=0 DS   [-WA]
GS =0010 00000000 ffffffff 00cf9300 DPL=0 DS   [-WA]
LDT=0000 00000000 0000ffff 00008200 DPL=0 LDT
TR =0000 00000000 0000ffff 00008b00 DPL=0 TSS32-busy
GDT=     00108008 00000017
IDT=     00108060 000007ff
CR0=80000011 CR2=00000000 CR3=00000000 CR4=00000000
DR0=00000000 DR1=00000000 DR2=00000000 DR3=00000000 
DR6=ffff0ff0 DR7=00000400
CCS=00000004 CCD=000001e7 CCO=EFLAGS
EFER=0000000000000000
Servicing hardware INT=0x20
   256: v=20 e=0000 i=0 cpl=0 IP=0008:0010117e pc=0010117e SP=0010:d0000fa9 env->regs[R_EAX]=00000741
EAX=00000741 EBX=00000029 ECX=00000529 EDX=00000010
ESI=000b8000 EDI=00000700 EBP=d0000fb5 ESP=d0000fa9
EIP=0010117e EFL=00000202 [-------] CPL=0 II=0 A20=1 SMM=0 HLT=0
ES =0010 00000000 ffffffff 00cf9300 DPL=0 DS   [-WA]
CS =0008 00000000 ffffffff 00cf9a00 DPL=0 CS32 [-R-]
SS =0010 00000000 ffffffff 00cf9300 DPL=0 DS   [-WA]
DS =0010 00000000 ffffffff 00cf9300 DPL=0 DS   [-WA]
FS =0010 00000000 ffffffff 00cf9300 DPL=0 DS   [-WA]
GS =0010 00000000 ffffffff 00cf9300 DPL=0 DS   [-WA]
LDT=0000 00000000 0000ffff 00008200 DPL=0 LDT
TR =0000 00000000 0000ffff 00008b00 DPL=0 TSS32-busy
GDT=     00108008 00000017
IDT=     00108060 000007ff
CR0=80000011 CR2=00000000 CR3=00000000 CR4=00000000
DR0=00000000 DR1=00000000 DR2=00000000 DR3=00000000 
DR6=ffff0ff0 DR7=00000400
CCS=00000000 CCD=00000529 CCO=EFLAGS
EFER=0000000000000000
Servicing hardware INT=0x20
   257: v=20 e=0000 i=0 cpl=0 IP=0008:0010117e pc=0010117e SP=0010:d0001fb2 env->regs[R_EAX]=00000742
EAX=00000742 EBX=00000028 ECX=00000208 EDX=00000006
ESI=000b8000 EDI=00000700 EBP=d0001fbe ESP=d0001fb2
EIP=0010117e EFL=00000202 [-------] CPL=0 II=0 A20=1 SMM=0 HLT=0
ES =0010 00000000 ffffffff 00cf9300 DPL=0 DS   [-WA]
CS =0008 00000000 ffffffff 00cf9a00 DPL=0 CS32 [-R-]
SS =0010 00000000 ffffffff 00cf9300 DPL=0 DS   [-WA]
DS =0010 00000000 ffffffff 00cf9300 DPL=0 DS   [-WA]
FS =0010 00000000 ffffffff 00cf9300 DPL=0 DS   [-WA]
GS =0010 00000000 ffffffff 00cf9300 DPL=0 DS   [-WA]
LDT=0000 00000000 0000ffff 00008200 DPL=0 LDT
TR =0000 00000000 0000ffff 00008b00 DPL=0 TSS32-busy
GDT=     00108008 00000017
IDT=     00108060 000007ff
CR0=80000011 CR2=00000000 CR3=00000000 CR4=00000000
DR0=00000000 DR1=00000000 DR2=00000000 DR3=00000000 
DR6=ffff0ff0 DR7=00000400
CCS=00000000 CCD=00000208 CCO=EFLAGS
EFER=0000000000000000
Servicing hardware INT=0x20
   258: v=20 e=0000 i=0 cpl=0 IP=0008:0010117e pc=0010117e SP=0010:00107fa4 env->regs[R_EAX]=00000730
EAX=00000730 EBX=00000000 ECX=00000640 EDX=00000014
ESI=000b8000 EDI=00000700 EBP=00107fb0 ESP=00107fa4
EIP=0010117e EFL=00000202 [-------] CPL=0 II=0 A20=1 SMM=0 HLT=0
ES =0010 00000000 ffffffff 00cf9300 DPL=0 DS   [-WA]
CS =0008 00000000 ffffffff 00cf9a00 DPL=0 CS32 [-R-]
SS =0010 00000000 ffffffff 00cf9300 DPL=0 DS   [-WA]
DS =0010 00000000 ffffffff 00cf9300 DPL=0 DS   [-WA]
FS =0010 00000000 ffffffff 00cf9300 DPL=0 DS   [-WA]
GS =0010 00000000 ffffffff 00cf9300 DPL=0 DS   [-WA]
LDT=0000 00000000 0000ffff 00008200 DPL=0 LDT
TR =0000 00000000 0000ffff 00008b00 DPL=0 TSS32-busy
GDT=     00108008 00000017
IDT=     00108060 000007ff
CR0=80000011 CR2=00000000 CR3=00000000 CR4=00000000
DR0=00000000 DR1=00000000 DR2=00000000 DR3=00000000 
DR6=ffff0ff0 DR7=00000400
CCS=00000000 CCD=00000640 CCO=EFLAGS
EFER=0000000000000000
Servicing hardware INT=0x20
   259: v=20 e=0000 i=0 cpl=0 IP=0008:0010117e pc=0010117e SP=0010:d0000fa9 env->regs[R_EAX]=00000741
EAX=00000741 EBX=0000000c ECX=0000050c EDX=00000010
ESI=000b8000 EDI=00000700 EBP=d0000fb5 ESP=d0000fa9
EIP=0010117e EFL=00000206 [-----P-] CPL=0 II=0 A20=1 SMM=0 HLT=0
ES =0010 00000000 ffffffff 00cf9300 DPL=0 DS   [-WA]
CS =0008 00000000 ffffffff 00cf9a00 DPL=0 CS32 [-R-]
SS =0010 00000000 ffffffff 00cf9300 DPL=0 DS   [-WA]
DS =0010 00000000 ffffffff 00cf9300 DPL=0 DS   [-WA]
FS =0010 00000000 ffffffff 00cf9300 DPL=0 DS   [-WA]
GS =0010 00000000 ffffffff 00cf9300 DPL=0 DS   [-WA]
LDT=0000 00000000 0000ffff 00008200 DPL=0 LDT
TR =0000 00000000 0000ffff 00008b00 DPL=0 TSS32-busy
GDT=     00108008 00000017
IDT=     00108060 000007ff
CR0=80000011 CR2=00000000 CR3=00000000 CR4=00000000
DR0=00000000 DR1=00000000 DR2=00000000 DR3=00000000 
DR6=ffff0ff0 DR7=00000400
CCS=00000004 CCD=0000050c CCO=EFLAGS
EFER=0000000000000000
Servicing hardware INT=0x20
   260: v=20 e=0000 i=0 cpl=0 IP=0008:0010117e pc=0010117e SP=0010:d0001fb2 env->regs[R_EAX]=00000742
EAX=00000742 EBX=0000001b ECX=0000006b EDX=00000001
ESI=000b8000 EDI=00000700 EBP=d0001fbe ESP=d0001fb2
EIP=0010117e EFL=00000202 [-------] CPL=0 II=0 A20=1 SMM=0 HLT=0
ES =0010 00000000 ffffffff 00cf9300 DPL=0 DS   [-WA]
CS =0008 00000000 ffffffff 00cf9a00 DPL=0 CS32 [-R-]
SS =0010 00000000 ffffffff 00cf9300 DPL=0 DS   [-WA]
DS =0010 00000000 ffffffff 00cf9300 DPL=0 DS   [-WA]
FS =0010 00000000 ffffffff 00cf9300 DPL=0 DS   [-WA]
GS =0010 00000000 ffffffff 00cf9300 DPL=0 DS   [-WA]
LDT=0000 00000000 0000ffff 00008200 DPL=0 LDT
TR =0000 00000000 0000ffff 00008b00 DPL=0 TSS32-busy
GDT=     00108008 00000017
IDT=     00108060 000007ff
CR0=80000011 CR2=00000000 CR3=00000000 CR4=00000000
DR0=00000000 DR1=00000000 DR2=00000000 DR3=00000000 
DR6=ffff0ff0 DR7=00000400
CCS=00000000 CCD=0000006b CCO=EFLAGS
EFER=0000000000000000
Servicing hardware INT=0x20
   261: v=20 e=0000 i=0 cpl=0 IP=0008:0010117e pc=0010117e SP=0010:00107fa4 env->regs[R_EAX]=00000730
EAX=00000730 EBX=00000016 ECX=000006a6 EDX=00000015
ESI=000b8000 EDI=00000700 EBP=00107fb0 ESP=00107fa4
EIP=0010117e EFL=00000206 [-----P-] CPL=0 II=0 A20=1 SMM=0 HLT=0
ES =0010 00000000 ffffffff 00cf9300 DPL=0 DS   [-WA]
CS =0008 00000000 ffffffff 00cf9a00 DPL=0 CS32 [-R-]
SS =0010 00000000 ffffffff 00cf9300 DPL=0 DS   [-WA]
DS =0010 00000000 ffffffff 00cf9300 DPL=0 DS   [-WA]
FS =0010 00000000 ffffffff 00cf9300 DPL=0 DS   [-WA]
GS =0010 00000000 ffffffff 00cf9300 DPL=0 DS   [-WA]
LDT=0000 00000000 0000ffff 00008200 DPL=0 LDT
TR =0000 00000000 0000ffff 00008b00 DPL=0 TSS32-busy
GDT=     00108008 00000017
IDT=     00108060 000007ff
CR0=80000011 CR2=00000000 CR3=00000000 CR4=00000000
DR0=00000000 DR1=00000000 DR2=00000000 DR3=00000000 
DR6=ffff0ff0 DR7=00000400
CCS=00000004 CCD=000006a6 CCO=EFLAGS
EFER=0000000000000000
Servicing hardware INT=0x20
   262: v=20 e=0000 i=0 cpl=0 IP=0008:0010117e pc=0010117e SP=0010:d0000fa9 env->regs[R_EAX]=00000741
EAX=00000741 EBX=0000000f ECX=0000050f EDX=00000010
ESI=000b8000 EDI=00000700 EBP=d0000fb5 ESP=d0000fa9
EIP=0010117e EFL=00000206 [-----P-] CPL=0 II=0 A20=1 SMM=0 HLT=0
ES =0010 00000000 ffffffff 00cf9300 DPL=0 DS   [-WA]
CS =0008 00000000 ffffffff 00cf9a00 DPL=0 CS32 [-R-]
SS =0010 00000000 ffffffff 00cf9300 DPL=0 DS   [-WA]
DS =0010 00000000 ffffffff 00cf9300 DPL=0 DS   [-WA]
FS =0010 00000000 ffffffff 00cf9300 DPL=0 DS   [-WA]
GS =0010 00000000 ffffffff 00cf9300 DPL=0 DS   [-WA]
LDT=0000 00000000 0000ffff 00008200 DPL=0 LDT
TR =0000 00000000 0000ffff 00008b00 DPL=0 TSS32-busy
GDT=     00108008 00000017
IDT=     00108060 000007ff
CR0=80000011 CR2=00000000 CR3=00000000 CR4=00000000
DR0=00000000 DR1=00000000 DR2=00000000 DR3=00000000 
DR6=ffff0ff0 DR7=00000400
CCS=00000004 CCD=0000050f CCO=EFLAGS
EFER=0000000000000000
Servicing hardware INT=0x20
   263: v=20 e=0000 i=0 cpl=0 IP=0008:0010117e pc=0010117e SP=0010:d0001fb2 env->regs[R_EAX]=00000742
EAX=00000742 EBX=0000001d ECX=000006fd EDX=00000016
ESI=000b8000 EDI=00000700 EBP=d0001fbe ESP=d0001fb2
EIP=0010117e EFL=00000202 [-------] CPL=0 II=0 A20=1 SMM=0 HLT=0
ES =0010 00000000 ffffffff 00cf9300 DPL=0 DS   [-WA]
CS =0008 00000000 ffffffff 00cf9a00 DPL=0 CS32 [-R-]
SS =0010 00000000 ffffffff 00cf9300 DPL=0 DS   [-WA]
DS =0010 00000000 ffffffff 00cf9300 DPL=0 DS   [-WA]
FS =0010 00000000 ffffffff 00cf9300 DPL=0 DS   [-WA]
GS =0010 00000000 ffffffff 00cf9300 DPL=0 DS   [-WA]
LDT=0000 00000000 0000ffff 00008200 DPL=0 LDT
TR =0000 00000000 0000ffff 00008b00 DPL=0 TSS32-busy
GDT=     00108008 00000017
IDT=     00108060 000007ff
CR0=80000011 CR2=00000000 CR3=00000000 CR4=00000000
DR0=00000000 DR1=00000000 DR2=00000000 DR3=00000000 
DR6=ffff0ff0 DR7=00000400
CCS=00000000 CCD=000006fd CCO=EFLAGS
EFER=0000000000000000
Servicing hardware INT=0x20
   264: v=20 e=0000 i=0 cpl=0 IP=0008:0010117e pc=0010117e SP=0010:00107fa4 env->regs[R_EAX]=00000730
EAX=00000730 EBX=0000003e ECX=000002be EDX=00000008
ESI=000b8000 EDI=00000700 EBP=00107fb0 ESP=00107fa4
EIP=0010117e EFL=00000206 [-----P-] CPL=0 II=0 A20=1 SMM=0 HLT=0
ES =0010 00000000 ffffffff 00cf9300 DPL=0 DS   [-WA]
CS =0008 00000000 ffffffff 00cf9a00 DPL=0 CS32 [-R-]
SS =0010 00000000 ffffffff 00cf9300 DPL=0 DS   [-WA]
DS =0010 00000000 ffffffff 00cf9300 DPL=0 DS   [-WA]
FS =0010 00000000 ffffffff 00cf9300 DPL=0 DS   [-WA]
GS =0010 00000000 ffffffff 00cf9300 DPL=0 DS   [-WA]
LDT=0000 00000000 0000ffff 00008200 DPL=0 LDT
TR =0000 00000000 0000ffff 00008b00 DPL=0 TSS32-busy
GDT=     00108008 00000017
IDT=     00108060 000007ff
CR0=80000011 CR2=00000000 CR3=00000000 CR4=00000000
DR0=00000000 DR1=00000000 DR2=00000000 DR3=00000000 
DR6=ffff0ff0 DR7=00000400
CCS=00000004 CCD=000002be CCO=EFLAGS
EFER=0000000000000000
Servicing hardware INT=0x20
   265: v=20 e=0000 i=0 cpl=0 IP=0008:0010117e pc=0010117e SP=0010:d0000fa9 env->regs[R_EAX]=00000741
EAX=00000741 EBX=00000027 ECX=000002f7 EDX=00000009
ESI=000b8000 EDI=00000700 EBP=d0000fb5 ESP=d0000fa9
EIP=0010117e EFL=00000202 [-------] CPL=0 II=0 A20=1 SMM=0 HLT=0
ES =0010 00000000 ffffffff 00cf9300 DPL=0 DS   [-WA]
CS =0008 00000000 ffffffff 00cf9a00 DPL=0 CS32 [-R-]
SS =0010 00000000 ffffffff 00cf9300 DPL=0 DS   [-WA]
DS =0010 00000000 ffffffff 00cf9300 DPL=0 DS   [-WA]
FS =0010 00000000 ffffffff 00cf9300 DPL=0 DS   [-WA]
GS =0010 00000000 ffffffff 00cf9300 DPL=0 DS   [-WA]
LDT=0000 00000000 0000ffff 00008200 DPL=0 LDT
TR =0000 00000000 0000ffff 00008b00 DPL=0 TSS32-busy
GDT=     00108008 00000017
IDT=     00108060 000007ff
CR0=80000011 CR2=00000000 CR3=00000000 CR4=00000000
DR0=00000000 DR1=00000000 DR2=00000000 DR3=00000000 
DR6=ffff0ff0 DR7=00000400
CCS=00000000 CCD=000002f7 CCO=EFLAGS
EFER=0000000000000000
Servicing hardware INT=0x20
   266: v=20 e=0000 i=0 cpl=0 IP=0008:0010117e pc=0010117e SP=0010:d0001fb2 env->regs[R_EAX]=00000742
EAX=00000742 EBX=00000046 ECX=00000276 EDX=00000007
ESI=000b8000 EDI=00000700 EBP=d0001fbe ESP=d0001fb2
EIP=0010117e EFL=00000202 [-------] CPL=0 II=0 A20=1 SMM=0 HLT=0
ES =0010 00000000 ffffffff 00cf9300 DPL=0 DS   [-WA]
CS =0008 00000000 ffffffff 00cf9a00 DPL=0 CS32 [-R-]
SS =0010 00000000 ffffffff 00cf9300 DPL=0 DS   [-WA]
DS =0010 00000000 ffffffff 00cf9300 DPL=0 DS   [-WA]
FS =0010 00000000 ffffffff 00cf9300 DPL=0 DS   [-WA]
GS =0010 00000000 ffffffff 00cf9300 DPL=0 DS   [-WA]
LDT=0000 00000000 0000ffff 00008200 DPL=0 LDT
TR =0000 00000000 0000ffff 00008b00 DPL=0 TSS32-busy
GDT=     00108008 00000017
IDT=     00108060 000007ff
CR0=80000011 CR2=00000000 CR3=00000000 CR4=00000000
DR0=00000000 DR1=00000000 DR2=00000000 DR3=00000000 
DR6=ffff0ff0 DR7=00000400
CCS=00000000 CCD=00000276 CCO=EFLAGS
EFER=0000000000000000
Servicing hardware INT=0x20
   267: v=20 e=0000 i=0 cpl=0 IP=0008:0010117a pc=0010117a SP=0010:00107fa4 env->regs[R_EAX]=00000730
EAX=00000730 EBX=00000024 ECX=00000754 EDX=00000017
ESI=000b8000 EDI=00000700 EBP=00107fb0 ESP=00107fa4
EIP=0010117a EFL=00000202 [-------] CPL=0 II=0 A20=1 SMM=0 HLT=0
ES =0010 00000000 ffffffff 00cf9300 DPL=0 DS   [-WA]
CS =0008 00000000 ffffffff 00cf9a00 DPL=0 CS32 [-R-]
SS =0010 00000000 ffffffff 00cf9300 DPL=0 DS   [-WA]
DS =0010 00000000 ffffffff 00cf9300 DPL=0 DS   [-WA]
FS =0010 00000000 ffffffff 00cf9300 DPL=0 DS   [-WA]
GS =0010 00000000 ffffffff 00cf9300 DPL=0 DS   [-WA]
LDT=0000 00000000 0000ffff 00008200 DPL=0 LDT
TR =0000 00000000 0000ffff 00008b00 DPL=0 TSS32-busy
GDT=     00108008 00000017
IDT=     00108060 000007ff
CR0=80000011 CR2=00000000 CR3=00000000 CR4=00000000
DR0=00000000 DR1=00000000 DR2=00000000 DR3=00000000 
DR6=ffff0ff0 DR7=00000400
CCS=00000000 CCD=00000754 CCO=EFLAGS
EFER=0000000000000000
Servicing hardware INT=0x20
   268: v=20 e=0000 i=0 cpl=0 IP=0008:0010117e pc=0010117e SP=0010:d0000fa9 env->regs[R_EAX]=00000741
EAX=00000741 EBX=00000031 ECX=00000261 EDX=00000007
ESI=000b8000 EDI=00000700 EBP=d0000fb5 ESP=d0000fa9
EIP=0010117e EFL=00000202 [-------] CPL=0 II=0 A20=1 SMM=0 HLT=0
ES =0010 00000000 ffffffff 00cf9300 DPL=0 DS   [-WA]
CS =0008 00000000 ffffffff 00cf9a00 DPL=0 CS32 [-R-]
SS =0010 00000000 ffffffff 00cf9300 DPL=0 DS   [-WA]
DS =0010 00000000 ffffffff 00cf9300 DPL=0 DS   [-WA]
FS =0010 00000000 ffffffff 00cf9300 DPL=0 DS   [-WA]
GS =0010 00000000 ffffffff 00cf9300 DPL=0 DS   [-WA]
LDT=0000 00000000 0000ffff 00008200 DPL=0 LDT
TR =0000 00000000 0000ffff 00008b00 DPL=0 TSS32-busy
GDT=     00108008 00000017
IDT=     00108060 000007ff
CR0=80000011 CR2=00000000 CR3=00000000 CR4=00000000
DR0=00000000 DR1=00000000 DR2=00000000 DR3=00000000 
DR6=ffff0ff0 DR7=00000400
CCS=00000000 CCD=00000261 CCO=EFLAGS
EFER=0000000000000000
Servicing hardware INT=0x20
   269: v=20 e=0000 i=0 cpl=0 IP=0008:0010117e pc=0010117e SP=0010:d0001fb2 env->regs[R_EAX]=00000742
EAX=00000742 EBX=0000004c ECX=000004fc EDX=0000000f
ESI=000b8000 EDI=00000700 EBP=d0001fbe ESP=d0001fb2
EIP=0010117e EFL=00000206 [-----P-] CPL=0 II=0 A20=1 SMM=0 HLT=0
ES =0010 00000000 ffffffff 00cf9300 DPL=0 DS   [-WA]
CS =0008 00000000 ffffffff 00cf9a00 DPL=0 CS32 [-R-]
SS =0010 00000000 ffffffff 00cf9300 DPL=0 DS   [-WA]
DS =0010 00000000 ffffffff 00cf9300 DPL=0 DS   [-WA]
FS =0010 00000000 ffffffff 00cf9300 DPL=0 DS   [-WA]
GS =0010 00000000 ffffffff 00cf9300 DPL=0 DS   [-WA]
LDT=0000 00000000 0000ffff 00008200 DPL=0 LDT
TR =0000 00000000 0000ffff 00008b00 DPL=0 TSS32-busy
GDT=     00108008 00000017
IDT=     00108060 000007ff
CR0=80000011 CR2=00000000 CR3=00000000 CR4=00000000
DR0=00000000 DR1=00000000 DR2=00000000 DR3=00000000 
DR6=ffff0ff0 DR7=00000400
CCS=00000004 CCD=000004fc CCO=EFLAGS
EFER=0000000000000000
Servicing hardware INT=0x20
   270: v=20 e=0000 i=0 cpl=0 IP=0008:0010117e pc=0010117e SP=0010:00107fa4 env->regs[R_EAX]=00000730
EAX=00000730 EBX=0000001e ECX=0000074e EDX=00000017
ESI=000b8000 EDI=00000700 EBP=00107fb0 ESP=00107fa4
EIP=0010117e EFL=00000206 [-----P-] CPL=0 II=0 A20=1 SMM=0 HLT=0
ES =0010 00000000 ffffffff 00cf9300 DPL=0 DS   [-WA]
CS =0008 00000000 ffffffff 00cf9a00 DPL=0 CS32 [-R-]
SS =0010 00000000 ffffffff 00cf9300 DPL=0 DS   [-WA]
DS =0010 00000000 ffffffff 00cf9300 DPL=0 DS   [-WA]
FS =0010 00000000 ffffffff 00cf9300 DPL=0 DS   [-WA]
GS =0010 00000000 ffffffff 00cf9300 DPL=0 DS   [-WA]
LDT=0000 00000000 0000ffff 00008200 DPL=0 LDT
TR =0000 00000000 0000ffff 00008b00 DPL=0 TSS32-busy
GDT=     00108008 00000017
IDT=     00108060 000007ff
CR0=80000011 CR2=00000000 CR3=00000000 CR4=00000000
DR0=00000000 DR1=00000000 DR2=00000000 DR3=00000000 
DR6=ffff0ff0 DR7=00000400
CCS=00000004 CCD=0000074e CCO=EFLAGS
EFER=0000000000000000
Servicing hardware INT=0x20
   271: v=20 e=0000 i=0 cpl=0 IP=0008:0010117e pc=0010117e SP=0010:d0000fa9 env->regs[R_EAX]=00000741
EAX=00000741 EBX=0000000f ECX=0000069f EDX=00000015
ESI=000b8000 EDI=00000700 EBP=d0000fb5 ESP=d0000fa9
EIP=0010117e EFL=00000206 [-----P-] CPL=0 II=0 A20=1 SMM=0 HLT=0
ES =0010 00000000 ffffffff 00cf9300 DPL=0 DS   [-WA]
CS =0008 00000000 ffffffff 00cf9a00 DPL=0 CS32 [-R-]
SS =0010 00000000 ffffffff 00cf9300 DPL=0 DS   [-WA]
DS =0010 00000000 ffffffff 00cf9300 DPL=0 DS   [-WA]
FS =0010 00000000 ffffffff 00cf9300 DPL=0 DS   [-WA]
GS =0010 00000000 ffffffff 00cf9300 DPL=0 DS   [-WA]
LDT=0000 00000000 0000ffff 00008200 DPL=0 LDT
TR =0000 00000000 0000ffff 00008b00 DPL=0 TSS32-busy
GDT=     00108008 00000017
IDT=     00108060 000007ff
CR0=80000011 CR2=00000000 CR3=00000000 CR4=00000000
DR0=00000000 DR1=00000000 DR2=00000000 DR3=00000000 
DR6=ffff0ff0 DR7=00000400
CCS=00000004 CCD=0000069f CCO=EFLAGS
EFER=0000000000000000
Servicing hardware INT=0x20
   272: v=20 e=0000 i=0 cpl=0 IP=0008:0010117e pc=0010117e SP=0010:d0001fb2 env->regs[R_EAX]=00000742
EAX=00000742 EBX=0000003b ECX=000000db EDX=00000002
ESI=000b8000 EDI=00000700 EBP=d0001fbe ESP=d0001fb2
EIP=0010117e EFL=00000206 [-----P-] CPL=0 II=0 A20=1 SMM=0 HLT=0
ES =0010 00000000 ffffffff 00cf9300 DPL=0 DS   [-WA]
CS =0008 00000000 ffffffff 00cf9a00 DPL=0 CS32 [-R-]
SS =0010 00000000 ffffffff 00cf9300 DPL=0 DS   [-WA]
DS =0010 00000000 ffffffff 00cf9300 DPL=0 DS   [-WA]
FS =0010 00000000 ffffffff 00cf9300 DPL=0 DS   [-WA]
GS =0010 00000000 ffffffff 00cf9300 DPL=0 DS   [-WA]
LDT=0000 00000000 0000ffff 00008200 DPL=0 LDT
TR =0000 00000000 0000ffff 00008b00 DPL=0 TSS32-busy
GDT=     00108008 00000017
IDT=     00108060 000007ff
CR0=80000011 CR2=00000000 CR3=00000000 CR4=00000000
DR0=00000000 DR1=00000000 DR2=00000000 DR3=00000000 
DR6=ffff0ff0 DR7=00000400
CCS=00000004 CCD=000000db CCO=EFLAGS
EFER=0000000000000000
Servicing hardware INT=0x20
   273: v=20 e=0000 i=0 cpl=0 IP=0008:0010117e pc=0010117e SP=0010:00107fa4 env->regs[R_EAX]=00000730
EAX=00000730 EBX=0000001e ECX=0000038e EDX=0000000b
ESI=000b8000 EDI=00000700 EBP=00107fb0 ESP=00107fa4
EIP=0010117e EFL=00000206 [-----P-] CPL=0 II=0 A20=1 SMM=0 HLT=0
ES =0010 00000000 ffffffff 00cf9300 DPL=0 DS   [-WA]
CS =0008 00000000 ffffffff 00cf9a00 DPL=0 CS32 [-R-]
SS =0010 00000000 ffffffff 00cf9300 DPL=0 DS   [-WA]
DS =0010 00000000 ffffffff 00cf9300 DPL=0 DS   [-WA]
FS =0010 00000000 ffffffff 00cf9300 DPL=0 DS   [-WA]
GS =0010 00000000 ffffffff 00cf9300 DPL=0 DS   [-WA]
LDT=0000 00000000 0000ffff 00008200 DPL=0 LDT
TR =0000 00000000 0000ffff 00008b00 DPL=0 TSS32-busy
GDT=     00108008 00000017
IDT=     00108060 000007ff
CR0=80000011 CR2=00000000 CR3=00000000 CR4=00000000
DR0=00000000 DR1=00000000 DR2=00000000 DR3=00000000 
DR6=ffff0ff0 DR7=00000400
CCS=00000004 CCD=0000038e CCO=EFLAGS
EFER=0000000000000000
Servicing hardware INT=0x20
   274: v=20 e=0000 i=0 cpl=0 IP=0008:0010117e pc=0010117e SP=0010:d0000fa9 env->regs[R_EAX]=00000741
EAX=00000741 EBX=00000006 ECX=00000286 EDX=00000008
ESI=000b8000 EDI=00000700 EBP=d0000fb5 ESP=d0000fa9
EIP=0010117e EFL=00000202 [-------] CPL=0 II=0 A20=1 SMM=0 HLT=0
ES =0010 00000000 ffffffff 00cf9300 DPL=0 DS   [-WA]
CS =0008 00000000 ffffffff 00cf9a00 DPL=0 CS32 [-R-]
SS =0010 00000000 ffffffff 00cf9300 DPL=0 DS   [-WA]
DS =0010 00000000 ffffffff 00cf9300 DPL=0 DS   [-WA]
FS =0010 00000000 ffffffff 00cf9300 DPL=0 DS   [-WA]
GS =0010 00000000 ffffffff 00cf9300 DPL=0 DS   [-WA]
LDT=0000 00000000 0000ffff 00008200 DPL=0 LDT
TR =0000 00000000 0000ffff 00008b00 DPL=0 TSS32-busy
GDT=     00108008 00000017
IDT=     00108060 000007ff
CR0=80000011 CR2=00000000 CR3=00000000 CR4=00000000
DR0=00000000 DR1=00000000 DR2=00000000 DR3=00000000 
DR6=ffff0ff0 DR7=00000400
CCS=00000000 CCD=00000286 CCO=EFLAGS
EFER=0000000000000000
Servicing hardware INT=0x20
   275: v=20 e=0000 i=0 cpl=0 IP=0008:0010117e pc=0010117e SP=0010:d0001fb2 env->regs[R_EAX]=00000742
EAX=00000742 EBX=00000036 ECX=00000126 EDX=00000003
ESI=000b8000 EDI=00000700 EBP=d0001fbe ESP=d0001fb2
EIP=0010117e EFL=00000202 [-------] CPL=0 II=0 A20=1 SMM=0 HLT=0
ES =0010 00000000 ffffffff 00cf9300 DPL=0 DS   [-WA]
CS =0008 00000000 ffffffff 00cf9a00 DPL=0 CS32 [-R-]
SS =0010 00000000 ffffffff 00cf9300 DPL=0 DS   [-WA]
DS =0010 00000000 ffffffff 00cf9300 DPL=0 DS   [-WA]
FS =0010 00000000 ffffffff 00cf9300 DPL=0 DS   [-WA]
GS =0010 00000000 ffffffff 00cf9300 DPL=0 DS   [-WA]
LDT=0000 00000000 0000ffff 00008200 DPL=0 LDT
TR =0000 00000000 0000ffff 00008b00 DPL=0 TSS32-busy
GDT=     00108008 00000017
IDT=     00108060 000007ff
CR0=80000011 CR2=00000000 CR3=00000000 CR4=00000000
DR0=00000000 DR1=00000000 DR2=00000000 DR3=00000000 
DR6=ffff0ff0 DR7=00000400
CCS=00000000 CCD=00000126 CCO=EFLAGS
EFER=0000000000000000
Servicing hardware INT=0x20
   276: v=20 e=0000 i=0 cpl=0 IP=0008:0010117e pc=0010117e SP=0010:00107fa4 env->regs[R_EAX]=00000730
EAX=00000730 EBX=00000000 ECX=00000230 EDX=00000007
ESI=000b8000 EDI=00000700 EBP=00107fb0 ESP=00107fa4
EIP=0010117e EFL=00000206 [-----P-] CPL=0 II=0 A20=1 SMM=0 HLT=0
ES =0010 00000000 ffffffff 00cf9300 DPL=0 DS   [-WA]
CS =0008 00000000 ffffffff 00cf9a00 DPL=0 CS32 [-R-]
SS =0010 00000000 ffffffff 00cf9300 DPL=0 DS   [-WA]
DS =0010 00000000 ffffffff 00cf9300 DPL=0 DS   [-WA]
FS =0010 00000000 ffffffff 00cf9300 DPL=0 DS   [-WA]
GS =0010 00000000 ffffffff 00cf9300 DPL=0 DS   [-WA]
LDT=0000 00000000 0000ffff 00008200 DPL=0 LDT
TR =0000 00000000 0000ffff 00008b00 DPL=0 TSS32-busy
GDT=     00108008 00000017
IDT=     00108060 000007ff
CR0=80000011 CR2=00000000 CR3=00000000 CR4=00000000
DR0=00000000 DR1=00000000 DR2=00000000 DR3=00000000 
DR6=ffff0ff0 DR7=00000400
CCS=00000004 CCD=00000230 CCO=EFLAGS
EFER=0000000000000000
Servicing hardware INT=0x20
   277: v=20 e=0000 i=0 cpl=0 IP=0008:0010117e pc=0010117e SP=0010:d0000fa9 env->regs[R_EAX]=00000741
EAX=00000741 EBX=0000000a ECX=000005fa EDX=00000013
ESI=000b8000 EDI=00000700 EBP=d0000fb5 ESP=d0000fa9
EIP=0010117e EFL=00000206 [-----P-] CPL=0 II=0 A20=1 SMM=0 HLT=0
ES =0010 00000000 ffffffff 00cf9300 DPL=0 DS   [-WA]
CS =0008 00000000 ffffffff 00cf9a00 DPL=0 CS32 [-R-]
SS =0010 00000000 ffffffff 00cf9300 DPL=0 DS   [-WA]
DS =0010 00000000 ffffffff 00cf9300 DPL=0 DS   [-WA]
FS =0010 00000000 ffffffff 00cf9300 DPL=0 DS   [-WA]
GS =0010 00000000 ffffffff 00cf9300 DPL=0 DS   [-WA]
LDT=0000 00000000 0000ffff 00008200 DPL=0 LDT
TR =0000 00000000 0000ffff 00008b00 DPL=0 TSS32-busy
GDT=     00108008 00000017
IDT=     00108060 000007ff
CR0=80000011 CR2=00000000 CR3=00000000 CR4=00000000
DR0=00000000 DR1=00000000 DR2=00000000 DR3=00000000 
DR6=ffff0ff0 DR7=00000400
CCS=00000004 CCD=000005fa CCO=EFLAGS
EFER=0000000000000000
Servicing hardware INT=0x20
   278: v=20 e=0000 i=0 cpl=0 IP=0008:0010117e pc=0010117e SP=0010:d0001fb2 env->regs[R_EAX]=00000742
EAX=00000742 EBX=00000043 ECX=000004f3 EDX=0000000f
ESI=000b8000 EDI=00000700 EBP=d0001fbe ESP=d0001fb2
EIP=0010117e EFL=00000206 [-----P-] CPL=0 II=0 A20=1 SMM=0 HLT=0
ES =0010 00000000 ffffffff 00cf9300 DPL=0 DS   [-WA]
CS =0008 00000000 ffffffff 00cf9a00 DPL=0 CS32 [-R-]
SS =0010 00000000 ffffffff 00cf9300 DPL=0 DS   [-WA]
DS =0010 00000000 ffffffff 00cf9300 DPL=0 DS   [-WA]
FS =0010 00000000 ffffffff 00cf9300 DPL=0 DS   [-WA]
GS =0010 00000000 ffffffff 00cf9300 DPL=0 DS   [-WA]
LDT=0000 00000000 0000ffff 00008200 DPL=0 LDT
TR =0000 00000000 0000ffff 00008b00 DPL=0 TSS32-busy
GDT=     00108008 00000017
IDT=     00108060 000007ff
CR0=80000011 CR2=00000000 CR3=00000000 CR4=00000000
DR0=00000000 DR1=00000000 DR2=00000000 DR3=00000000 
DR6=ffff0ff0 DR7=00000400
CCS=00000004 CCD=000004f3 CCO=EFLAGS
EFER=0000000000000000
Servicing hardware INT=0x20
   279: v=20 e=0000 i=0 cpl=0 IP=0008:0010117e pc=0010117e SP=0010:00107fa4 env->regs[R_EAX]=00000730
EAX=00000730 EBX=0000002d ECX=0000020d EDX=00000006
ESI=000b8000 EDI=00000700 EBP=00107fb0 ESP=00107fa4
EIP=0010117e EFL=00000202 [-------] CPL=0 II=0 A20=1 SMM=0 HLT=0
ES =0010 00000000 ffffffff 00cf9300 DPL=0 DS   [-WA]
CS =0008 00000000 ffffffff 00cf9a00 DPL=0 CS32 [-R-]
SS =0010 00000000 ffffffff 00cf9300 DPL=0 DS   [-WA]
DS =0010 00000000 ffffffff 00cf9300 DPL=0 DS   [-WA]
FS =0010 00000000 ffffffff 00cf9300 DPL=0 DS   [-WA]
GS =0010 00000000 ffffffff 00cf9300 DPL=0 DS   [-WA]
LDT=0000 00000000 0000ffff 00008200 DPL=0 LDT
TR =0000 00000000 0000ffff 00008b00 DPL=0 TSS32-busy
GDT=     00108008 00000017
IDT=     00108060 000007ff
CR0=80000011 CR2=00000000 CR3=00000000 CR4=00000000
DR0=00000000 DR1=00000000 DR2=00000000 DR3=00000000 
DR6=ffff0ff0 DR7=00000400
CCS=00000000 CCD=0000020d CCO=EFLAGS
EFER=0000000000000000
Servicing hardware INT=0x20
   280: v=20 e=0000 i=0 cpl=0 IP=0008:0010117e pc=0010117e SP=0010:d0000fa9 env->regs[R_EAX]=00000741
EAX=00000741 EBX=00000029 ECX=000005c9 EDX=00000012
ESI=000b8000 EDI=00000700 EBP=d0000fb5 ESP=d0000fa9
EIP=0010117e EFL=00000206 [-----P-] CPL=0 II=0 A20=1 SMM=0 HLT=0
ES =0010 00000000 ffffffff 00cf9300 DPL=0 DS   [-WA]
CS =0008 00000000 ffffffff 00cf9a00 DPL=0 CS32 [-R-]
SS =0010 00000000 ffffffff 00cf9300 DPL=0 DS   [-WA]
DS =0010 00000000 ffffffff 00cf9300 DPL=0 DS   [-WA]
FS =0010 00000000 ffffffff 00cf9300 DPL=0 DS   [-WA]
GS =0010 00000000 ffffffff 00cf9300 DPL=0 DS   [-WA]
LDT=0000 00000000 0000ffff 00008200 DPL=0 LDT
TR =0000 00000000 0000ffff 00008b00 DPL=0 TSS32-busy
GDT=     00108008 00000017
IDT=     00108060 000007ff
CR0=80000011 CR2=00000000 CR3=00000000 CR4=00000000
DR0=00000000 DR1=00000000 DR2=00000000 DR3=00000000 
DR6=ffff0ff0 DR7=00000400
CCS=00000004 CCD=000005c9 CCO=EFLAGS
EFER=0000000000000000
Servicing hardware INT=0x20
   281: v=20 e=0000 i=0 cpl=0 IP=0008:0010117e pc=0010117e SP=0010:d0001fb2 env->regs[R_EAX]=00000742
EAX=00000742 EBX=00000016 ECX=00000336 EDX=0000000a
ESI=000b8000 EDI=00000700 EBP=d0001fbe ESP=d0001fb2
EIP=0010117e EFL=00000206 [-----P-] CPL=0 II=0 A20=1 SMM=0 HLT=0
ES =0010 00000000 ffffffff 00cf9300 DPL=0 DS   [-WA]
CS =0008 00000000 ffffffff 00cf9a00 DPL=0 CS32 [-R-]
SS =0010 00000000 ffffffff 00cf9300 DPL=0 DS   [-WA]
DS =0010 00000000 ffffffff 00cf9300 DPL=0 DS   [-WA]
FS =0010 00000000 ffffffff 00cf9300 DPL=0 DS   [-WA]
GS =0010 00000000 ffffffff 00cf9300 DPL=0 DS   [-WA]
LDT=0000 00000000 0000ffff 00008200 DPL=0 LDT
TR =0000 00000000 0000ffff 00008b00 DPL=0 TSS32-busy
GDT=     00108008 00000017
IDT=     00108060 000007ff
CR0=80000011 CR2=00000000 CR3=00000000 CR4=00000000
DR0=00000000 DR1=00000000 DR2=00000000 DR3=00000000 
DR6=ffff0ff0 DR7=00000400
CCS=00000004 CCD=00000336 CCO=EFLAGS
EFER=0000000000000000
Servicing hardware INT=0x20
   282: v=20 e=0000 i=0 cpl=0 IP=0008:0010117e pc=0010117e SP=0010:00107fa4 env->regs[R_EAX]=00000730
EAX=00000730 EBX=0000001c ECX=0000074c EDX=00000017
ESI=000b8000 EDI=00000700 EBP=00107fb0 ESP=00107fa4
EIP=0010117e EFL=00000202 [-------] CPL=0 II=0 A20=1 SMM=0 HLT=0
ES =0010 00000000 ffffffff 00cf9300 DPL=0 DS   [-WA]
CS =0008 00000000 ffffffff 00cf9a00 DPL=0 CS32 [-R-]
SS =0010 00000000 ffffffff 00cf9300 DPL=0 DS   [-WA]
DS =0010 00000000 ffffffff 00cf9300 DPL=0 DS   [-WA]
FS =0010 00000000 ffffffff 00cf9300 DPL=0 DS   [-WA]
GS =0010 00000000 ffffffff 00cf9300 DPL=0 DS   [-WA]
LDT=0000 00000000 0000ffff 00008200 DPL=0 LDT
TR =0000 00000000 0000ffff 00008b00 DPL=0 TSS32-busy
GDT=     00108008 00000017
IDT=     00108060 000007ff
CR0=80000011 CR2=00000000 CR3=00000000 CR4=00000000
DR0=00000000 DR1=00000000 DR2=00000000 DR3=00000000 
DR6=ffff0ff0 DR7=00000400
CCS=00000000 CCD=0000074c CCO=EFLAGS
EFER=0000000000000000
Servicing hardware INT=0x20
   283: v=20 e=0000 i=0 cpl=0 IP=0008:0010117e pc=0010117e SP=0010:d0000fa9 env->regs[R_EAX]=00000741
EAX=00000741 EBX=0000002c ECX=000002fc EDX=00000009
ESI=000b8000 EDI=00000700 EBP=d0000fb5 ESP=d0000fa9
EIP=0010117e EFL=00000206 [-----P-] CPL=0 II=0 A20=1 SMM=0 HLT=0
ES =0010 00000000 ffffffff 00cf9300 DPL=0 DS   [-WA]
CS =0008 00000000 ffffffff 00cf9a00 DPL=0 CS32 [-R-]
SS =0010 00000000 ffffffff 00cf9300 DPL=0 DS   [-WA]
DS =0010 00000000 ffffffff 00cf9300 DPL=0 DS   [-WA]
FS =0010 00000000 ffffffff 00cf9300 DPL=0 DS   [-WA]
GS =0010 00000000 ffffffff 00cf9300 DPL=0 DS   [-WA]
LDT=0000 00000000 0000ffff 00008200 DPL=0 LDT
TR =0000 00000000 0000ffff 00008b00 DPL=0 TSS32-busy
GDT=     00108008 00000017
IDT=     00108060 000007ff
CR0=80000011 CR2=00000000 CR3=00000000 CR4=00000000
DR0=00000000 DR1=00000000 DR2=00000000 DR3=00000000 
DR6=ffff0ff0 DR7=00000400
CCS=00000004 CCD=000002fc CCO=EFLAGS
EFER=0000000000000000
Servicing hardware INT=0x20
   284: v=20 e=0000 i=0 cpl=0 IP=0008:0010117e pc=0010117e SP=0010:d0001fb2 env->regs[R_EAX]=00000742
EAX=00000742 EBX=0000001a ECX=0000033a EDX=0000000a
ESI=000b8000 EDI=00000700 EBP=d0001fbe ESP=d0001fb2
EIP=0010117e EFL=00000206 [-----P-] CPL=0 II=0 A20=1 SMM=0 HLT=0
ES =0010 00000000 ffffffff 00cf9300 DPL=0 DS   [-WA]
CS =0008 00000000 ffffffff 00cf9a00 DPL=0 CS32 [-R-]
SS =0010 00000000 ffffffff 00cf9300 DPL=0 DS   [-WA]
DS =0010 00000000 ffffffff 00cf9300 DPL=0 DS   [-WA]
FS =0010 00000000 ffffffff 00cf9300 DPL=0 DS   [-WA]
GS =0010 00000000 ffffffff 00cf9300 DPL=0 DS   [-WA]
LDT=0000 00000000 0000ffff 00008200 DPL=0 LDT
TR =0000 00000000 0000ffff 00008b00 DPL=0 TSS32-busy
GDT=     00108008 00000017
IDT=     00108060 000007ff
CR0=80000011 CR2=00000000 CR3=00000000 CR4=00000000
DR0=00000000 DR1=00000000 DR2=00000000 DR3=00000000 
DR6=ffff0ff0 DR7=00000400
CCS=00000004 CCD=0000033a CCO=EFLAGS
EFER=0000000000000000
Servicing hardware INT=0x20
   285: v=20 e=0000 i=0 cpl=0 IP=0008:0010117e pc=0010117e SP=0010:00107fa4 env->regs[R_EAX]=00000730
EAX=00000730 EBX=0000000a ECX=000006ea EDX=00000016
ESI=000b8000 EDI=00000700 EBP=00107fb0 ESP=00107fa4
EIP=0010117e EFL=00000202 [-------] CPL=0 II=0 A20=1 SMM=0 HLT=0
ES =0010 00000000 ffffffff 00cf9300 DPL=0 DS   [-WA]
CS =0008 00000000 ffffffff 00cf9a00 DPL=0 CS32 [-R-]
SS =0010 00000000 ffffffff 00cf9300 DPL=0 DS   [-WA]
DS =0010 00000000 ffffffff 00cf9300 DPL=0 DS   [-WA]
FS =0010 00000000 ffffffff 00cf9300 DPL=0 DS   [-WA]
GS =0010 00000000 ffffffff 00cf9300 DPL=0 DS   [-WA]
LDT=0000 00000000 0000ffff 00008200 DPL=0 LDT
TR =0000 00000000 0000ffff 00008b00 DPL=0 TSS32-busy
GDT=     00108008 00000017
IDT=     00108060 000007ff
CR0=80000011 CR2=00000000 CR3=00000000 CR4=00000000
DR0=00000000 DR1=00000000 DR2=00000000 DR3=00000000 
DR6=ffff0ff0 DR7=00000400
CCS=00000000 CCD=000006ea CCO=EFLAGS
EFER=0000000000000000
Servicing hardware INT=0x20
   286: v=20 e=0000 i=0 cpl=0 IP=0008:0010117e pc=0010117e SP=0010:d0000fa9 env->regs[R_EAX]=00000741
EAX=00000741 EBX=00000022 ECX=000002a2 EDX=00000008
ESI=000b8000 EDI=00000700 EBP=d0000fb5 ESP=d0000fa9
EIP=0010117e EFL=00000202 [-------] CPL=0 II=0 A20=1 SMM=0 HLT=0
ES =0010 00000000 ffffffff 00cf9300 DPL=0 DS   [-WA]
CS =0008 00000000 ffffffff 00cf9a00 DPL=0 CS32 [-R-]
SS =0010 00000000 ffffffff 00cf9300 DPL=0 DS   [-WA]
DS =0010 00000000 ffffffff 00cf9300 DPL=0 DS   [-WA]
FS =0010 00000000 ffffffff 00cf9300 DPL=0 DS   [-WA]
GS =0010 00000000 ffffffff 00cf9300 DPL=0 DS   [-WA]
LDT=0000 00000000 0000ffff 00008200 DPL=0 LDT
TR =0000 00000000 0000ffff 00008b00 DPL=0 TSS32-busy
GDT=     00108008 00000017
IDT=     00108060 000007ff
CR0=80000011 CR2=00000000 CR3=00000000 CR4=00000000
DR0=00000000 DR1=00000000 DR2=00000000 DR3=00000000 
DR6=ffff0ff0 DR7=00000400
CCS=00000000 CCD=000002a2 CCO=EFLAGS
EFER=0000000000000000
Servicing hardware INT=0x20
   287: v=20 e=0000 i=0 cpl=0 IP=0008:0010117e pc=0010117e SP=0010:d0001fb2 env->regs[R_EAX]=00000742
EAX=00000742 EBX=00000005 ECX=000004b5 EDX=0000000f
ESI=000b8000 EDI=00000700 EBP=d0001fbe ESP=d0001fb2
EIP=0010117e EFL=00000202 [-------] CPL=0 II=0 A20=1 SMM=0 HLT=0
ES =0010 00000000 ffffffff 00cf9300 DPL=0 DS   [-WA]
CS =0008 00000000 ffffffff 00cf9a00 DPL=0 CS32 [-R-]
SS =0010 00000000 ffffffff 00cf9300 DPL=0 DS   [-WA]
DS =0010 00000000 ffffffff 00cf9300 DPL=0 DS   [-WA]
FS =0010 00000000 ffffffff 00cf9300 DPL=0 DS   [-WA]
GS =0010 00000000 ffffffff 00cf9300 DPL=0 DS   [-WA]
LDT=0000 00000000 0000ffff 00008200 DPL=0 LDT
TR =0000 00000000 0000ffff 00008b00 DPL=0 TSS32-busy
GDT=     00108008 00000017
IDT=     00108060 000007ff
CR0=80000011 CR2=00000000 CR3=00000000 CR4=00000000
DR0=00000000 DR1=00000000 DR2=00000000 DR3=00000000 
DR6=ffff0ff0 DR7=00000400
CCS=00000000 CCD=000004b5 CCO=EFLAGS
EFER=0000000000000000
Servicing hardware INT=0x20
   288: v=20 e=0000 i=0 cpl=0 IP=0008:0010117e pc=0010117e SP=0010:00107fa4 env->regs[R_EAX]=00000730
EAX=00000730 EBX=0000003e ECX=0000049e EDX=0000000e
ESI=000b8000 EDI=00000700 EBP=00107fb0 ESP=00107fa4
EIP=0010117e EFL=00000202 [-------] CPL=0 II=0 A20=1 SMM=0 HLT=0
ES =0010 00000000 ffffffff 00cf9300 DPL=0 DS   [-WA]
CS =0008 00000000 ffffffff 00cf9a00 DPL=0 CS32 [-R-]
SS =0010 00000000 ffffffff 00cf9300 DPL=0 DS   [-WA]
DS =0010 00000000 ffffffff 00cf9300 DPL=0 DS   [-WA]
FS =0010 00000000 ffffffff 00cf9300 DPL=0 DS   [-WA]
GS =0010 00000000 ffffffff 00cf9300 DPL=0 DS   [-WA]
LDT=0000 00000000 0000ffff 00008200 DPL=0 LDT
TR =0000 00000000 0000ffff 00008b00 DPL=0 TSS32-busy
GDT=     00108008 00000017
IDT=     00108060 000007ff
CR0=80000011 CR2=00000000 CR3=00000000 CR4=00000000
DR0=00000000 DR1=00000000 DR2=00000000 DR3=00000000 
DR6=ffff0ff0 DR7=00000400
CCS=00000000 CCD=0000049e CCO=EFLAGS
EFER=0000000000000000
Servicing hardware INT=0x20
   289: v=20 e=0000 i=0 cpl=0 IP=0008:0010117e pc=0010117e SP=0010:d0000fa9 env->regs[R_EAX]=00000741
EAX=00000741 EBX=00000049 ECX=00000319 EDX=00000009
ESI=000b8000 EDI=00000700 EBP=d0000fb5 ESP=d0000fa9
EIP=0010117e EFL=00000202 [-------] CPL=0 II=0 A20=1 SMM=0 HLT=0
ES =0010 00000000 ffffffff 00cf9300 DPL=0 DS   [-WA]
CS =0008 00000000 ffffffff 00cf9a00 DPL=0 CS32 [-R-]
SS =0010 00000000 ffffffff 00cf9300 DPL=0 DS   [-WA]
DS =0010 00000000 ffffffff 00cf9300 DPL=0 DS   [-WA]
FS =0010 00000000 ffffffff 00cf9300 DPL=0 DS   [-WA]
GS =0010 00000000 ffffffff 00cf9300 DPL=0 DS   [-WA]
LDT=0000 00000000 0000ffff 00008200 DPL=0 LDT
TR =0000 00000000 0000ffff 00008b00 DPL=0 TSS32-busy
GDT=     00108008 00000017
IDT=     00108060 000007ff
CR0=80000011 CR2=00000000 CR3=00000000 CR4=00000000
DR0=00000000 DR1=00000000 DR2=00000000 DR3=00000000 
DR6=ffff0ff0 DR7=00000400
CCS=00000000 CCD=00000319 CCO=EFLAGS
EFER=0000000000000000
Servicing hardware INT=0x20
   290: v=20 e=0000 i=0 cpl=0 IP=0008:0010117e pc=0010117e SP=0010:d0001fb2 env->regs[R_EAX]=00000742
EAX=00000742 EBX=00000042 ECX=00000402 EDX=0000000c
ESI=000b8000 EDI=00000700 EBP=d0001fbe ESP=d0001fb2
EIP=0010117e EFL=00000202 [-------] CPL=0 II=0 A20=1 SMM=0 HLT=0
ES =0010 00000000 ffffffff 00cf9300 DPL=0 DS   [-WA]
CS =0008 00000000 ffffffff 00cf9a00 DPL=0 CS32 [-R-]
SS =0010 00000000 ffffffff 00cf9300 DPL=0 DS   [-WA]
DS =0010 00000000 ffffffff 00cf9300 DPL=0 DS   [-WA]
FS =0010 00000000 ffffffff 00cf9300 DPL=0 DS   [-WA]
GS =0010 00000000 ffffffff 00cf9300 DPL=0 DS   [-WA]
LDT=0000 00000000 0000ffff 00008200 DPL=0 LDT
TR =0000 00000000 0000ffff 00008b00 DPL=0 TSS32-busy
GDT=     00108008 00000017
IDT=     00108060 000007ff
CR0=80000011 CR2=00000000 CR3=00000000 CR4=00000000
DR0=00000000 DR1=00000000 DR2=00000000 DR3=00000000 
DR6=ffff0ff0 DR7=00000400
CCS=00000000 CCD=00000402 CCO=EFLAGS
EFER=0000000000000000
Servicing hardware INT=0x20
   291: v=20 e=0000 i=0 cpl=0 IP=0008:0010117e pc=0010117e SP=0010:00107fa4 env->regs[R_EAX]=00000730
EAX=00000730 EBX=0000004c ECX=0000077c EDX=00000017
ESI=000b8000 EDI=00000700 EBP=00107fb0 ESP=00107fa4
EIP=0010117e EFL=00000202 [-------] CPL=0 II=0 A20=1 SMM=0 HLT=0
ES =0010 00000000 ffffffff 00cf9300 DPL=0 DS   [-WA]
CS =0008 00000000 ffffffff 00cf9a00 DPL=0 CS32 [-R-]
SS =0010 00000000 ffffffff 00cf9300 DPL=0 DS   [-WA]
DS =0010 00000000 ffffffff 00cf9300 DPL=0 DS   [-WA]
FS =0010 00000000 ffffffff 00cf9300 DPL=0 DS   [-WA]
GS =0010 00000000 ffffffff 00cf9300 DPL=0 DS   [-WA]
LDT=0000 00000000 0000ffff 00008200 DPL=0 LDT
TR =0000 00000000 0000ffff 00008b00 DPL=0 TSS32-busy
GDT=     00108008 00000017
IDT=     00108060 000007ff
CR0=80000011 CR2=00000000 CR3=00000000 CR4=00000000
DR0=00000000 DR1=00000000 DR2=00000000 DR3=00000000 
DR6=ffff0ff0 DR7=00000400
CCS=00000000 CCD=0000077c CCO=EFLAGS
EFER=0000000000000000
Servicing hardware INT=0x20
   292: v=20 e=0000 i=0 cpl=0 IP=0008:0010117e pc=0010117e SP=0010:d0000fa9 env->regs[R_EAX]=00000741
EAX=00000741 EBX=0000002e ECX=0000025e EDX=00000007
ESI=000b8000 EDI=00000700 EBP=d0000fb5 ESP=d0000fa9
EIP=0010117e EFL=00000202 [-------] CPL=0 II=0 A20=1 SMM=0 HLT=0
ES =0010 00000000 ffffffff 00cf9300 DPL=0 DS   [-WA]
CS =0008 00000000 ffffffff 00cf9a00 DPL=0 CS32 [-R-]
SS =0010 00000000 ffffffff 00cf9300 DPL=0 DS   [-WA]
DS =0010 00000000 ffffffff 00cf9300 DPL=0 DS   [-WA]
FS =0010 00000000 ffffffff 00cf9300 DPL=0 DS   [-WA]
GS =0010 00000000 ffffffff 00cf9300 DPL=0 DS   [-WA]
LDT=0000 00000000 0000ffff 00008200 DPL=0 LDT
TR =0000 00000000 0000ffff 00008b00 DPL=0 TSS32-busy
GDT=     00108008 00000017
IDT=     00108060 000007ff
CR0=80000011 CR2=00000000 CR3=00000000 CR4=00000000
DR0=00000000 DR1=00000000 DR2=00000000 DR3=00000000 
DR6=ffff0ff0 DR7=00000400
CCS=00000000 CCD=0000025e CCO=EFLAGS
EFER=0000000000000000
Servicing hardware INT=0x20
   293: v=20 e=0000 i=0 cpl=0 IP=0008:0010117e pc=0010117e SP=0010:d0001fb2 env->regs[R_EAX]=00000742
EAX=00000742 EBX=00000036 ECX=000003a6 EDX=0000000b
ESI=000b8000 EDI=00000700 EBP=d0001fbe ESP=d0001fb2
EIP=0010117e EFL=00000206 [-----P-] CPL=0 II=0 A20=1 SMM=0 HLT=0
ES =0010 00000000 ffffffff 00cf9300 DPL=0 DS   [-WA]
CS =0008 00000000 ffffffff 00cf9a00 DPL=0 CS32 [-R-]
SS =0010 00000000 ffffffff 00cf9300 DPL=0 DS   [-WA]
DS =0010 00000000 ffffffff 00cf9300 DPL=0 DS   [-WA]
FS =0010 00000000 ffffffff 00cf9300 DPL=0 DS   [-WA]
GS =0010 00000000 ffffffff 00cf9300 DPL=0 DS   [-WA]
LDT=0000 00000000 0000ffff 00008200 DPL=0 LDT
TR =0000 00000000 0000ffff 00008b00 DPL=0 TSS32-busy
GDT=     00108008 00000017
IDT=     00108060 000007ff
CR0=80000011 CR2=00000000 CR3=00000000 CR4=00000000
DR0=00000000 DR1=00000000 DR2=00000000 DR3=00000000 
DR6=ffff0ff0 DR7=00000400
CCS=00000004 CCD=000003a6 CCO=EFLAGS
EFER=0000000000000000
Servicing hardware INT=0x20
   294: v=20 e=0000 i=0 cpl=0 IP=0008:0010117e pc=0010117e SP=0010:00107fa4 env->regs[R_EAX]=00000730
EAX=00000730 EBX=0000002b ECX=000002fb EDX=00000009
ESI=000b8000 EDI=00000700 EBP=00107fb0 ESP=00107fa4
EIP=0010117e EFL=00000202 [-------] CPL=0 II=0 A20=1 SMM=0 HLT=0
ES =0010 00000000 ffffffff 00cf9300 DPL=0 DS   [-WA]
CS =0008 00000000 ffffffff 00cf9a00 DPL=0 CS32 [-R-]
SS =0010 00000000 ffffffff 00cf9300 DPL=0 DS   [-WA]
DS =0010 00000000 ffffffff 00cf9300 DPL=0 DS   [-WA]
FS =0010 00000000 ffffffff 00cf9300 DPL=0 DS   [-WA]
GS =0010 00000000 ffffffff 00cf9300 DPL=0 DS   [-WA]
LDT=0000 00000000 0000ffff 00008200 DPL=0 LDT
TR =0000 00000000 0000ffff 00008b00 DPL=0 TSS32-busy
GDT=     00108008 00000017
IDT=     00108060 000007ff
CR0=80000011 CR2=00000000 CR3=00000000 CR4=00000000
DR0=00000000 DR1=00000000 DR2=00000000 DR3=00000000 
DR6=ffff0ff0 DR7=00000400
CCS=00000000 CCD=000002fb CCO=EFLAGS
EFER=0000000000000000
Servicing hardware INT=0x20
   295: v=20 e=0000 i=0 cpl=0 IP=0008:0010117e pc=0010117e SP=0010:d0000fa9 env->regs[R_EAX]=00000741
EAX=00000741 EBX=0000000d ECX=000005ad EDX=00000012
ESI=000b8000 EDI=00000700 EBP=d0000fb5 ESP=d0000fa9
EIP=0010117e EFL=00000202 [-------] CPL=0 II=0 A20=1 SMM=0 HLT=0
ES =0010 00000000 ffffffff 00cf9300 DPL=0 DS   [-WA]
CS =0008 00000000 ffffffff 00cf9a00 DPL=0 CS32 [-R-]
SS =0010 00000000 ffffffff 00cf9300 DPL=0 DS   [-WA]
DS =0010 00000000 ffffffff 00cf9300 DPL=0 DS   [-WA]
FS =0010 00000000 ffffffff 00cf9300 DPL=0 DS   [-WA]
GS =0010 00000000 ffffffff 00cf9300 DPL=0 DS   [-WA]
LDT=0000 00000000 0000ffff 00008200 DPL=0 LDT
TR =0000 00000000 0000ffff 00008b00 DPL=0 TSS32-busy
GDT=     00108008 00000017
IDT=     00108060 000007ff
CR0=80000011 CR2=00000000 CR3=00000000 CR4=00000000
DR0=00000000 DR1=00000000 DR2=00000000 DR3=00000000 
DR6=ffff0ff0 DR7=00000400
CCS=00000000 CCD=000005ad CCO=EFLAGS
EFER=0000000000000000
Servicing hardware INT=0x20
   296: v=20 e=0000 i=0 cpl=0 IP=0008:0010117e pc=0010117e SP=0010:d0001fb2 env->regs[R_EAX]=00000742
EAX=00000742 EBX=00000000 ECX=00000460 EDX=0000000e
ESI=000b8000 EDI=00000700 EBP=d0001fbe ESP=d0001fb2
EIP=0010117e EFL=00000206 [-----P-] CPL=0 II=0 A20=1 SMM=0 HLT=0
ES =0010 00000000 ffffffff 00cf9300 DPL=0 DS   [-WA]
CS =0008 00000000 ffffffff 00cf9a00 DPL=0 CS32 [-R-]
SS =0010 00000000 ffffffff 00cf9300 DPL=0 DS   [-WA]
DS =0010 00000000 ffffffff 00cf9300 DPL=0 DS   [-WA]
FS =0010 00000000 ffffffff 00cf9300 DPL=0 DS   [-WA]
GS =0010 00000000 ffffffff 00cf9300 DPL=0 DS   [-WA]
LDT=0000 00000000 0000ffff 00008200 DPL=0 LDT
TR =0000 00000000 0000ffff 00008b00 DPL=0 TSS32-busy
GDT=     00108008 00000017
IDT=     00108060 000007ff
CR0=80000011 CR2=00000000 CR3=00000000 CR4=00000000
DR0=00000000 DR1=00000000 DR2=00000000 DR3=00000000 
DR6=ffff0ff0 DR7=00000400
CCS=00000004 CCD=00000460 CCO=EFLAGS
EFER=0000000000000000
Servicing hardware INT=0x20
   297: v=20 e=0000 i=0 cpl=0 IP=0008:0010117e pc=0010117e SP=0010:00107fa4 env->regs[R_EAX]=00000730
EAX=00000730 EBX=0000003e ECX=000003ae EDX=0000000b
ESI=000b8000 EDI=00000700 EBP=00107fb0 ESP=00107fa4
EIP=0010117e EFL=00000202 [-------] CPL=0 II=0 A20=1 SMM=0 HLT=0
ES =0010 00000000 ffffffff 00cf9300 DPL=0 DS   [-WA]
CS =0008 00000000 ffffffff 00cf9a00 DPL=0 CS32 [-R-]
SS =0010 00000000 ffffffff 00cf9300 DPL=0 DS   [-WA]
DS =0010 00000000 ffffffff 00cf9300 DPL=0 DS   [-WA]
FS =0010 00000000 ffffffff 00cf9300 DPL=0 DS   [-WA]
GS =0010 00000000 ffffffff 00cf9300 DPL=0 DS   [-WA]
LDT=0000 00000000 0000ffff 00008200 DPL=0 LDT
TR =0000 00000000 0000ffff 00008b00 DPL=0 TSS32-busy
GDT=     00108008 00000017
IDT=     00108060 000007ff
CR0=80000011 CR2=00000000 CR3=00000000 CR4=00000000
DR0=00000000 DR1=00000000 DR2=00000000 DR3=00000000 
DR6=ffff0ff0 DR7=00000400
CCS=00000000 CCD=000003ae CCO=EFLAGS
EFER=0000000000000000
Servicing hardware INT=0x20
   298: v=20 e=0000 i=0 cpl=0 IP=0008:0010117e pc=0010117e SP=0010:d0000fa9 env->regs[R_EAX]=00000741
EAX=00000741 EBX=00000020 ECX=00000200 EDX=00000006
ESI=000b8000 EDI=00000700 EBP=d0000fb5 ESP=d0000fa9
EIP=0010117e EFL=00000206 [-----P-] CPL=0 II=0 A20=1 SMM=0 HLT=0
ES =0010 00000000 ffffffff 00cf9300 DPL=0 DS   [-WA]
CS =0008 00000000 ffffffff 00cf9a00 DPL=0 CS32 [-R-]
SS =0010 00000000 ffffffff 00cf9300 DPL=0 DS   [-WA]
DS =0010 00000000 ffffffff 00cf9300 DPL=0 DS   [-WA]
FS =0010 00000000 ffffffff 00cf9300 DPL=0 DS   [-WA]
GS =0010 00000000 ffffffff 00cf9300 DPL=0 DS   [-WA]
LDT=0000 00000000 0000ffff 00008200 DPL=0 LDT
TR =0000 00000000 0000ffff 00008b00 DPL=0 TSS32-busy
GDT=     00108008 00000017
IDT=     00108060 000007ff
CR0=80000011 CR2=00000000 CR3=00000000 CR4=00000000
DR0=00000000 DR1=00000000 DR2=00000000 DR3=00000000 
DR6=ffff0ff0 DR7=00000400
CCS=00000004 CCD=00000200 CCO=EFLAGS
EFER=0000000000000000
Servicing hardware INT=0x20
   299: v=20 e=0000 i=0 cpl=0 IP=0008:0010117e pc=0010117e SP=0010:d0001fb2 env->regs[R_EAX]=00000742
EAX=00000742 EBX=00000013 ECX=00000473 EDX=0000000e
ESI=000b8000 EDI=00000700 EBP=d0001fbe ESP=d0001fb2
EIP=0010117e EFL=00000202 [-------] CPL=0 II=0 A20=1 SMM=0 HLT=0
ES =0010 00000000 ffffffff 00cf9300 DPL=0 DS   [-WA]
CS =0008 00000000 ffffffff 00cf9a00 DPL=0 CS32 [-R-]
SS =0010 00000000 ffffffff 00cf9300 DPL=0 DS   [-WA]
DS =0010 00000000 ffffffff 00cf9300 DPL=0 DS   [-WA]
FS =0010 00000000 ffffffff 00cf9300 DPL=0 DS   [-WA]
GS =0010 00000000 ffffffff 00cf9300 DPL=0 DS   [-WA]
LDT=0000 00000000 0000ffff 00008200 DPL=0 LDT
TR =0000 00000000 0000ffff 00008b00 DPL=0 TSS32-busy
GDT=     00108008 00000017
IDT=     00108060 000007ff
CR0=80000011 CR2=00000000 CR3=00000000 CR4=00000000
DR0=00000000 DR1=00000000 DR2=00000000 DR3=00000000 
DR6=ffff0ff0 DR7=00000400
CCS=00000000 CCD=00000473 CCO=EFLAGS
EFER=0000000000000000
Servicing hardware INT=0x20
   300: v=20 e=0000 i=0 cpl=0 IP=0008:0010117e pc=0010117e SP=0010:00107fa4 env->regs[R_EAX]=00000730
EAX=00000730 EBX=0000000a ECX=0000078a EDX=00000018
ESI=000b8000 EDI=00000700 EBP=00107fb0 ESP=00107fa4
EIP=0010117e EFL=00000202 [-------] CPL=0 II=0 A20=1 SMM=0 HLT=0
ES =0010 00000000 ffffffff 00cf9300 DPL=0 DS   [-WA]
CS =0008 00000000 ffffffff 00cf9a00 DPL=0 CS32 [-R-]
SS =0010 00000000 ffffffff 00cf9300 DPL=0 DS   [-WA]
DS =0010 00000000 ffffffff 00cf9300 DPL=0 DS   [-WA]
FS =0010 00000000 ffffffff 00cf9300 DPL=0 DS   [-WA]
GS =0010 00000000 ffffffff 00cf9300 DPL=0 DS   [-WA]
LDT=0000 00000000 0000ffff 00008200 DPL=0 LDT
TR =0000 00000000 0000ffff 00008b00 DPL=0 TSS32-busy
GDT=     00108008 00000017
IDT=     00108060 000007ff
CR0=80000011 CR2=00000000 CR3=00000000 CR4=00000000
DR0=00000000 DR1=00000000 DR2=00000000 DR3=00000000 
DR6=ffff0ff0 DR7=00000400
CCS=00000000 CCD=0000078a CCO=EFLAGS
EFER=0000000000000000
Servicing hardware INT=0x20
   301: v=20 e=0000 i=0 cpl=0 IP=0008:0010117e pc=0010117e SP=0010:d0000fa9 env->regs[R_EAX]=00000741
EAX=00000741 EBX=0000000b ECX=000000ab EDX=00000002
ESI=000b8000 EDI=00000700 EBP=d0000fb5 ESP=d0000fa9
EIP=0010117e EFL=00000202 [-------] CPL=0 II=0 A20=1 SMM=0 HLT=0
ES =0010 00000000 ffffffff 00cf9300 DPL=0 DS   [-WA]
CS =0008 00000000 ffffffff 00cf9a00 DPL=0 CS32 [-R-]
SS =0010 00000000 ffffffff 00cf9300 DPL=0 DS   [-WA]
DS =0010 00000000 ffffffff 00cf9300 DPL=0 DS   [-WA]
FS =0010 00000000 ffffffff 00cf9300 DPL=0 DS   [-WA]
GS =0010 00000000 ffffffff 00cf9300 DPL=0 DS   [-WA]
LDT=0000 00000000 0000ffff 00008200 DPL=0 LDT
TR =0000 00000000 0000ffff 00008b00 DPL=0 TSS32-busy
GDT=     00108008 00000017
IDT=     00108060 000007ff
CR0=80000011 CR2=00000000 CR3=00000000 CR4=00000000
DR0=00000000 DR1=00000000 DR2=00000000 DR3=00000000 
DR6=ffff0ff0 DR7=00000400
CCS=00000000 CCD=000000ab CCO=EFLAGS
EFER=0000000000000000
Servicing hardware INT=0x20
   302: v=20 e=0000 i=0 cpl=0 IP=0008:0010117e pc=0010117e SP=0010:d0001fb2 env->regs[R_EAX]=00000742
EAX=00000742 EBX=00000030 ECX=00000440 EDX=0000000d
ESI=000b8000 EDI=00000700 EBP=d0001fbe ESP=d0001fb2
EIP=0010117e EFL=00000202 [-------] CPL=0 II=0 A20=1 SMM=0 HLT=0
ES =0010 00000000 ffffffff 00cf9300 DPL=0 DS   [-WA]
CS =0008 00000000 ffffffff 00cf9a00 DPL=0 CS32 [-R-]
SS =0010 00000000 ffffffff 00cf9300 DPL=0 DS   [-WA]
DS =0010 00000000 ffffffff 00cf9300 DPL=0 DS   [-WA]
FS =0010 00000000 ffffffff 00cf9300 DPL=0 DS   [-WA]
GS =0010 00000000 ffffffff 00cf9300 DPL=0 DS   [-WA]
LDT=0000 00000000 0000ffff 00008200 DPL=0 LDT
TR =0000 00000000 0000ffff 00008b00 DPL=0 TSS32-busy
GDT=     00108008 00000017
IDT=     00108060 000007ff
CR0=80000011 CR2=00000000 CR3=00000000 CR4=00000000
DR0=00000000 DR1=00000000 DR2=00000000 DR3=00000000 
DR6=ffff0ff0 DR7=00000400
CCS=00000000 CCD=00000440 CCO=EFLAGS
EFER=0000000000000000
Servicing hardware INT=0x20
   303: v=20 e=0000 i=0 cpl=0 IP=0008:0010117e pc=0010117e SP=0010:00107fa4 env->regs[R_EAX]=00000730
EAX=00000730 EBX=00000008 ECX=000000a8 EDX=00000002
ESI=000b8000 EDI=00000700 EBP=00107fb0 ESP=00107fa4
EIP=0010117e EFL=00000202 [-------] CPL=0 II=0 A20=1 SMM=0 HLT=0
ES =0010 00000000 ffffffff 00cf9300 DPL=0 DS   [-WA]
CS =0008 00000000 ffffffff 00cf9a00 DPL=0 CS32 [-R-]
SS =0010 00000000 ffffffff 00cf9300 DPL=0 DS   [-WA]
DS =0010 00000000 ffffffff 00cf9300 DPL=0 DS   [-WA]
FS =0010 00000000 ffffffff 00cf9300 DPL=0 DS   [-WA]
GS =0010 00000000 ffffffff 00cf9300 DPL=0 DS   [-WA]
LDT=0000 00000000 0000ffff 00008200 DPL=0 LDT
TR =0000 00000000 0000ffff 00008b00 DPL=0 TSS32-busy
GDT=     00108008 00000017
IDT=     00108060 000007ff
CR0=80000011 CR2=00000000 CR3=00000000 CR4=00000000
DR0=00000000 DR1=00000000 DR2=00000000 DR3=00000000 
DR6=ffff0ff0 DR7=00000400
CCS=00000000 CCD=000000a8 CCO=EFLAGS
EFER=0000000000000000
Servicing hardware INT=0x20
   304: v=20 e=0000 i=0 cpl=0 IP=0008:0010117e pc=0010117e SP=0010:d0000fa9 env->regs[R_EAX]=00000741
EAX=00000741 EBX=0000000d ECX=000006ed EDX=00000016
ESI=000b8000 EDI=00000700 EBP=d0000fb5 ESP=d0000fa9
EIP=0010117e EFL=00000206 [-----P-] CPL=0 II=0 A20=1 SMM=0 HLT=0
ES =0010 00000000 ffffffff 00cf9300 DPL=0 DS   [-WA]
CS =0008 00000000 ffffffff 00cf9a00 DPL=0 CS32 [-R-]
SS =0010 00000000 ffffffff 00cf9300 DPL=0 DS   [-WA]
DS =0010 00000000 ffffffff 00cf9300 DPL=0 DS   [-WA]
FS =0010 00000000 ffffffff 00cf9300 DPL=0 DS   [-WA]
GS =0010 00000000 ffffffff 00cf9300 DPL=0 DS   [-WA]
LDT=0000 00000000 0000ffff 00008200 DPL=0 LDT
TR =0000 00000000 0000ffff 00008b00 DPL=0 TSS32-busy
GDT=     00108008 00000017
IDT=     00108060 000007ff
CR0=80000011 CR2=00000000 CR3=00000000 CR4=00000000
DR0=00000000 DR1=00000000 DR2=00000000 DR3=00000000 
DR6=ffff0ff0 DR7=00000400
CCS=00000004 CCD=000006ed CCO=EFLAGS
EFER=0000000000000000
Servicing hardware INT=0x20
   305: v=20 e=0000 i=0 cpl=0 IP=0008:0010117e pc=0010117e SP=0010:d0001fb2 env->regs[R_EAX]=00000742
EAX=00000742 EBX=00000004 ECX=00000504 EDX=00000010
ESI=000b8000 EDI=00000700 EBP=d0001fbe ESP=d0001fb2
EIP=0010117e EFL=00000202 [-------] CPL=0 II=0 A20=1 SMM=0 HLT=0
ES =0010 00000000 ffffffff 00cf9300 DPL=0 DS   [-WA]
CS =0008 00000000 ffffffff 00cf9a00 DPL=0 CS32 [-R-]
SS =0010 00000000 ffffffff 00cf9300 DPL=0 DS   [-WA]
DS =0010 00000000 ffffffff 00cf9300 DPL=0 DS   [-WA]
FS =0010 00000000 ffffffff 00cf9300 DPL=0 DS   [-WA]
GS =0010 00000000 ffffffff 00cf9300 DPL=0 DS   [-WA]
LDT=0000 00000000 0000ffff 00008200 DPL=0 LDT
TR =0000 00000000 0000ffff 00008b00 DPL=0 TSS32-busy
GDT=     00108008 00000017
IDT=     00108060 000007ff
CR0=80000011 CR2=00000000 CR3=00000000 CR4=00000000
DR0=00000000 DR1=00000000 DR2=00000000 DR3=00000000 
DR6=ffff0ff0 DR7=00000400
CCS=00000000 CCD=00000504 CCO=EFLAGS
EFER=0000000000000000
Servicing hardware INT=0x20
   306: v=20 e=0000 i=0 cpl=0 IP=0008:0010117e pc=0010117e SP=0010:00107fa4 env->regs[R_EAX]=00000730
EAX=00000730 EBX=00000029 ECX=00000209 EDX=00000006
ESI=000b8000 EDI=00000700 EBP=00107fb0 ESP=00107fa4
EIP=0010117e EFL=00000206 [-----P-] CPL=0 II=0 A20=1 SMM=0 HLT=0
ES =0010 00000000 ffffffff 00cf9300 DPL=0 DS   [-WA]
CS =0008 00000000 ffffffff 00cf9a00 DPL=0 CS32 [-R-]
SS =0010 00000000 ffffffff 00cf9300 DPL=0 DS   [-WA]
DS =0010 00000000 ffffffff 00cf9300 DPL=0 DS   [-WA]
FS =0010 00000000 ffffffff 00cf9300 DPL=0 DS   [-WA]
GS =0010 00000000 ffffffff 00cf9300 DPL=0 DS   [-WA]
LDT=0000 00000000 0000ffff 00008200 DPL=0 LDT
TR =0000 00000000 0000ffff 00008b00 DPL=0 TSS32-busy
GDT=     00108008 00000017
IDT=     00108060 000007ff
CR0=80000011 CR2=00000000 CR3=00000000 CR4=00000000
DR0=00000000 DR1=00000000 DR2=00000000 DR3=00000000 
DR6=ffff0ff0 DR7=00000400
CCS=00000004 CCD=00000209 CCO=EFLAGS
EFER=0000000000000000
Servicing hardware INT=0x20
   307: v=20 e=0000 i=0 cpl=0 IP=0008:0010117e pc=0010117e SP=0010:d0000fa9 env->regs[R_EAX]=00000741
EAX=00000741 EBX=00000024 ECX=00000344 EDX=0000000a
ESI=000b8000 EDI=00000700 EBP=d0000fb5 ESP=d0000fa9
EIP=0010117e EFL=00000206 [-----P-] CPL=0 II=0 A20=1 SMM=0 HLT=0
ES =0010 00000000 ffffffff 00cf9300 DPL=0 DS   [-WA]
CS =0008 00000000 ffffffff 00cf9a00 DPL=0 CS32 [-R-]
SS =0010 00000000 ffffffff 00cf9300 DPL=0 DS   [-WA]
DS =0010 00000000 ffffffff 00cf9300 DPL=0 DS   [-WA]
FS =0010 00000000 ffffffff 00cf9300 DPL=0 DS   [-WA]
GS =0010 00000000 ffffffff 00cf9300 DPL=0 DS   [-WA]
LDT=0000 00000000 0000ffff 00008200 DPL=0 LDT
TR =0000 00000000 0000ffff 00008b00 DPL=0 TSS32-busy
GDT=     00108008 00000017
IDT=     00108060 000007ff
CR0=80000011 CR2=00000000 CR3=00000000 CR4=00000000
DR0=00000000 DR1=00000000 DR2=00000000 DR3=00000000 
DR6=ffff0ff0 DR7=00000400
CCS=00000004 CCD=00000344 CCO=EFLAGS
EFER=0000000000000000
Servicing hardware INT=0x20
   308: v=20 e=0000 i=0 cpl=0 IP=0008:0010117e pc=0010117e SP=0010:d0001fb2 env->regs[R_EAX]=00000742
EAX=00000742 EBX=0000000e ECX=000004be EDX=0000000f
ESI=000b8000 EDI=00000700 EBP=d0001fbe ESP=d0001fb2
EIP=0010117e EFL=00000206 [-----P-] CPL=0 II=0 A20=1 SMM=0 HLT=0
ES =0010 00000000 ffffffff 00cf9300 DPL=0 DS   [-WA]
CS =0008 00000000 ffffffff 00cf9a00 DPL=0 CS32 [-R-]
SS =0010 00000000 ffffffff 00cf9300 DPL=0 DS   [-WA]
DS =0010 00000000 ffffffff 00cf9300 DPL=0 DS   [-WA]
FS =0010 00000000 ffffffff 00cf9300 DPL=0 DS   [-WA]
GS =0010 00000000 ffffffff 00cf9300 DPL=0 DS   [-WA]
LDT=0000 00000000 0000ffff 00008200 DPL=0 LDT
TR =0000 00000000 0000ffff 00008b00 DPL=0 TSS32-busy
GDT=     00108008 00000017
IDT=     00108060 000007ff
CR0=80000011 CR2=00000000 CR3=00000000 CR4=00000000
DR0=00000000 DR1=00000000 DR2=00000000 DR3=00000000 
DR6=ffff0ff0 DR7=00000400
CCS=00000004 CCD=000004be CCO=EFLAGS
EFER=0000000000000000
Servicing hardware INT=0x20
   309: v=20 e=0000 i=0 cpl=0 IP=0008:0010117e pc=0010117e SP=0010:00107fa4 env->regs[R_EAX]=00000730
EAX=00000730 EBX=00000044 ECX=00000634 EDX=00000013
ESI=000b8000 EDI=00000700 EBP=00107fb0 ESP=00107fa4
EIP=0010117e EFL=00000202 [-------] CPL=0 II=0 A20=1 SMM=0 HLT=0
ES =0010 00000000 ffffffff 00cf9300 DPL=0 DS   [-WA]
CS =0008 00000000 ffffffff 00cf9a00 DPL=0 CS32 [-R-]
SS =0010 00000000 ffffffff 00cf9300 DPL=0 DS   [-WA]
DS =0010 00000000 ffffffff 00cf9300 DPL=0 DS   [-WA]
FS =0010 00000000 ffffffff 00cf9300 DPL=0 DS   [-WA]
GS =0010 00000000 ffffffff 00cf9300 DPL=0 DS   [-WA]
LDT=0000 00000000 0000ffff 00008200 DPL=0 LDT
TR =0000 00000000 0000ffff 00008b00 DPL=0 TSS32-busy
GDT=     00108008 00000017
IDT=     00108060 000007ff
CR0=80000011 CR2=00000000 CR3=00000000 CR4=00000000
DR0=00000000 DR1=00000000 DR2=00000000 DR3=00000000 
DR6=ffff0ff0 DR7=00000400
CCS=00000000 CCD=00000634 CCO=EFLAGS
EFER=0000000000000000
Servicing hardware INT=0x20
   310: v=20 e=0000 i=0 cpl=0 IP=0008:0010117e pc=0010117e SP=0010:d0000fa9 env->regs[R_EAX]=00000741
EAX=00000741 EBX=00000011 ECX=00000151 EDX=00000004
ESI=000b8000 EDI=00000700 EBP=d0000fb5 ESP=d0000fa9
EIP=0010117e EFL=00000202 [-------] CPL=0 II=0 A20=1 SMM=0 HLT=0
ES =0010 00000000 ffffffff 00cf9300 DPL=0 DS   [-WA]
CS =0008 00000000 ffffffff 00cf9a00 DPL=0 CS32 [-R-]
SS =0010 00000000 ffffffff 00cf9300 DPL=0 DS   [-WA]
DS =0010 00000000 ffffffff 00cf9300 DPL=0 DS   [-WA]
FS =0010 00000000 ffffffff 00cf9300 DPL=0 DS   [-WA]
GS =0010 00000000 ffffffff 00cf9300 DPL=0 DS   [-WA]
LDT=0000 00000000 0000ffff 00008200 DPL=0 LDT
TR =0000 00000000 0000ffff 00008b00 DPL=0 TSS32-busy
GDT=     00108008 00000017
IDT=     00108060 000007ff
CR0=80000011 CR2=00000000 CR3=00000000 CR4=00000000
DR0=00000000 DR1=00000000 DR2=00000000 DR3=00000000 
DR6=ffff0ff0 DR7=00000400
CCS=00000000 CCD=00000151 CCO=EFLAGS
EFER=0000000000000000
Servicing hardware INT=0x20
   311: v=20 e=0000 i=0 cpl=0 IP=0008:0010117e pc=0010117e SP=0010:d0001fb2 env->regs[R_EAX]=00000742
EAX=00000742 EBX=00000028 ECX=00000348 EDX=0000000a
ESI=000b8000 EDI=00000700 EBP=d0001fbe ESP=d0001fb2
EIP=0010117e EFL=00000206 [-----P-] CPL=0 II=0 A20=1 SMM=0 HLT=0
ES =0010 00000000 ffffffff 00cf9300 DPL=0 DS   [-WA]
CS =0008 00000000 ffffffff 00cf9a00 DPL=0 CS32 [-R-]
SS =0010 00000000 ffffffff 00cf9300 DPL=0 DS   [-WA]
DS =0010 00000000 ffffffff 00cf9300 DPL=0 DS   [-WA]
FS =0010 00000000 ffffffff 00cf9300 DPL=0 DS   [-WA]
GS =0010 00000000 ffffffff 00cf9300 DPL=0 DS   [-WA]
LDT=0000 00000000 0000ffff 00008200 DPL=0 LDT
TR =0000 00000000 0000ffff 00008b00 DPL=0 TSS32-busy
GDT=     00108008 00000017
IDT=     00108060 000007ff
CR0=80000011 CR2=00000000 CR3=00000000 CR4=00000000
DR0=00000000 DR1=00000000 DR2=00000000 DR3=00000000 
DR6=ffff0ff0 DR7=00000400
CCS=00000004 CCD=00000348 CCO=EFLAGS
EFER=0000000000000000
Servicing hardware INT=0x20
   312: v=20 e=0000 i=0 cpl=0 IP=0008:0010117e pc=0010117e SP=0010:00107fa4 env->regs[R_EAX]=00000730
EAX=00000730 EBX=00000044 ECX=00000224 EDX=00000006
ESI=000b8000 EDI=00000700 EBP=00107fb0 ESP=00107fa4
EIP=0010117e EFL=00000206 [-----P-] CPL=0 II=0 A20=1 SMM=0 HLT=0
ES =0010 00000000 ffffffff 00cf9300 DPL=0 DS   [-WA]
CS =0008 00000000 ffffffff 00cf9a00 DPL=0 CS32 [-R-]
SS =0010 00000000 ffffffff 00cf9300 DPL=0 DS   [-WA]
DS =0010 00000000 ffffffff 00cf9300 DPL=0 DS   [-WA]
FS =0010 00000000 ffffffff 00cf9300 DPL=0 DS   [-WA]
GS =0010 00000000 ffffffff 00cf9300 DPL=0 DS   [-WA]
LDT=0000 00000000 0000ffff 00008200 DPL=0 LDT
TR =0000 00000000 0000ffff 00008b00 DPL=0 TSS32-busy
GDT=     00108008 00000017
IDT=     00108060 000007ff
CR0=80000011 CR2=00000000 CR3=00000000 CR4=00000000
DR0=00000000 DR1=00000000 DR2=00000000 DR3=00000000 
DR6=ffff0ff0 DR7=00000400
CCS=00000004 CCD=00000224 CCO=EFLAGS
EFER=0000000000000000
Servicing hardware INT=0x20
   313: v=20 e=0000 i=0 cpl=0 IP=0008:0010117e pc=0010117e SP=0010:d0000fa9 env->regs[R_EAX]=00000741
EAX=00000741 EBX=0000003f ECX=0000053f EDX=00000010
ESI=000b8000 EDI=00000700 EBP=d0000fb5 ESP=d0000fa9
EIP=0010117e EFL=00000206 [-----P-] CPL=0 II=0 A20=1 SMM=0 HLT=0
ES =0010 00000000 ffffffff 00cf9300 DPL=0 DS   [-WA]
CS =0008 00000000 ffffffff 00cf9a00 DPL=0 CS32 [-R-]
SS =0010 00000000 ffffffff 00cf9300 DPL=0 DS   [-WA]
DS =0010 00000000 ffffffff 00cf9300 DPL=0 DS   [-WA]
FS =0010 00000000 ffffffff 00cf9300 DPL=0 DS   [-WA]
GS =0010 00000000 ffffffff 00cf9300 DPL=0 DS   [-WA]
LDT=0000 00000000 0000ffff 00008200 DPL=0 LDT
TR =0000 00000000 0000ffff 00008b00 DPL=0 TSS32-busy
GDT=     00108008 00000017
IDT=     00108060 000007ff
CR0=80000011 CR2=00000000 CR3=00000000 CR4=00000000
DR0=00000000 DR1=00000000 DR2=00000000 DR3=00000000 
DR6=ffff0ff0 DR7=00000400
CCS=00000004 CCD=0000053f CCO=EFLAGS
EFER=0000000000000000
Servicing hardware INT=0x20
   314: v=20 e=0000 i=0 cpl=0 IP=0008:0010117e pc=0010117e SP=0010:d0001fb2 env->regs[R_EAX]=00000742
EAX=00000742 EBX=0000001d ECX=000001ad EDX=00000005
ESI=000b8000 EDI=00000700 EBP=d0001fbe ESP=d0001fb2
EIP=0010117e EFL=00000202 [-------] CPL=0 II=0 A20=1 SMM=0 HLT=0
ES =0010 00000000 ffffffff 00cf9300 DPL=0 DS   [-WA]
CS =0008 00000000 ffffffff 00cf9a00 DPL=0 CS32 [-R-]
SS =0010 00000000 ffffffff 00cf9300 DPL=0 DS   [-WA]
DS =0010 00000000 ffffffff 00cf9300 DPL=0 DS   [-WA]
FS =0010 00000000 ffffffff 00cf9300 DPL=0 DS   [-WA]
GS =0010 00000000 ffffffff 00cf9300 DPL=0 DS   [-WA]
LDT=0000 00000000 0000ffff 00008200 DPL=0 LDT
TR =0000 00000000 0000ffff 00008b00 DPL=0 TSS32-busy
GDT=     00108008 00000017
IDT=     00108060 000007ff
CR0=80000011 CR2=00000000 CR3=00000000 CR4=00000000
DR0=00000000 DR1=00000000 DR2=00000000 DR3=00000000 
DR6=ffff0ff0 DR7=00000400
CCS=00000000 CCD=000001ad CCO=EFLAGS
EFER=0000000000000000
Servicing hardware INT=0x20
   315: v=20 e=0000 i=0 cpl=0 IP=0008:0010117e pc=0010117e SP=0010:00107fa4 env->regs[R_EAX]=00000730
EAX=00000730 EBX=00000029 ECX=000002a9 EDX=00000008
ESI=000b8000 EDI=00000700 EBP=00107fb0 ESP=00107fa4
EIP=0010117e EFL=00000206 [-----P-] CPL=0 II=0 A20=1 SMM=0 HLT=0
ES =0010 00000000 ffffffff 00cf9300 DPL=0 DS   [-WA]
CS =0008 00000000 ffffffff 00cf9a00 DPL=0 CS32 [-R-]
SS =0010 00000000 ffffffff 00cf9300 DPL=0 DS   [-WA]
DS =0010 00000000 ffffffff 00cf9300 DPL=0 DS   [-WA]
FS =0010 00000000 ffffffff 00cf9300 DPL=0 DS   [-WA]
GS =0010 00000000 ffffffff 00cf9300 DPL=0 DS   [-WA]
LDT=0000 00000000 0000ffff 00008200 DPL=0 LDT
TR =0000 00000000 0000ffff 00008b00 DPL=0 TSS32-busy
GDT=     00108008 00000017
IDT=     00108060 000007ff
CR0=80000011 CR2=00000000 CR3=00000000 CR4=00000000
DR0=00000000 DR1=00000000 DR2=00000000 DR3=00000000 
DR6=ffff0ff0 DR7=00000400
CCS=00000004 CCD=000002a9 CCO=EFLAGS
EFER=0000000000000000
Servicing hardware INT=0x20
   316: v=20 e=0000 i=0 cpl=0 IP=0008:0010117e pc=0010117e SP=0010:d0000fa9 env->regs[R_EAX]=00000741
EAX=00000741 EBX=00000007 ECX=00000057 EDX=00000001
ESI=000b8000 EDI=00000700 EBP=d0000fb5 ESP=d0000fa9
EIP=0010117e EFL=00000202 [-------] CPL=0 II=0 A20=1 SMM=0 HLT=0
ES =0010 00000000 ffffffff 00cf9300 DPL=0 DS   [-WA]
CS =0008 00000000 ffffffff 00cf9a00 DPL=0 CS32 [-R-]
SS =0010 00000000 ffffffff 00cf9300 DPL=0 DS   [-WA]
DS =0010 00000000 ffffffff 00cf9300 DPL=0 DS   [-WA]
FS =0010 00000000 ffffffff 00cf9300 DPL=0 DS   [-WA]
GS =0010 00000000 ffffffff 00cf9300 DPL=0 DS   [-WA]
LDT=0000 00000000 0000ffff 00008200 DPL=0 LDT
TR =0000 00000000 0000ffff 00008b00 DPL=0 TSS32-busy
GDT=     00108008 00000017
IDT=     00108060 000007ff
CR0=80000011 CR2=00000000 CR3=00000000 CR4=00000000
DR0=00000000 DR1=00000000 DR2=00000000 DR3=00000000 
DR6=ffff0ff0 DR7=00000400
CCS=00000000 CCD=00000057 CCO=EFLAGS
EFER=0000000000000000
Servicing hardware INT=0x20
   317: v=20 e=0000 i=0 cpl=0 IP=0008:0010117e pc=0010117e SP=0010:d0001fb2 env->regs[R_EAX]=00000742
EAX=00000742 EBX=0000002e ECX=0000048e EDX=0000000e
ESI=000b8000 EDI=00000700 EBP=d0001fbe ESP=d0001fb2
EIP=0010117e EFL=00000206 [-----P-] CPL=0 II=0 A20=1 SMM=0 HLT=0
ES =0010 00000000 ffffffff 00cf9300 DPL=0 DS   [-WA]
CS =0008 00000000 ffffffff 00cf9a00 DPL=0 CS32 [-R-]
SS =0010 00000000 ffffffff 00cf9300 DPL=0 DS   [-WA]
DS =0010 00000000 ffffffff 00cf9300 DPL=0 DS   [-WA]
FS =0010 00000000 ffffffff 00cf9300 DPL=0 DS   [-WA]
GS =0010 00000000 ffffffff 00cf9300 DPL=0 DS   [-WA]
LDT=0000 00000000 0000ffff 00008200 DPL=0 LDT
TR =0000 00000000 0000ffff 00008b00 DPL=0 TSS32-busy
GDT=     00108008 00000017
IDT=     00108060 000007ff
CR0=80000011 CR2=00000000 CR3=00000000 CR4=00000000
DR0=00000000 DR1=00000000 DR2=00000000 DR3=00000000 
DR6=ffff0ff0 DR7=00000400
CCS=00000004 CCD=0000048e CCO=EFLAGS
EFER=0000000000000000
Servicing hardware INT=0x20
   318: v=20 e=0000 i=0 cpl=0 IP=0008:0010117e pc=0010117e SP=0010:00107fa4 env->regs[R_EAX]=00000730
EAX=00000730 EBX=00000005 ECX=00000285 EDX=00000008
ESI=000b8000 EDI=00000700 EBP=00107fb0 ESP=00107fa4
EIP=0010117e EFL=00000202 [-------] CPL=0 II=0 A20=1 SMM=0 HLT=0
ES =0010 00000000 ffffffff 00cf9300 DPL=0 DS   [-WA]
CS =0008 00000000 ffffffff 00cf9a00 DPL=0 CS32 [-R-]
SS =0010 00000000 ffffffff 00cf9300 DPL=0 DS   [-WA]
DS =0010 00000000 ffffffff 00cf9300 DPL=0 DS   [-WA]
FS =0010 00000000 ffffffff 00cf9300 DPL=0 DS   [-WA]
GS =0010 00000000 ffffffff 00cf9300 DPL=0 DS   [-WA]
LDT=0000 00000000 0000ffff 00008200 DPL=0 LDT
TR =0000 00000000 0000ffff 00008b00 DPL=0 TSS32-busy
GDT=     00108008 00000017
IDT=     00108060 000007ff
CR0=80000011 CR2=00000000 CR3=00000000 CR4=00000000
DR0=00000000 DR1=00000000 DR2=00000000 DR3=00000000 
DR6=ffff0ff0 DR7=00000400
CCS=00000000 CCD=00000285 CCO=EFLAGS
EFER=0000000000000000
Servicing hardware INT=0x20
   319: v=20 e=0000 i=0 cpl=0 IP=0008:0010117e pc=0010117e SP=0010:d0000fa9 env->regs[R_EAX]=00000741
EAX=00000741 EBX=0000002a ECX=0000002a EDX=00000000
ESI=000b8000 EDI=00000700 EBP=d0000fb5 ESP=d0000fa9
EIP=0010117e EFL=00000202 [-------] CPL=0 II=0 A20=1 SMM=0 HLT=0
ES =0010 00000000 ffffffff 00cf9300 DPL=0 DS   [-WA]
CS =0008 00000000 ffffffff 00cf9a00 DPL=0 CS32 [-R-]
SS =0010 00000000 ffffffff 00cf9300 DPL=0 DS   [-WA]
DS =0010 00000000 ffffffff 00cf9300 DPL=0 DS   [-WA]
FS =0010 00000000 ffffffff 00cf9300 DPL=0 DS   [-WA]
GS =0010 00000000 ffffffff 00cf9300 DPL=0 DS   [-WA]
LDT=0000 00000000 0000ffff 00008200 DPL=0 LDT
TR =0000 00000000 0000ffff 00008b00 DPL=0 TSS32-busy
GDT=     00108008 00000017
IDT=     00108060 000007ff
CR0=80000011 CR2=00000000 CR3=00000000 CR4=00000000
DR0=00000000 DR1=00000000 DR2=00000000 DR3=00000000 
DR6=ffff0ff0 DR7=00000400
CCS=00000000 CCD=0000002a CCO=EFLAGS
EFER=0000000000000000
Servicing hardware INT=0x20
   320: v=20 e=0000 i=0 cpl=0 IP=0008:0010117e pc=0010117e SP=0010:d0001fb2 env->regs[R_EAX]=00000742
EAX=00000742 EBX=00000011 ECX=00000651 EDX=00000014
ESI=000b8000 EDI=00000700 EBP=d0001fbe ESP=d0001fb2
EIP=0010117e EFL=00000202 [-------] CPL=0 II=0 A20=1 SMM=0 HLT=0
ES =0010 00000000 ffffffff 00cf9300 DPL=0 DS   [-WA]
CS =0008 00000000 ffffffff 00cf9a00 DPL=0 CS32 [-R-]
SS =0010 00000000 ffffffff 00cf9300 DPL=0 DS   [-WA]
DS =0010 00000000 ffffffff 00cf9300 DPL=0 DS   [-WA]
FS =0010 00000000 ffffffff 00cf9300 DPL=0 DS   [-WA]
GS =0010 00000000 ffffffff 00cf9300 DPL=0 DS   [-WA]
LDT=0000 00000000 0000ffff 00008200 DPL=0 LDT
TR =0000 00000000 0000ffff 00008b00 DPL=0 TSS32-busy
GDT=     00108008 00000017
IDT=     00108060 000007ff
CR0=80000011 CR2=00000000 CR3=00000000 CR4=00000000
DR0=00000000 DR1=00000000 DR2=00000000 DR3=00000000 
DR6=ffff0ff0 DR7=00000400
CCS=00000000 CCD=00000651 CCO=EFLAGS
EFER=0000000000000000
Servicing hardware INT=0x20
   321: v=20 e=0000 i=0 cpl=0 IP=0008:0010117e pc=0010117e SP=0010:00107fa4 env->regs[R_EAX]=00000730
EAX=00000730 EBX=00000043 ECX=00000683 EDX=00000014
ESI=000b8000 EDI=00000700 EBP=00107fb0 ESP=00107fa4
EIP=0010117e EFL=00000202 [-------] CPL=0 II=0 A20=1 SMM=0 HLT=0
ES =0010 00000000 ffffffff 00cf9300 DPL=0 DS   [-WA]
CS =0008 00000000 ffffffff 00cf9a00 DPL=0 CS32 [-R-]
SS =0010 00000000 ffffffff 00cf9300 DPL=0 DS   [-WA]
DS =0010 00000000 ffffffff 00cf9300 DPL=0 DS   [-WA]
FS =0010 00000000 ffffffff 00cf9300 DPL=0 DS   [-WA]
GS =0010 00000000 ffffffff 00cf9300 DPL=0 DS   [-WA]
LDT=0000 00000000 0000ffff 00008200 DPL=0 LDT
TR =0000 00000000 0000ffff 00008b00 DPL=0 TSS32-busy
GDT=     00108008 00000017
IDT=     00108060 000007ff
CR0=80000011 CR2=00000000 CR3=00000000 CR4=00000000
DR0=00000000 DR1=00000000 DR2=00000000 DR3=00000000 
DR6=ffff0ff0 DR7=00000400
CCS=00000000 CCD=00000683 CCO=EFLAGS
EFER=0000000000000000
Servicing hardware INT=0x20
   322: v=20 e=0000 i=0 cpl=0 IP=0008:0010117e pc=0010117e SP=0010:d0000fa9 env->regs[R_EAX]=00000741
EAX=00000741 EBX=00000044 ECX=00000404 EDX=0000000c
ESI=000b8000 EDI=00000700 EBP=d0000fb5 ESP=d0000fa9
EIP=0010117e EFL=00000202 [-------] CPL=0 II=0 A20=1 SMM=0 HLT=0
ES =0010 00000000 ffffffff 00cf9300 DPL=0 DS   [-WA]
CS =0008 00000000 ffffffff 00cf9a00 DPL=0 CS32 [-R-]
SS =0010 00000000 ffffffff 00cf9300 DPL=0 DS   [-WA]
DS =0010 00000000 ffffffff 00cf9300 DPL=0 DS   [-WA]
FS =0010 00000000 ffffffff 00cf9300 DPL=0 DS   [-WA]
GS =0010 00000000 ffffffff 00cf9300 DPL=0 DS   [-WA]
LDT=0000 00000000 0000ffff 00008200 DPL=0 LDT
TR =0000 00000000 0000ffff 00008b00 DPL=0 TSS32-busy
GDT=     00108008 00000017
IDT=     00108060 000007ff
CR0=80000011 CR2=00000000 CR3=00000000 CR4=00000000
DR0=00000000 DR1=00000000 DR2=00000000 DR3=00000000 
DR6=ffff0ff0 DR7=00000400
CCS=00000000 CCD=00000404 CCO=EFLAGS
EFER=0000000000000000
Servicing hardware INT=0x20
   323: v=20 e=0000 i=0 cpl=0 IP=0008:0010117e pc=0010117e SP=0010:d0001fb2 env->regs[R_EAX]=00000742
EAX=00000742 EBX=0000001f ECX=000000bf EDX=00000002
ESI=000b8000 EDI=00000700 EBP=d0001fbe ESP=d0001fb2
EIP=0010117e EFL=00000202 [-------] CPL=0 II=0 A20=1 SMM=0 HLT=0
ES =0010 00000000 ffffffff 00cf9300 DPL=0 DS   [-WA]
CS =0008 00000000 ffffffff 00cf9a00 DPL=0 CS32 [-R-]
SS =0010 00000000 ffffffff 00cf9300 DPL=0 DS   [-WA]
DS =0010 00000000 ffffffff 00cf9300 DPL=0 DS   [-WA]
FS =0010 00000000 ffffffff 00cf9300 DPL=0 DS   [-WA]
GS =0010 00000000 ffffffff 00cf9300 DPL=0 DS   [-WA]
LDT=0000 00000000 0000ffff 00008200 DPL=0 LDT
TR =0000 00000000 0000ffff 00008b00 DPL=0 TSS32-busy
GDT=     00108008 00000017
IDT=     00108060 000007ff
CR0=80000011 CR2=00000000 CR3=00000000 CR4=00000000
DR0=00000000 DR1=00000000 DR2=00000000 DR3=00000000 
DR6=ffff0ff0 DR7=00000400
CCS=00000000 CCD=000000bf CCO=EFLAGS
EFER=0000000000000000
Servicing hardware INT=0x20
   324: v=20 e=0000 i=0 cpl=0 IP=0008:0010117e pc=0010117e SP=0010:00107fa4 env->regs[R_EAX]=00000730
EAX=00000730 EBX=00000007 ECX=000005a7 EDX=00000012
ESI=000b8000 EDI=00000700 EBP=00107fb0 ESP=00107fa4
EIP=0010117e EFL=00000202 [-------] CPL=0 II=0 A20=1 SMM=0 HLT=0
ES =0010 00000000 ffffffff 00cf9300 DPL=0 DS   [-WA]
CS =0008 00000000 ffffffff 00cf9a00 DPL=0 CS32 [-R-]
SS =0010 00000000 ffffffff 00cf9300 DPL=0 DS   [-WA]
DS =0010 00000000 ffffffff 00cf9300 DPL=0 DS   [-WA]
FS =0010 00000000 ffffffff 00cf9300 DPL=0 DS   [-WA]
GS =0010 00000000 ffffffff 00cf9300 DPL=0 DS   [-WA]
LDT=0000 00000000 0000ffff 00008200 DPL=0 LDT
TR =0000 00000000 0000ffff 00008b00 DPL=0 TSS32-busy
GDT=     00108008 00000017
IDT=     00108060 000007ff
CR0=80000011 CR2=00000000 CR3=00000000 CR4=00000000
DR0=00000000 DR1=00000000 DR2=00000000 DR3=00000000 
DR6=ffff0ff0 DR7=00000400
CCS=00000000 CCD=000005a7 CCO=EFLAGS
EFER=0000000000000000
Servicing hardware INT=0x20
   325: v=20 e=0000 i=0 cpl=0 IP=0008:0010117e pc=0010117e SP=0010:d0000fa9 env->regs[R_EAX]=00000741
EAX=00000741 EBX=0000003e ECX=0000076e EDX=00000017
ESI=000b8000 EDI=00000700 EBP=d0000fb5 ESP=d0000fa9
EIP=0010117e EFL=00000202 [-------] CPL=0 II=0 A20=1 SMM=0 HLT=0
ES =0010 00000000 ffffffff 00cf9300 DPL=0 DS   [-WA]
CS =0008 00000000 ffffffff 00cf9a00 DPL=0 CS32 [-R-]
SS =0010 00000000 ffffffff 00cf9300 DPL=0 DS   [-WA]
DS =0010 00000000 ffffffff 00cf9300 DPL=0 DS   [-WA]
FS =0010 00000000 ffffffff 00cf9300 DPL=0 DS   [-WA]
GS =0010 00000000 ffffffff 00cf9300 DPL=0 DS   [-WA]
LDT=0000 00000000 0000ffff 00008200 DPL=0 LDT
TR =0000 00000000 0000ffff 00008b00 DPL=0 TSS32-busy
GDT=     00108008 00000017
IDT=     00108060 000007ff
CR0=80000011 CR2=00000000 CR3=00000000 CR4=00000000
DR0=00000000 DR1=00000000 DR2=00000000 DR3=00000000 
DR6=ffff0ff0 DR7=00000400
CCS=00000000 CCD=0000076e CCO=EFLAGS
EFER=0000000000000000
Servicing hardware INT=0x20
   326: v=20 e=0000 i=0 cpl=0 IP=0008:0010117e pc=0010117e SP=0010:d0001fb2 env->regs[R_EAX]=00000742
EAX=00000742 EBX=00000005 ECX=00000735 EDX=00000017
ESI=000b8000 EDI=00000700 EBP=d0001fbe ESP=d0001fb2
EIP=0010117e EFL=00000206 [-----P-] CPL=0 II=0 A20=1 SMM=0 HLT=0
ES =0010 00000000 ffffffff 00cf9300 DPL=0 DS   [-WA]
CS =0008 00000000 ffffffff 00cf9a00 DPL=0 CS32 [-R-]
SS =0010 00000000 ffffffff 00cf9300 DPL=0 DS   [-WA]
DS =0010 00000000 ffffffff 00cf9300 DPL=0 DS   [-WA]
FS =0010 00000000 ffffffff 00cf9300 DPL=0 DS   [-WA]
GS =0010 00000000 ffffffff 00cf9300 DPL=0 DS   [-WA]
LDT=0000 00000000 0000ffff 00008200 DPL=0 LDT
TR =0000 00000000 0000ffff 00008b00 DPL=0 TSS32-busy
GDT=     00108008 00000017
IDT=     00108060 000007ff
CR0=80000011 CR2=00000000 CR3=00000000 CR4=00000000
DR0=00000000 DR1=00000000 DR2=00000000 DR3=00000000 
DR6=ffff0ff0 DR7=00000400
CCS=00000004 CCD=00000735 CCO=EFLAGS
EFER=0000000000000000
Servicing hardware INT=0x20
   327: v=20 e=0000 i=0 cpl=0 IP=0008:0010117e pc=0010117e SP=0010:00107fa4 env->regs[R_EAX]=00000730
EAX=00000730 EBX=0000002a ECX=000005ca EDX=00000012
ESI=000b8000 EDI=00000700 EBP=00107fb0 ESP=00107fa4
EIP=0010117e EFL=00000206 [-----P-] CPL=0 II=0 A20=1 SMM=0 HLT=0
ES =0010 00000000 ffffffff 00cf9300 DPL=0 DS   [-WA]
CS =0008 00000000 ffffffff 00cf9a00 DPL=0 CS32 [-R-]
SS =0010 00000000 ffffffff 00cf9300 DPL=0 DS   [-WA]
DS =0010 00000000 ffffffff 00cf9300 DPL=0 DS   [-WA]
FS =0010 00000000 ffffffff 00cf9300 DPL=0 DS   [-WA]
GS =0010 00000000 ffffffff 00cf9300 DPL=0 DS   [-WA]
LDT=0000 00000000 0000ffff 00008200 DPL=0 LDT
TR =0000 00000000 0000ffff 00008b00 DPL=0 TSS32-busy
GDT=     00108008 00000017
IDT=     00108060 000007ff
CR0=80000011 CR2=00000000 CR3=00000000 CR4=00000000
DR0=00000000 DR1=00000000 DR2=00000000 DR3=00000000 
DR6=ffff0ff0 DR7=00000400
CCS=00000004 CCD=000005ca CCO=EFLAGS
EFER=0000000000000000
Servicing hardware INT=0x20
   328: v=20 e=0000 i=0 cpl=0 IP=0008:0010117e pc=0010117e SP=0010:d0000fa9 env->regs[R_EAX]=00000741
EAX=00000741 EBX=00000003 ECX=00000233 EDX=00000007
ESI=000b8000 EDI=00000700 EBP=d0000fb5 ESP=d0000fa9
EIP=0010117e EFL=00000206 [-----P-] CPL=0 II=0 A20=1 SMM=0 HLT=0
ES =0010 00000000 ffffffff 00cf9300 DPL=0 DS   [-WA]
CS =0008 00000000 ffffffff 00cf9a00 DPL=0 CS32 [-R-]
SS =0010 00000000 ffffffff 00cf9300 DPL=0 DS   [-WA]
DS =0010 00000000 ffffffff 00cf9300 DPL=0 DS   [-WA]
FS =0010 00000000 ffffffff 00cf9300 DPL=0 DS   [-WA]
GS =0010 00000000 ffffffff 00cf9300 DPL=0 DS   [-WA]
LDT=0000 00000000 0000ffff 00008200 DPL=0 LDT
TR =0000 00000000 0000ffff 00008b00 DPL=0 TSS32-busy
GDT=     00108008 00000017
IDT=     00108060 000007ff
CR0=80000011 CR2=00000000 CR3=00000000 CR4=00000000
DR0=00000000 DR1=00000000 DR2=00000000 DR3=00000000 
DR6=ffff0ff0 DR7=00000400
CCS=00000004 CCD=00000233 CCO=EFLAGS
EFER=0000000000000000
Servicing hardware INT=0x20
   329: v=20 e=0000 i=0 cpl=0 IP=0008:0010117e pc=0010117e SP=0010:d0001fb2 env->regs[R_EAX]=00000742
EAX=00000742 EBX=00000028 ECX=00000078 EDX=00000001
ESI=000b8000 EDI=00000700 EBP=d0001fbe ESP=d0001fb2
EIP=0010117e EFL=00000206 [-----P-] CPL=0 II=0 A20=1 SMM=0 HLT=0
ES =0010 00000000 ffffffff 00cf9300 DPL=0 DS   [-WA]
CS =0008 00000000 ffffffff 00cf9a00 DPL=0 CS32 [-R-]
SS =0010 00000000 ffffffff 00cf9300 DPL=0 DS   [-WA]
DS =0010 00000000 ffffffff 00cf9300 DPL=0 DS   [-WA]
FS =0010 00000000 ffffffff 00cf9300 DPL=0 DS   [-WA]
GS =0010 00000000 ffffffff 00cf9300 DPL=0 DS   [-WA]
LDT=0000 00000000 0000ffff 00008200 DPL=0 LDT
TR =0000 00000000 0000ffff 00008b00 DPL=0 TSS32-busy
GDT=     00108008 00000017
IDT=     00108060 000007ff
CR0=80000011 CR2=00000000 CR3=00000000 CR4=00000000
DR0=00000000 DR1=00000000 DR2=00000000 DR3=00000000 
DR6=ffff0ff0 DR7=00000400
CCS=00000004 CCD=00000078 CCO=EFLAGS
EFER=0000000000000000
Servicing hardware INT=0x20
   330: v=20 e=0000 i=0 cpl=0 IP=0008:0010117e pc=0010117e SP=0010:00107fa4 env->regs[R_EAX]=00000730
EAX=00000730 EBX=0000001e ECX=000000be EDX=00000002
ESI=000b8000 EDI=00000700 EBP=00107fb0 ESP=00107fa4
EIP=0010117e EFL=00000206 [-----P-] CPL=0 II=0 A20=1 SMM=0 HLT=0
ES =0010 00000000 ffffffff 00cf9300 DPL=0 DS   [-WA]
CS =0008 00000000 ffffffff 00cf9a00 DPL=0 CS32 [-R-]
SS =0010 00000000 ffffffff 00cf9300 DPL=0 DS   [-WA]
DS =0010 00000000 ffffffff 00cf9300 DPL=0 DS   [-WA]
FS =0010 00000000 ffffffff 00cf9300 DPL=0 DS   [-WA]
GS =0010 00000000 ffffffff 00cf9300 DPL=0 DS   [-WA]
LDT=0000 00000000 0000ffff 00008200 DPL=0 LDT
TR =0000 00000000 0000ffff 00008b00 DPL=0 TSS32-busy
GDT=     00108008 00000017
IDT=     00108060 000007ff
CR0=80000011 CR2=00000000 CR3=00000000 CR4=00000000
DR0=00000000 DR1=00000000 DR2=00000000 DR3=00000000 
DR6=ffff0ff0 DR7=00000400
CCS=00000004 CCD=000000be CCO=EFLAGS
EFER=0000000000000000
Servicing hardware INT=0x20
   331: v=20 e=0000 i=0 cpl=0 IP=0008:0010117e pc=0010117e SP=0010:d0000fa9 env->regs[R_EAX]=00000741
EAX=00000741 EBX=00000003 ECX=00000003 EDX=00000000
ESI=000b8000 EDI=00000700 EBP=d0000fb5 ESP=d0000fa9
EIP=0010117e EFL=00000206 [-----P-] CPL=0 II=0 A20=1 SMM=0 HLT=0
ES =0010 00000000 ffffffff 00cf9300 DPL=0 DS   [-WA]
CS =0008 00000000 ffffffff 00cf9a00 DPL=0 CS32 [-R-]
SS =0010 00000000 ffffffff 00cf9300 DPL=0 DS   [-WA]
DS =0010 00000000 ffffffff 00cf9300 DPL=0 DS   [-WA]
FS =0010 00000000 ffffffff 00cf9300 DPL=0 DS   [-WA]
GS =0010 00000000 ffffffff 00cf9300 DPL=0 DS   [-WA]
LDT=0000 00000000 0000ffff 00008200 DPL=0 LDT
TR =0000 00000000 0000ffff 00008b00 DPL=0 TSS32-busy
GDT=     00108008 00000017
IDT=     00108060 000007ff
CR0=80000011 CR2=00000000 CR3=00000000 CR4=00000000
DR0=00000000 DR1=00000000 DR2=00000000 DR3=00000000 
DR6=ffff0ff0 DR7=00000400
CCS=00000004 CCD=00000003 CCO=EFLAGS
EFER=0000000000000000
Servicing hardware INT=0x20
   332: v=20 e=0000 i=0 cpl=0 IP=0008:0010117e pc=0010117e SP=0010:d0001fb2 env->regs[R_EAX]=00000742
EAX=00000742 EBX=0000000f ECX=0000019f EDX=00000005
ESI=000b8000 EDI=00000700 EBP=d0001fbe ESP=d0001fb2
EIP=0010117e EFL=00000206 [-----P-] CPL=0 II=0 A20=1 SMM=0 HLT=0
ES =0010 00000000 ffffffff 00cf9300 DPL=0 DS   [-WA]
CS =0008 00000000 ffffffff 00cf9a00 DPL=0 CS32 [-R-]
SS =0010 00000000 ffffffff 00cf9300 DPL=0 DS   [-WA]
DS =0010 00000000 ffffffff 00cf9300 DPL=0 DS   [-WA]
FS =0010 00000000 ffffffff 00cf9300 DPL=0 DS   [-WA]
GS =0010 00000000 ffffffff 00cf9300 DPL=0 DS   [-WA]
LDT=0000 00000000 0000ffff 00008200 DPL=0 LDT
TR =0000 00000000 0000ffff 00008b00 DPL=0 TSS32-busy
GDT=     00108008 00000017
IDT=     00108060 000007ff
CR0=80000011 CR2=00000000 CR3=00000000 CR4=00000000
DR0=00000000 DR1=00000000 DR2=00000000 DR3=00000000 
DR6=ffff0ff0 DR7=00000400
CCS=00000004 CCD=0000019f CCO=EFLAGS
EFER=0000000000000000
Servicing hardware INT=0x20
   333: v=20 e=0000 i=0 cpl=0 IP=0008:0010117e pc=0010117e SP=0010:00107fa4 env->regs[R_EAX]=00000730
EAX=00000730 EBX=0000004f ECX=000005ef EDX=00000012
ESI=000b8000 EDI=00000700 EBP=00107fb0 ESP=00107fa4
EIP=0010117e EFL=00000202 [-------] CPL=0 II=0 A20=1 SMM=0 HLT=0
ES =0010 00000000 ffffffff 00cf9300 DPL=0 DS   [-WA]
CS =0008 00000000 ffffffff 00cf9a00 DPL=0 CS32 [-R-]
SS =0010 00000000 ffffffff 00cf9300 DPL=0 DS   [-WA]
DS =0010 00000000 ffffffff 00cf9300 DPL=0 DS   [-WA]
FS =0010 00000000 ffffffff 00cf9300 DPL=0 DS   [-WA]
GS =0010 00000000 ffffffff 00cf9300 DPL=0 DS   [-WA]
LDT=0000 00000000 0000ffff 00008200 DPL=0 LDT
TR =0000 00000000 0000ffff 00008b00 DPL=0 TSS32-busy
GDT=     00108008 00000017
IDT=     00108060 000007ff
CR0=80000011 CR2=00000000 CR3=00000000 CR4=00000000
DR0=00000000 DR1=00000000 DR2=00000000 DR3=00000000 
DR6=ffff0ff0 DR7=00000400
CCS=00000000 CCD=000005ef CCO=EFLAGS
EFER=0000000000000000
Servicing hardware INT=0x20
   334: v=20 e=0000 i=0 cpl=0 IP=0008:0010117e pc=0010117e SP=0010:d0000fa9 env->regs[R_EAX]=00000741
EAX=00000741 EBX=0000004a ECX=000002ca EDX=00000008
ESI=000b8000 EDI=00000700 EBP=d0000fb5 ESP=d0000fa9
EIP=0010117e EFL=00000206 [-----P-] CPL=0 II=0 A20=1 SMM=0 HLT=0
ES =0010 00000000 ffffffff 00cf9300 DPL=0 DS   [-WA]
CS =0008 00000000 ffffffff 00cf9a00 DPL=0 CS32 [-R-]
SS =0010 00000000 ffffffff 00cf9300 DPL=0 DS   [-WA]
DS =0010 00000000 ffffffff 00cf9300 DPL=0 DS   [-WA]
FS =0010 00000000 ffffffff 00cf9300 DPL=0 DS   [-WA]
GS =0010 00000000 ffffffff 00cf9300 DPL=0 DS   [-WA]
LDT=0000 00000000 0000ffff 00008200 DPL=0 LDT
TR =0000 00000000 0000ffff 00008b00 DPL=0 TSS32-busy
GDT=     00108008 00000017
IDT=     00108060 000007ff
CR0=80000011 CR2=00000000 CR3=00000000 CR4=00000000
DR0=00000000 DR1=00000000 DR2=00000000 DR3=00000000 
DR6=ffff0ff0 DR7=00000400
CCS=00000004 CCD=000002ca CCO=EFLAGS
EFER=0000000000000000
Servicing hardware INT=0x20
   335: v=20 e=0000 i=0 cpl=0 IP=0008:0010117e pc=0010117e SP=0010:d0001fb2 env->regs[R_EAX]=00000742
EAX=00000742 EBX=00000040 ECX=000000e0 EDX=00000002
ESI=000b8000 EDI=00000700 EBP=d0001fbe ESP=d0001fb2
EIP=0010117e EFL=00000202 [-------] CPL=0 II=0 A20=1 SMM=0 HLT=0
ES =0010 00000000 ffffffff 00cf9300 DPL=0 DS   [-WA]
CS =0008 00000000 ffffffff 00cf9a00 DPL=0 CS32 [-R-]
SS =0010 00000000 ffffffff 00cf9300 DPL=0 DS   [-WA]
DS =0010 00000000 ffffffff 00cf9300 DPL=0 DS   [-WA]
FS =0010 00000000 ffffffff 00cf9300 DPL=0 DS   [-WA]
GS =0010 00000000 ffffffff 00cf9300 DPL=0 DS   [-WA]
LDT=0000 00000000 0000ffff 00008200 DPL=0 LDT
TR =0000 00000000 0000ffff 00008b00 DPL=0 TSS32-busy
GDT=     00108008 00000017
IDT=     00108060 000007ff
CR0=80000011 CR2=00000000 CR3=00000000 CR4=00000000
DR0=00000000 DR1=00000000 DR2=00000000 DR3=00000000 
DR6=ffff0ff0 DR7=00000400
CCS=00000000 CCD=000000e0 CCO=EFLAGS
EFER=0000000000000000
Servicing hardware INT=0x20
   336: v=20 e=0000 i=0 cpl=0 IP=0008:0010117e pc=0010117e SP=0010:00107fa4 env->regs[R_EAX]=00000730
EAX=00000730 EBX=00000020 ECX=00000340 EDX=0000000a
ESI=000b8000 EDI=00000700 EBP=00107fb0 ESP=00107fa4
EIP=0010117e EFL=00000202 [-------] CPL=0 II=0 A20=1 SMM=0 HLT=0
ES =0010 00000000 ffffffff 00cf9300 DPL=0 DS   [-WA]
CS =0008 00000000 ffffffff 00cf9a00 DPL=0 CS32 [-R-]
SS =0010 00000000 ffffffff 00cf9300 DPL=0 DS   [-WA]
DS =0010 00000000 ffffffff 00cf9300 DPL=0 DS   [-WA]
FS =0010 00000000 ffffffff 00cf9300 DPL=0 DS   [-WA]
GS =0010 00000000 ffffffff 00cf9300 DPL=0 DS   [-WA]
LDT=0000 00000000 0000ffff 00008200 DPL=0 LDT
TR =0000 00000000 0000ffff 00008b00 DPL=0 TSS32-busy
GDT=     00108008 00000017
IDT=     00108060 000007ff
CR0=80000011 CR2=00000000 CR3=00000000 CR4=00000000
DR0=00000000 DR1=00000000 DR2=00000000 DR3=00000000 
DR6=ffff0ff0 DR7=00000400
CCS=00000000 CCD=00000340 CCO=EFLAGS
EFER=0000000000000000
Servicing hardware INT=0x20
   337: v=20 e=0000 i=0 cpl=0 IP=0008:0010117e pc=0010117e SP=0010:d0000fa9 env->regs[R_EAX]=00000741
EAX=00000741 EBX=00000014 ECX=000001a4 EDX=00000005
ESI=000b8000 EDI=00000700 EBP=d0000fb5 ESP=d0000fa9
EIP=0010117e EFL=00000202 [-------] CPL=0 II=0 A20=1 SMM=0 HLT=0
ES =0010 00000000 ffffffff 00cf9300 DPL=0 DS   [-WA]
CS =0008 00000000 ffffffff 00cf9a00 DPL=0 CS32 [-R-]
SS =0010 00000000 ffffffff 00cf9300 DPL=0 DS   [-WA]
DS =0010 00000000 ffffffff 00cf9300 DPL=0 DS   [-WA]
FS =0010 00000000 ffffffff 00cf9300 DPL=0 DS   [-WA]
GS =0010 00000000 ffffffff 00cf9300 DPL=0 DS   [-WA]
LDT=0000 00000000 0000ffff 00008200 DPL=0 LDT
TR =0000 00000000 0000ffff 00008b00 DPL=0 TSS32-busy
GDT=     00108008 00000017
IDT=     00108060 000007ff
CR0=80000011 CR2=00000000 CR3=00000000 CR4=00000000
DR0=00000000 DR1=00000000 DR2=00000000 DR3=00000000 
DR6=ffff0ff0 DR7=00000400
CCS=00000000 CCD=000001a4 CCO=EFLAGS
EFER=0000000000000000
Servicing hardware INT=0x20
   338: v=20 e=0000 i=0 cpl=0 IP=0008:0010117e pc=0010117e SP=0010:d0001fb2 env->regs[R_EAX]=00000742
EAX=00000742 EBX=00000023 ECX=00000253 EDX=00000007
ESI=000b8000 EDI=00000700 EBP=d0001fbe ESP=d0001fb2
EIP=0010117e EFL=00000206 [-----P-] CPL=0 II=0 A20=1 SMM=0 HLT=0
ES =0010 00000000 ffffffff 00cf9300 DPL=0 DS   [-WA]
CS =0008 00000000 ffffffff 00cf9a00 DPL=0 CS32 [-R-]
SS =0010 00000000 ffffffff 00cf9300 DPL=0 DS   [-WA]
DS =0010 00000000 ffffffff 00cf9300 DPL=0 DS   [-WA]
FS =0010 00000000 ffffffff 00cf9300 DPL=0 DS   [-WA]
GS =0010 00000000 ffffffff 00cf9300 DPL=0 DS   [-WA]
LDT=0000 00000000 0000ffff 00008200 DPL=0 LDT
TR =0000 00000000 0000ffff 00008b00 DPL=0 TSS32-busy
GDT=     00108008 00000017
IDT=     00108060 000007ff
CR0=80000011 CR2=00000000 CR3=00000000 CR4=00000000
DR0=00000000 DR1=00000000 DR2=00000000 DR3=00000000 
DR6=ffff0ff0 DR7=00000400
CCS=00000004 CCD=00000253 CCO=EFLAGS
EFER=0000000000000000
Servicing hardware INT=0x20
   339: v=20 e=0000 i=0 cpl=0 IP=0008:0010117e pc=0010117e SP=0010:00107fa4 env->regs[R_EAX]=00000730
EAX=00000730 EBX=0000001c ECX=0000029c EDX=00000008
ESI=000b8000 EDI=00000700 EBP=00107fb0 ESP=00107fa4
EIP=0010117e EFL=00000206 [-----P-] CPL=0 II=0 A20=1 SMM=0 HLT=0
ES =0010 00000000 ffffffff 00cf9300 DPL=0 DS   [-WA]
CS =0008 00000000 ffffffff 00cf9a00 DPL=0 CS32 [-R-]
SS =0010 00000000 ffffffff 00cf9300 DPL=0 DS   [-WA]
DS =0010 00000000 ffffffff 00cf9300 DPL=0 DS   [-WA]
FS =0010 00000000 ffffffff 00cf9300 DPL=0 DS   [-WA]
GS =0010 00000000 ffffffff 00cf9300 DPL=0 DS   [-WA]
LDT=0000 00000000 0000ffff 00008200 DPL=0 LDT
TR =0000 00000000 0000ffff 00008b00 DPL=0 TSS32-busy
GDT=     00108008 00000017
IDT=     00108060 000007ff
CR0=80000011 CR2=00000000 CR3=00000000 CR4=00000000
DR0=00000000 DR1=00000000 DR2=00000000 DR3=00000000 
DR6=ffff0ff0 DR7=00000400
CCS=00000004 CCD=0000029c CCO=EFLAGS
EFER=0000000000000000
Servicing hardware INT=0x20
   340: v=20 e=0000 i=0 cpl=0 IP=0008:0010117e pc=0010117e SP=0010:d0000fa9 env->regs[R_EAX]=00000741
EAX=00000741 EBX=0000003c ECX=0000035c EDX=0000000a
ESI=000b8000 EDI=00000700 EBP=d0000fb5 ESP=d0000fa9
EIP=0010117e EFL=00000206 [-----P-] CPL=0 II=0 A20=1 SMM=0 HLT=0
ES =0010 00000000 ffffffff 00cf9300 DPL=0 DS   [-WA]
CS =0008 00000000 ffffffff 00cf9a00 DPL=0 CS32 [-R-]
SS =0010 00000000 ffffffff 00cf9300 DPL=0 DS   [-WA]
DS =0010 00000000 ffffffff 00cf9300 DPL=0 DS   [-WA]
FS =0010 00000000 ffffffff 00cf9300 DPL=0 DS   [-WA]
GS =0010 00000000 ffffffff 00cf9300 DPL=0 DS   [-WA]
LDT=0000 00000000 0000ffff 00008200 DPL=0 LDT
TR =0000 00000000 0000ffff 00008b00 DPL=0 TSS32-busy
GDT=     00108008 00000017
IDT=     00108060 000007ff
CR0=80000011 CR2=00000000 CR3=00000000 CR4=00000000
DR0=00000000 DR1=00000000 DR2=00000000 DR3=00000000 
DR6=ffff0ff0 DR7=00000400
CCS=00000004 CCD=0000035c CCO=EFLAGS
EFER=0000000000000000
Servicing hardware INT=0x20
   341: v=20 e=0000 i=0 cpl=0 IP=0008:0010117e pc=0010117e SP=0010:d0001fb2 env->regs[R_EAX]=00000742
EAX=00000742 EBX=00000031 ECX=00000301 EDX=00000009
ESI=000b8000 EDI=00000700 EBP=d0001fbe ESP=d0001fb2
EIP=0010117e EFL=00000202 [-------] CPL=0 II=0 A20=1 SMM=0 HLT=0
ES =0010 00000000 ffffffff 00cf9300 DPL=0 DS   [-WA]
CS =0008 00000000 ffffffff 00cf9a00 DPL=0 CS32 [-R-]
SS =0010 00000000 ffffffff 00cf9300 DPL=0 DS   [-WA]
DS =0010 00000000 ffffffff 00cf9300 DPL=0 DS   [-WA]
FS =0010 00000000 ffffffff 00cf9300 DPL=0 DS   [-WA]
GS =0010 00000000 ffffffff 00cf9300 DPL=0 DS   [-WA]
LDT=0000 00000000 0000ffff 00008200 DPL=0 LDT
TR =0000 00000000 0000ffff 00008b00 DPL=0 TSS32-busy
GDT=     00108008 00000017
IDT=     00108060 000007ff
CR0=80000011 CR2=00000000 CR3=00000000 CR4=00000000
DR0=00000000 DR1=00000000 DR2=00000000 DR3=00000000 
DR6=ffff0ff0 DR7=00000400
CCS=00000000 CCD=00000301 CCO=EFLAGS
EFER=0000000000000000
Servicing hardware INT=0x20
   342: v=20 e=0000 i=0 cpl=0 IP=0008:0010117e pc=0010117e SP=0010:00107fa4 env->regs[R_EAX]=00000730
EAX=00000730 EBX=0000004d ECX=0000036d EDX=0000000a
ESI=000b8000 EDI=00000700 EBP=00107fb0 ESP=00107fa4
EIP=0010117e EFL=00000202 [-------] CPL=0 II=0 A20=1 SMM=0 HLT=0
ES =0010 00000000 ffffffff 00cf9300 DPL=0 DS   [-WA]
CS =0008 00000000 ffffffff 00cf9a00 DPL=0 CS32 [-R-]
SS =0010 00000000 ffffffff 00cf9300 DPL=0 DS   [-WA]
DS =0010 00000000 ffffffff 00cf9300 DPL=0 DS   [-WA]
FS =0010 00000000 ffffffff 00cf9300 DPL=0 DS   [-WA]
GS =0010 00000000 ffffffff 00cf9300 DPL=0 DS   [-WA]
LDT=0000 00000000 0000ffff 00008200 DPL=0 LDT
TR =0000 00000000 0000ffff 00008b00 DPL=0 TSS32-busy
GDT=     00108008 00000017
IDT=     00108060 000007ff
CR0=80000011 CR2=00000000 CR3=00000000 CR4=00000000
DR0=00000000 DR1=00000000 DR2=00000000 DR3=00000000 
DR6=ffff0ff0 DR7=00000400
CCS=00000000 CCD=0000036d CCO=EFLAGS
EFER=0000000000000000
Servicing hardware INT=0x20
   343: v=20 e=0000 i=0 cpl=0 IP=0008:0010117e pc=0010117e SP=0010:d0000fa9 env->regs[R_EAX]=00000741
EAX=00000741 EBX=00000008 ECX=000000a8 EDX=00000002
ESI=000b8000 EDI=00000700 EBP=d0000fb5 ESP=d0000fa9
EIP=0010117e EFL=00000202 [-------] CPL=0 II=0 A20=1 SMM=0 HLT=0
ES =0010 00000000 ffffffff 00cf9300 DPL=0 DS   [-WA]
CS =0008 00000000 ffffffff 00cf9a00 DPL=0 CS32 [-R-]
SS =0010 00000000 ffffffff 00cf9300 DPL=0 DS   [-WA]
DS =0010 00000000 ffffffff 00cf9300 DPL=0 DS   [-WA]
FS =0010 00000000 ffffffff 00cf9300 DPL=0 DS   [-WA]
GS =0010 00000000 ffffffff 00cf9300 DPL=0 DS   [-WA]
LDT=0000 00000000 0000ffff 00008200 DPL=0 LDT
TR =0000 00000000 0000ffff 00008b00 DPL=0 TSS32-busy
GDT=     00108008 00000017
IDT=     00108060 000007ff
CR0=80000011 CR2=00000000 CR3=00000000 CR4=00000000
DR0=00000000 DR1=00000000 DR2=00000000 DR3=00000000 
DR6=ffff0ff0 DR7=00000400
CCS=00000000 CCD=000000a8 CCO=EFLAGS
EFER=0000000000000000
Servicing hardware INT=0x20
   344: v=20 e=0000 i=0 cpl=0 IP=0008:0010117e pc=0010117e SP=0010:d0001fb2 env->regs[R_EAX]=00000742
EAX=00000742 EBX=00000016 ECX=00000246 EDX=00000007
ESI=000b8000 EDI=00000700 EBP=d0001fbe ESP=d0001fb2
EIP=0010117e EFL=00000202 [-------] CPL=0 II=0 A20=1 SMM=0 HLT=0
ES =0010 00000000 ffffffff 00cf9300 DPL=0 DS   [-WA]
CS =0008 00000000 ffffffff 00cf9a00 DPL=0 CS32 [-R-]
SS =0010 00000000 ffffffff 00cf9300 DPL=0 DS   [-WA]
DS =0010 00000000 ffffffff 00cf9300 DPL=0 DS   [-WA]
FS =0010 00000000 ffffffff 00cf9300 DPL=0 DS   [-WA]
GS =0010 00000000 ffffffff 00cf9300 DPL=0 DS   [-WA]
LDT=0000 00000000 0000ffff 00008200 DPL=0 LDT
TR =0000 00000000 0000ffff 00008b00 DPL=0 TSS32-busy
GDT=     00108008 00000017
IDT=     00108060 000007ff
CR0=80000011 CR2=00000000 CR3=00000000 CR4=00000000
DR0=00000000 DR1=00000000 DR2=00000000 DR3=00000000 
DR6=ffff0ff0 DR7=00000400
CCS=00000000 CCD=00000246 CCO=EFLAGS
EFER=0000000000000000
Servicing hardware INT=0x20
   345: v=20 e=0000 i=0 cpl=0 IP=0008:0010117e pc=0010117e SP=0010:00107fa4 env->regs[R_EAX]=00000730
EAX=00000730 EBX=00000036 ECX=00000496 EDX=0000000e
ESI=000b8000 EDI=00000700 EBP=00107fb0 ESP=00107fa4
EIP=0010117e EFL=00000206 [-----P-] CPL=0 II=0 A20=1 SMM=0 HLT=0
ES =0010 00000000 ffffffff 00cf9300 DPL=0 DS   [-WA]
CS =0008 00000000 ffffffff 00cf9a00 DPL=0 CS32 [-R-]
SS =0010 00000000 ffffffff 00cf9300 DPL=0 DS   [-WA]
DS =0010 00000000 ffffffff 00cf9300 DPL=0 DS   [-WA]
FS =0010 00000000 ffffffff 00cf9300 DPL=0 DS   [-WA]
GS =0010 00000000 ffffffff 00cf9300 DPL=0 DS   [-WA]
LDT=0000 00000000 0000ffff 00008200 DPL=0 LDT
TR =0000 00000000 0000ffff 00008b00 DPL=0 TSS32-busy
GDT=     00108008 00000017
IDT=     00108060 000007ff
CR0=80000011 CR2=00000000 CR3=00000000 CR4=00000000
DR0=00000000 DR1=00000000 DR2=00000000 DR3=00000000 
DR6=ffff0ff0 DR7=00000400
CCS=00000004 CCD=00000496 CCO=EFLAGS
EFER=0000000000000000
Servicing hardware INT=0x20
   346: v=20 e=0000 i=0 cpl=0 IP=0008:0010117e pc=0010117e SP=0010:d0000fa9 env->regs[R_EAX]=00000741
EAX=00000741 EBX=0000002c ECX=000005cc EDX=00000012
ESI=000b8000 EDI=00000700 EBP=d0000fb5 ESP=d0000fa9
EIP=0010117e EFL=00000206 [-----P-] CPL=0 II=0 A20=1 SMM=0 HLT=0
ES =0010 00000000 ffffffff 00cf9300 DPL=0 DS   [-WA]
CS =0008 00000000 ffffffff 00cf9a00 DPL=0 CS32 [-R-]
SS =0010 00000000 ffffffff 00cf9300 DPL=0 DS   [-WA]
DS =0010 00000000 ffffffff 00cf9300 DPL=0 DS   [-WA]
FS =0010 00000000 ffffffff 00cf9300 DPL=0 DS   [-WA]
GS =0010 00000000 ffffffff 00cf9300 DPL=0 DS   [-WA]
LDT=0000 00000000 0000ffff 00008200 DPL=0 LDT
TR =0000 00000000 0000ffff 00008b00 DPL=0 TSS32-busy
GDT=     00108008 00000017
IDT=     00108060 000007ff
CR0=80000011 CR2=00000000 CR3=00000000 CR4=00000000
DR0=00000000 DR1=00000000 DR2=00000000 DR3=00000000 
DR6=ffff0ff0 DR7=00000400
CCS=00000004 CCD=000005cc CCO=EFLAGS
EFER=0000000000000000
Servicing hardware INT=0x20
   347: v=20 e=0000 i=0 cpl=0 IP=0008:0010117e pc=0010117e SP=0010:d0001fb2 env->regs[R_EAX]=00000742
EAX=00000742 EBX=00000038 ECX=000004e8 EDX=0000000f
ESI=000b8000 EDI=00000700 EBP=d0001fbe ESP=d0001fb2
EIP=0010117e EFL=00000206 [-----P-] CPL=0 II=0 A20=1 SMM=0 HLT=0
ES =0010 00000000 ffffffff 00cf9300 DPL=0 DS   [-WA]
CS =0008 00000000 ffffffff 00cf9a00 DPL=0 CS32 [-R-]
SS =0010 00000000 ffffffff 00cf9300 DPL=0 DS   [-WA]
DS =0010 00000000 ffffffff 00cf9300 DPL=0 DS   [-WA]
FS =0010 00000000 ffffffff 00cf9300 DPL=0 DS   [-WA]
GS =0010 00000000 ffffffff 00cf9300 DPL=0 DS   [-WA]
LDT=0000 00000000 0000ffff 00008200 DPL=0 LDT
TR =0000 00000000 0000ffff 00008b00 DPL=0 TSS32-busy
GDT=     00108008 00000017
IDT=     00108060 000007ff
CR0=80000011 CR2=00000000 CR3=00000000 CR4=00000000
DR0=00000000 DR1=00000000 DR2=00000000 DR3=00000000 
DR6=ffff0ff0 DR7=00000400
CCS=00000004 CCD=000004e8 CCO=EFLAGS
EFER=0000000000000000
Servicing hardware INT=0x20
   348: v=20 e=0000 i=0 cpl=0 IP=0008:0010117e pc=0010117e SP=0010:00107fa4 env->regs[R_EAX]=00000730
EAX=00000730 EBX=00000010 ECX=00000010 EDX=00000000
ESI=000b8000 EDI=00000700 EBP=00107fb0 ESP=00107fa4
EIP=0010117e EFL=00000202 [-------] CPL=0 II=0 A20=1 SMM=0 HLT=0
ES =0010 00000000 ffffffff 00cf9300 DPL=0 DS   [-WA]
CS =0008 00000000 ffffffff 00cf9a00 DPL=0 CS32 [-R-]
SS =0010 00000000 ffffffff 00cf9300 DPL=0 DS   [-WA]
DS =0010 00000000 ffffffff 00cf9300 DPL=0 DS   [-WA]
FS =0010 00000000 ffffffff 00cf9300 DPL=0 DS   [-WA]
GS =0010 00000000 ffffffff 00cf9300 DPL=0 DS   [-WA]
LDT=0000 00000000 0000ffff 00008200 DPL=0 LDT
TR =0000 00000000 0000ffff 00008b00 DPL=0 TSS32-busy
GDT=     00108008 00000017
IDT=     00108060 000007ff
CR0=80000011 CR2=00000000 CR3=00000000 CR4=00000000
DR0=00000000 DR1=00000000 DR2=00000000 DR3=00000000 
DR6=ffff0ff0 DR7=00000400
CCS=00000000 CCD=00000010 CCO=EFLAGS
EFER=0000000000000000
Servicing hardware INT=0x20
   349: v=20 e=0000 i=0 cpl=0 IP=0008:0010117e pc=0010117e SP=0010:d0000fa9 env->regs[R_EAX]=00000741
EAX=00000741 EBX=0000002a ECX=000000ca EDX=00000002
ESI=000b8000 EDI=00000700 EBP=d0000fb5 ESP=d0000fa9
EIP=0010117e EFL=00000206 [-----P-] CPL=0 II=0 A20=1 SMM=0 HLT=0
ES =0010 00000000 ffffffff 00cf9300 DPL=0 DS   [-WA]
CS =0008 00000000 ffffffff 00cf9a00 DPL=0 CS32 [-R-]
SS =0010 00000000 ffffffff 00cf9300 DPL=0 DS   [-WA]
DS =0010 00000000 ffffffff 00cf9300 DPL=0 DS   [-WA]
FS =0010 00000000 ffffffff 00cf9300 DPL=0 DS   [-WA]
GS =0010 00000000 ffffffff 00cf9300 DPL=0 DS   [-WA]
LDT=0000 00000000 0000ffff 00008200 DPL=0 LDT
TR =0000 00000000 0000ffff 00008b00 DPL=0 TSS32-busy
GDT=     00108008 00000017
IDT=     00108060 000007ff
CR0=80000011 CR2=00000000 CR3=00000000 CR4=00000000
DR0=00000000 DR1=00000000 DR2=00000000 DR3=00000000 
DR6=ffff0ff0 DR7=00000400
CCS=00000004 CCD=000000ca CCO=EFLAGS
EFER=0000000000000000
Servicing hardware INT=0x20
   350: v=20 e=0000 i=0 cpl=0 IP=0008:0010117e pc=0010117e SP=0010:d0001fb2 env->regs[R_EAX]=00000742
EAX=00000742 EBX=0000002f ECX=000002ff EDX=00000009
ESI=000b8000 EDI=00000700 EBP=d0001fbe ESP=d0001fb2
EIP=0010117e EFL=00000206 [-----P-] CPL=0 II=0 A20=1 SMM=0 HLT=0
ES =0010 00000000 ffffffff 00cf9300 DPL=0 DS   [-WA]
CS =0008 00000000 ffffffff 00cf9a00 DPL=0 CS32 [-R-]
SS =0010 00000000 ffffffff 00cf9300 DPL=0 DS   [-WA]
DS =0010 00000000 ffffffff 00cf9300 DPL=0 DS   [-WA]
FS =0010 00000000 ffffffff 00cf9300 DPL=0 DS   [-WA]
GS =0010 00000000 ffffffff 00cf9300 DPL=0 DS   [-WA]
LDT=0000 00000000 0000ffff 00008200 DPL=0 LDT
TR =0000 00000000 0000ffff 00008b00 DPL=0 TSS32-busy
GDT=     00108008 00000017
IDT=     00108060 000007ff
CR0=80000011 CR2=00000000 CR3=00000000 CR4=00000000
DR0=00000000 DR1=00000000 DR2=00000000 DR3=00000000 
DR6=ffff0ff0 DR7=00000400
CCS=00000004 CCD=000002ff CCO=EFLAGS
EFER=0000000000000000
Servicing hardware INT=0x20
   351: v=20 e=0000 i=0 cpl=0 IP=0008:0010117e pc=0010117e SP=0010:00107fa4 env->regs[R_EAX]=00000730
EAX=00000730 EBX=00000018 ECX=00000568 EDX=00000011
ESI=000b8000 EDI=00000700 EBP=00107fb0 ESP=00107fa4
EIP=0010117e EFL=00000202 [-------] CPL=0 II=0 A20=1 SMM=0 HLT=0
ES =0010 00000000 ffffffff 00cf9300 DPL=0 DS   [-WA]
CS =0008 00000000 ffffffff 00cf9a00 DPL=0 CS32 [-R-]
SS =0010 00000000 ffffffff 00cf9300 DPL=0 DS   [-WA]
DS =0010 00000000 ffffffff 00cf9300 DPL=0 DS   [-WA]
FS =0010 00000000 ffffffff 00cf9300 DPL=0 DS   [-WA]
GS =0010 00000000 ffffffff 00cf9300 DPL=0 DS   [-WA]
LDT=0000 00000000 0000ffff 00008200 DPL=0 LDT
TR =0000 00000000 0000ffff 00008b00 DPL=0 TSS32-busy
GDT=     00108008 00000017
IDT=     00108060 000007ff
CR0=80000011 CR2=00000000 CR3=00000000 CR4=00000000
DR0=00000000 DR1=00000000 DR2=00000000 DR3=00000000 
DR6=ffff0ff0 DR7=00000400
CCS=00000000 CCD=00000568 CCO=EFLAGS
EFER=0000000000000000
Servicing hardware INT=0x20
   352: v=20 e=0000 i=0 cpl=0 IP=0008:0010117e pc=0010117e SP=0010:d0000fa9 env->regs[R_EAX]=00000741
EAX=00000741 EBX=0000001a ECX=000005ba EDX=00000012
ESI=000b8000 EDI=00000700 EBP=d0000fb5 ESP=d0000fa9
EIP=0010117e EFL=00000202 [-------] CPL=0 II=0 A20=1 SMM=0 HLT=0
ES =0010 00000000 ffffffff 00cf9300 DPL=0 DS   [-WA]
CS =0008 00000000 ffffffff 00cf9a00 DPL=0 CS32 [-R-]
SS =0010 00000000 ffffffff 00cf9300 DPL=0 DS   [-WA]
DS =0010 00000000 ffffffff 00cf9300 DPL=0 DS   [-WA]
FS =0010 00000000 ffffffff 00cf9300 DPL=0 DS   [-WA]
GS =0010 00000000 ffffffff 00cf9300 DPL=0 DS   [-WA]
LDT=0000 00000000 0000ffff 00008200 DPL=0 LDT
TR =0000 00000000 0000ffff 00008b00 DPL=0 TSS32-busy
GDT=     00108008 00000017
IDT=     00108060 000007ff
CR0=80000011 CR2=00000000 CR3=00000000 CR4=00000000
DR0=00000000 DR1=00000000 DR2=00000000 DR3=00000000 
DR6=ffff0ff0 DR7=00000400
CCS=00000000 CCD=000005ba CCO=EFLAGS
EFER=0000000000000000
Servicing hardware INT=0x20
   353: v=20 e=0000 i=0 cpl=0 IP=0008:0010117e pc=0010117e SP=0010:d0001fb2 env->regs[R_EAX]=00000742
EAX=00000742 EBX=0000001e ECX=000003de EDX=0000000c
ESI=000b8000 EDI=00000700 EBP=d0001fbe ESP=d0001fb2
EIP=0010117e EFL=00000206 [-----P-] CPL=0 II=0 A20=1 SMM=0 HLT=0
ES =0010 00000000 ffffffff 00cf9300 DPL=0 DS   [-WA]
CS =0008 00000000 ffffffff 00cf9a00 DPL=0 CS32 [-R-]
SS =0010 00000000 ffffffff 00cf9300 DPL=0 DS   [-WA]
DS =0010 00000000 ffffffff 00cf9300 DPL=0 DS   [-WA]
FS =0010 00000000 ffffffff 00cf9300 DPL=0 DS   [-WA]
GS =0010 00000000 ffffffff 00cf9300 DPL=0 DS   [-WA]
LDT=0000 00000000 0000ffff 00008200 DPL=0 LDT
TR =0000 00000000 0000ffff 00008b00 DPL=0 TSS32-busy
GDT=     00108008 00000017
IDT=     00108060 000007ff
CR0=80000011 CR2=00000000 CR3=00000000 CR4=00000000
DR0=00000000 DR1=00000000 DR2=00000000 DR3=00000000 
DR6=ffff0ff0 DR7=00000400
CCS=00000004 CCD=000003de CCO=EFLAGS
EFER=0000000000000000
Servicing hardware INT=0x20
   354: v=20 e=0000 i=0 cpl=0 IP=0008:0010117e pc=0010117e SP=0010:00107fa4 env->regs[R_EAX]=00000730
EAX=00000730 EBX=00000027 ECX=00000707 EDX=00000016
ESI=000b8000 EDI=00000700 EBP=00107fb0 ESP=00107fa4
EIP=0010117e EFL=00000202 [-------] CPL=0 II=0 A20=1 SMM=0 HLT=0
ES =0010 00000000 ffffffff 00cf9300 DPL=0 DS   [-WA]
CS =0008 00000000 ffffffff 00cf9a00 DPL=0 CS32 [-R-]
SS =0010 00000000 ffffffff 00cf9300 DPL=0 DS   [-WA]
DS =0010 00000000 ffffffff 00cf9300 DPL=0 DS   [-WA]
FS =0010 00000000 ffffffff 00cf9300 DPL=0 DS   [-WA]
GS =0010 00000000 ffffffff 00cf9300 DPL=0 DS   [-WA]
LDT=0000 00000000 0000ffff 00008200 DPL=0 LDT
TR =0000 00000000 0000ffff 00008b00 DPL=0 TSS32-busy
GDT=     00108008 00000017
IDT=     00108060 000007ff
CR0=80000011 CR2=00000000 CR3=00000000 CR4=00000000
DR0=00000000 DR1=00000000 DR2=00000000 DR3=00000000 
DR6=ffff0ff0 DR7=00000400
CCS=00000000 CCD=00000707 CCO=EFLAGS
EFER=0000000000000000
Servicing hardware INT=0x20
   355: v=20 e=0000 i=0 cpl=0 IP=0008:0010117e pc=0010117e SP=0010:d0000fa9 env->regs[R_EAX]=00000741
EAX=00000741 EBX=00000039 ECX=00000539 EDX=00000010
ESI=000b8000 EDI=00000700 EBP=d0000fb5 ESP=d0000fa9
EIP=0010117e EFL=00000206 [-----P-] CPL=0 II=0 A20=1 SMM=0 HLT=0
ES =0010 00000000 ffffffff 00cf9300 DPL=0 DS   [-WA]
CS =0008 00000000 ffffffff 00cf9a00 DPL=0 CS32 [-R-]
SS =0010 00000000 ffffffff 00cf9300 DPL=0 DS   [-WA]
DS =0010 00000000 ffffffff 00cf9300 DPL=0 DS   [-WA]
FS =0010 00000000 ffffffff 00cf9300 DPL=0 DS   [-WA]
GS =0010 00000000 ffffffff 00cf9300 DPL=0 DS   [-WA]
LDT=0000 00000000 0000ffff 00008200 DPL=0 LDT
TR =0000 00000000 0000ffff 00008b00 DPL=0 TSS32-busy
GDT=     00108008 00000017
IDT=     00108060 000007ff
CR0=80000011 CR2=00000000 CR3=00000000 CR4=00000000
DR0=00000000 DR1=00000000 DR2=00000000 DR3=00000000 
DR6=ffff0ff0 DR7=00000400
CCS=00000004 CCD=00000539 CCO=EFLAGS
EFER=0000000000000000
Servicing hardware INT=0x20
   356: v=20 e=0000 i=0 cpl=0 IP=0008:0010117e pc=0010117e SP=0010:d0001fb2 env->regs[R_EAX]=00000742
EAX=00000742 EBX=00000018 ECX=00000298 EDX=00000008
ESI=000b8000 EDI=00000700 EBP=d0001fbe ESP=d0001fb2
EIP=0010117e EFL=00000202 [-------] CPL=0 II=0 A20=1 SMM=0 HLT=0
ES =0010 00000000 ffffffff 00cf9300 DPL=0 DS   [-WA]
CS =0008 00000000 ffffffff 00cf9a00 DPL=0 CS32 [-R-]
SS =0010 00000000 ffffffff 00cf9300 DPL=0 DS   [-WA]
DS =0010 00000000 ffffffff 00cf9300 DPL=0 DS   [-WA]
FS =0010 00000000 ffffffff 00cf9300 DPL=0 DS   [-WA]
GS =0010 00000000 ffffffff 00cf9300 DPL=0 DS   [-WA]
LDT=0000 00000000 0000ffff 00008200 DPL=0 LDT
TR =0000 00000000 0000ffff 00008b00 DPL=0 TSS32-busy
GDT=     00108008 00000017
IDT=     00108060 000007ff
CR0=80000011 CR2=00000000 CR3=00000000 CR4=00000000
DR0=00000000 DR1=00000000 DR2=00000000 DR3=00000000 
DR6=ffff0ff0 DR7=00000400
CCS=00000000 CCD=00000298 CCO=EFLAGS
EFER=0000000000000000
Servicing hardware INT=0x20
   357: v=20 e=0000 i=0 cpl=0 IP=0008:0010117e pc=0010117e SP=0010:00107fa4 env->regs[R_EAX]=00000730
EAX=00000730 EBX=00000038 ECX=00000178 EDX=00000004
ESI=000b8000 EDI=00000700 EBP=00107fb0 ESP=00107fa4
EIP=0010117e EFL=00000206 [-----P-] CPL=0 II=0 A20=1 SMM=0 HLT=0
ES =0010 00000000 ffffffff 00cf9300 DPL=0 DS   [-WA]
CS =0008 00000000 ffffffff 00cf9a00 DPL=0 CS32 [-R-]
SS =0010 00000000 ffffffff 00cf9300 DPL=0 DS   [-WA]
DS =0010 00000000 ffffffff 00cf9300 DPL=0 DS   [-WA]
FS =0010 00000000 ffffffff 00cf9300 DPL=0 DS   [-WA]
GS =0010 00000000 ffffffff 00cf9300 DPL=0 DS   [-WA]
LDT=0000 00000000 0000ffff 00008200 DPL=0 LDT
TR =0000 00000000 0000ffff 00008b00 DPL=0 TSS32-busy
GDT=     00108008 00000017
IDT=     00108060 000007ff
CR0=80000011 CR2=00000000 CR3=00000000 CR4=00000000
DR0=00000000 DR1=00000000 DR2=00000000 DR3=00000000 
DR6=ffff0ff0 DR7=00000400
CCS=00000004 CCD=00000178 CCO=EFLAGS
EFER=0000000000000000
Servicing hardware INT=0x20
   358: v=20 e=0000 i=0 cpl=0 IP=0008:0010117e pc=0010117e SP=0010:d0000fa9 env->regs[R_EAX]=00000741
EAX=00000741 EBX=00000017 ECX=00000157 EDX=00000004
ESI=000b8000 EDI=00000700 EBP=d0000fb5 ESP=d0000fa9
EIP=0010117e EFL=00000202 [-------] CPL=0 II=0 A20=1 SMM=0 HLT=0
ES =0010 00000000 ffffffff 00cf9300 DPL=0 DS   [-WA]
CS =0008 00000000 ffffffff 00cf9a00 DPL=0 CS32 [-R-]
SS =0010 00000000 ffffffff 00cf9300 DPL=0 DS   [-WA]
DS =0010 00000000 ffffffff 00cf9300 DPL=0 DS   [-WA]
FS =0010 00000000 ffffffff 00cf9300 DPL=0 DS   [-WA]
GS =0010 00000000 ffffffff 00cf9300 DPL=0 DS   [-WA]
LDT=0000 00000000 0000ffff 00008200 DPL=0 LDT
TR =0000 00000000 0000ffff 00008b00 DPL=0 TSS32-busy
GDT=     00108008 00000017
IDT=     00108060 000007ff
CR0=80000011 CR2=00000000 CR3=00000000 CR4=00000000
DR0=00000000 DR1=00000000 DR2=00000000 DR3=00000000 
DR6=ffff0ff0 DR7=00000400
CCS=00000000 CCD=00000157 CCO=EFLAGS
EFER=0000000000000000
Servicing hardware INT=0x20
   359: v=20 e=0000 i=0 cpl=0 IP=0008:0010117e pc=0010117e SP=0010:d0001fb2 env->regs[R_EAX]=00000742
EAX=00000742 EBX=0000004e ECX=0000063e EDX=00000013
ESI=000b8000 EDI=00000700 EBP=d0001fbe ESP=d0001fb2
EIP=0010117e EFL=00000202 [-------] CPL=0 II=0 A20=1 SMM=0 HLT=0
ES =0010 00000000 ffffffff 00cf9300 DPL=0 DS   [-WA]
CS =0008 00000000 ffffffff 00cf9a00 DPL=0 CS32 [-R-]
SS =0010 00000000 ffffffff 00cf9300 DPL=0 DS   [-WA]
DS =0010 00000000 ffffffff 00cf9300 DPL=0 DS   [-WA]
FS =0010 00000000 ffffffff 00cf9300 DPL=0 DS   [-WA]
GS =0010 00000000 ffffffff 00cf9300 DPL=0 DS   [-WA]
LDT=0000 00000000 0000ffff 00008200 DPL=0 LDT
TR =0000 00000000 0000ffff 00008b00 DPL=0 TSS32-busy
GDT=     00108008 00000017
IDT=     00108060 000007ff
CR0=80000011 CR2=00000000 CR3=00000000 CR4=00000000
DR0=00000000 DR1=00000000 DR2=00000000 DR3=00000000 
DR6=ffff0ff0 DR7=00000400
CCS=00000000 CCD=0000063e CCO=EFLAGS
EFER=0000000000000000
Servicing hardware INT=0x20
   360: v=20 e=0000 i=0 cpl=0 IP=0008:0010117e pc=0010117e SP=0010:00107fa4 env->regs[R_EAX]=00000730
EAX=00000730 EBX=0000004b ECX=000001db EDX=00000005
ESI=000b8000 EDI=00000700 EBP=00107fb0 ESP=00107fa4
EIP=0010117e EFL=00000206 [-----P-] CPL=0 II=0 A20=1 SMM=0 HLT=0
ES =0010 00000000 ffffffff 00cf9300 DPL=0 DS   [-WA]
CS =0008 00000000 ffffffff 00cf9a00 DPL=0 CS32 [-R-]
SS =0010 00000000 ffffffff 00cf9300 DPL=0 DS   [-WA]
DS =0010 00000000 ffffffff 00cf9300 DPL=0 DS   [-WA]
FS =0010 00000000 ffffffff 00cf9300 DPL=0 DS   [-WA]
GS =0010 00000000 ffffffff 00cf9300 DPL=0 DS   [-WA]
LDT=0000 00000000 0000ffff 00008200 DPL=0 LDT
TR =0000 00000000 0000ffff 00008b00 DPL=0 TSS32-busy
GDT=     00108008 00000017
IDT=     00108060 000007ff
CR0=80000011 CR2=00000000 CR3=00000000 CR4=00000000
DR0=00000000 DR1=00000000 DR2=00000000 DR3=00000000 
DR6=ffff0ff0 DR7=00000400
CCS=00000004 CCD=000001db CCO=EFLAGS
EFER=0000000000000000
Servicing hardware INT=0x20
   361: v=20 e=0000 i=0 cpl=0 IP=0008:0010117e pc=0010117e SP=0010:d0000fa9 env->regs[R_EAX]=00000741
EAX=00000741 EBX=0000002b ECX=0000007b EDX=00000001
ESI=000b8000 EDI=00000700 EBP=d0000fb5 ESP=d0000fa9
EIP=0010117e EFL=00000206 [-----P-] CPL=0 II=0 A20=1 SMM=0 HLT=0
ES =0010 00000000 ffffffff 00cf9300 DPL=0 DS   [-WA]
CS =0008 00000000 ffffffff 00cf9a00 DPL=0 CS32 [-R-]
SS =0010 00000000 ffffffff 00cf9300 DPL=0 DS   [-WA]
DS =0010 00000000 ffffffff 00cf9300 DPL=0 DS   [-WA]
FS =0010 00000000 ffffffff 00cf9300 DPL=0 DS   [-WA]
GS =0010 00000000 ffffffff 00cf9300 DPL=0 DS   [-WA]
LDT=0000 00000000 0000ffff 00008200 DPL=0 LDT
TR =0000 00000000 0000ffff 00008b00 DPL=0 TSS32-busy
GDT=     00108008 00000017
IDT=     00108060 000007ff
CR0=80000011 CR2=00000000 CR3=00000000 CR4=00000000
DR0=00000000 DR1=00000000 DR2=00000000 DR3=00000000 
DR6=ffff0ff0 DR7=00000400
CCS=00000004 CCD=0000007b CCO=EFLAGS
EFER=0000000000000000
Servicing hardware INT=0x20
   362: v=20 e=0000 i=0 cpl=0 IP=0008:0010117e pc=0010117e SP=0010:d0001fb2 env->regs[R_EAX]=00000742
EAX=00000742 EBX=0000000f ECX=000002df EDX=00000009
ESI=000b8000 EDI=00000700 EBP=d0001fbe ESP=d0001fb2
EIP=0010117e EFL=00000202 [-------] CPL=0 II=0 A20=1 SMM=0 HLT=0
ES =0010 00000000 ffffffff 00cf9300 DPL=0 DS   [-WA]
CS =0008 00000000 ffffffff 00cf9a00 DPL=0 CS32 [-R-]
SS =0010 00000000 ffffffff 00cf9300 DPL=0 DS   [-WA]
DS =0010 00000000 ffffffff 00cf9300 DPL=0 DS   [-WA]
FS =0010 00000000 ffffffff 00cf9300 DPL=0 DS   [-WA]
GS =0010 00000000 ffffffff 00cf9300 DPL=0 DS   [-WA]
LDT=0000 00000000 0000ffff 00008200 DPL=0 LDT
TR =0000 00000000 0000ffff 00008b00 DPL=0 TSS32-busy
GDT=     00108008 00000017
IDT=     00108060 000007ff
CR0=80000011 CR2=00000000 CR3=00000000 CR4=00000000
DR0=00000000 DR1=00000000 DR2=00000000 DR3=00000000 
DR6=ffff0ff0 DR7=00000400
CCS=00000000 CCD=000002df CCO=EFLAGS
EFER=0000000000000000
Servicing hardware INT=0x20
   363: v=20 e=0000 i=0 cpl=0 IP=0008:0010117e pc=0010117e SP=0010:00107fa4 env->regs[R_EAX]=00000730
EAX=00000730 EBX=00000007 ECX=00000697 EDX=00000015
ESI=000b8000 EDI=00000700 EBP=00107fb0 ESP=00107fa4
EIP=0010117e EFL=00000202 [-------] CPL=0 II=0 A20=1 SMM=0 HLT=0
ES =0010 00000000 ffffffff 00cf9300 DPL=0 DS   [-WA]
CS =0008 00000000 ffffffff 00cf9a00 DPL=0 CS32 [-R-]
SS =0010 00000000 ffffffff 00cf9300 DPL=0 DS   [-WA]
DS =0010 00000000 ffffffff 00cf9300 DPL=0 DS   [-WA]
FS =0010 00000000 ffffffff 00cf9300 DPL=0 DS   [-WA]
GS =0010 00000000 ffffffff 00cf9300 DPL=0 DS   [-WA]
LDT=0000 00000000 0000ffff 00008200 DPL=0 LDT
TR =0000 00000000 0000ffff 00008b00 DPL=0 TSS32-busy
GDT=     00108008 00000017
IDT=     00108060 000007ff
CR0=80000011 CR2=00000000 CR3=00000000 CR4=00000000
DR0=00000000 DR1=00000000 DR2=00000000 DR3=00000000 
DR6=ffff0ff0 DR7=00000400
CCS=00000000 CCD=00000697 CCO=EFLAGS
EFER=0000000000000000
Servicing hardware INT=0x20
   364: v=20 e=0000 i=0 cpl=0 IP=0008:0010117e pc=0010117e SP=0010:d0000fa9 env->regs[R_EAX]=00000741
EAX=00000741 EBX=00000047 ECX=00000547 EDX=00000010
ESI=000b8000 EDI=00000700 EBP=d0000fb5 ESP=d0000fa9
EIP=0010117e EFL=00000206 [-----P-] CPL=0 II=0 A20=1 SMM=0 HLT=0
ES =0010 00000000 ffffffff 00cf9300 DPL=0 DS   [-WA]
CS =0008 00000000 ffffffff 00cf9a00 DPL=0 CS32 [-R-]
SS =0010 00000000 ffffffff 00cf9300 DPL=0 DS   [-WA]
DS =0010 00000000 ffffffff 00cf9300 DPL=0 DS   [-WA]
FS =0010 00000000 ffffffff 00cf9300 DPL=0 DS   [-WA]
GS =0010 00000000 ffffffff 00cf9300 DPL=0 DS   [-WA]
LDT=0000 00000000 0000ffff 00008200 DPL=0 LDT
TR =0000 00000000 0000ffff 00008b00 DPL=0 TSS32-busy
GDT=     00108008 00000017
IDT=     00108060 000007ff
CR0=80000011 CR2=00000000 CR3=00000000 CR4=00000000
DR0=00000000 DR1=00000000 DR2=00000000 DR3=00000000 
DR6=ffff0ff0 DR7=00000400
CCS=00000004 CCD=00000547 CCO=EFLAGS
EFER=0000000000000000
Servicing hardware INT=0x20
   365: v=20 e=0000 i=0 cpl=0 IP=0008:0010117e pc=0010117e SP=0010:d0001fb2 env->regs[R_EAX]=00000742
EAX=00000742 EBX=00000034 ECX=00000174 EDX=00000004
ESI=000b8000 EDI=00000700 EBP=d0001fbe ESP=d0001fb2
EIP=0010117e EFL=00000206 [-----P-] CPL=0 II=0 A20=1 SMM=0 HLT=0
ES =0010 00000000 ffffffff 00cf9300 DPL=0 DS   [-WA]
CS =0008 00000000 ffffffff 00cf9a00 DPL=0 CS32 [-R-]
SS =0010 00000000 ffffffff 00cf9300 DPL=0 DS   [-WA]
DS =0010 00000000 ffffffff 00cf9300 DPL=0 DS   [-WA]
FS =0010 00000000 ffffffff 00cf9300 DPL=0 DS   [-WA]
GS =0010 00000000 ffffffff 00cf9300 DPL=0 DS   [-WA]
LDT=0000 00000000 0000ffff 00008200 DPL=0 LDT
TR =0000 00000000 0000ffff 00008b00 DPL=0 TSS32-busy
GDT=     00108008 00000017
IDT=     00108060 000007ff
CR0=80000011 CR2=00000000 CR3=00000000 CR4=00000000
DR0=00000000 DR1=00000000 DR2=00000000 DR3=00000000 
DR6=ffff0ff0 DR7=00000400
CCS=00000004 CCD=00000174 CCO=EFLAGS
EFER=0000000000000000
Servicing hardware INT=0x20
   366: v=20 e=0000 i=0 cpl=0 IP=0008:0010117e pc=0010117e SP=0010:00107fa4 env->regs[R_EAX]=00000730
EAX=00000730 EBX=00000029 ECX=00000579 EDX=00000011
ESI=000b8000 EDI=00000700 EBP=00107fb0 ESP=00107fa4
EIP=0010117e EFL=00000202 [-------] CPL=0 II=0 A20=1 SMM=0 HLT=0
ES =0010 00000000 ffffffff 00cf9300 DPL=0 DS   [-WA]
CS =0008 00000000 ffffffff 00cf9a00 DPL=0 CS32 [-R-]
SS =0010 00000000 ffffffff 00cf9300 DPL=0 DS   [-WA]
DS =0010 00000000 ffffffff 00cf9300 DPL=0 DS   [-WA]
FS =0010 00000000 ffffffff 00cf9300 DPL=0 DS   [-WA]
GS =0010 00000000 ffffffff 00cf9300 DPL=0 DS   [-WA]
LDT=0000 00000000 0000ffff 00008200 DPL=0 LDT
TR =0000 00000000 0000ffff 00008b00 DPL=0 TSS32-busy
GDT=     00108008 00000017
IDT=     00108060 000007ff
CR0=80000011 CR2=00000000 CR3=00000000 CR4=00000000
DR0=00000000 DR1=00000000 DR2=00000000 DR3=00000000 
DR6=ffff0ff0 DR7=00000400
CCS=00000000 CCD=00000579 CCO=EFLAGS
EFER=0000000000000000
Servicing hardware INT=0x20
   367: v=20 e=0000 i=0 cpl=0 IP=0008:0010117e pc=0010117e SP=0010:d0000fa9 env->regs[R_EAX]=00000741
EAX=00000741 EBX=00000042 ECX=00000312 EDX=00000009
ESI=000b8000 EDI=00000700 EBP=d0000fb5 ESP=d0000fa9
EIP=0010117e EFL=00000206 [-----P-] CPL=0 II=0 A20=1 SMM=0 HLT=0
ES =0010 00000000 ffffffff 00cf9300 DPL=0 DS   [-WA]
CS =0008 00000000 ffffffff 00cf9a00 DPL=0 CS32 [-R-]
SS =0010 00000000 ffffffff 00cf9300 DPL=0 DS   [-WA]
DS =0010 00000000 ffffffff 00cf9300 DPL=0 DS   [-WA]
FS =0010 00000000 ffffffff 00cf9300 DPL=0 DS   [-WA]
GS =0010 00000000 ffffffff 00cf9300 DPL=0 DS   [-WA]
LDT=0000 00000000 0000ffff 00008200 DPL=0 LDT
TR =0000 00000000 0000ffff 00008b00 DPL=0 TSS32-busy
GDT=     00108008 00000017
IDT=     00108060 000007ff
CR0=80000011 CR2=00000000 CR3=00000000 CR4=00000000
DR0=00000000 DR1=00000000 DR2=00000000 DR3=00000000 
DR6=ffff0ff0 DR7=00000400
CCS=00000004 CCD=00000312 CCO=EFLAGS
EFER=0000000000000000
Servicing hardware INT=0x20
   368: v=20 e=0000 i=0 cpl=0 IP=0008:0010117e pc=0010117e SP=0010:d0001fb2 env->regs[R_EAX]=00000742
EAX=00000742 EBX=00000018 ECX=000000b8 EDX=00000002
ESI=000b8000 EDI=00000700 EBP=d0001fbe ESP=d0001fb2
EIP=0010117e EFL=00000206 [-----P-] CPL=0 II=0 A20=1 SMM=0 HLT=0
ES =0010 00000000 ffffffff 00cf9300 DPL=0 DS   [-WA]
CS =0008 00000000 ffffffff 00cf9a00 DPL=0 CS32 [-R-]
SS =0010 00000000 ffffffff 00cf9300 DPL=0 DS   [-WA]
DS =0010 00000000 ffffffff 00cf9300 DPL=0 DS   [-WA]
FS =0010 00000000 ffffffff 00cf9300 DPL=0 DS   [-WA]
GS =0010 00000000 ffffffff 00cf9300 DPL=0 DS   [-WA]
LDT=0000 00000000 0000ffff 00008200 DPL=0 LDT
TR =0000 00000000 0000ffff 00008b00 DPL=0 TSS32-busy
GDT=     00108008 00000017
IDT=     00108060 000007ff
CR0=80000011 CR2=00000000 CR3=00000000 CR4=00000000
DR0=00000000 DR1=00000000 DR2=00000000 DR3=00000000 
DR6=ffff0ff0 DR7=00000400
CCS=00000004 CCD=000000b8 CCO=EFLAGS
EFER=0000000000000000
Servicing hardware INT=0x20
   369: v=20 e=0000 i=0 cpl=0 IP=0008:0010117e pc=0010117e SP=0010:00107fa4 env->regs[R_EAX]=00000730
EAX=00000730 EBX=00000048 ECX=00000638 EDX=00000013
ESI=000b8000 EDI=00000700 EBP=00107fb0 ESP=00107fa4
EIP=0010117e EFL=00000202 [-------] CPL=0 II=0 A20=1 SMM=0 HLT=0
ES =0010 00000000 ffffffff 00cf9300 DPL=0 DS   [-WA]
CS =0008 00000000 ffffffff 00cf9a00 DPL=0 CS32 [-R-]
SS =0010 00000000 ffffffff 00cf9300 DPL=0 DS   [-WA]
DS =0010 00000000 ffffffff 00cf9300 DPL=0 DS   [-WA]
FS =0010 00000000 ffffffff 00cf9300 DPL=0 DS   [-WA]
GS =0010 00000000 ffffffff 00cf9300 DPL=0 DS   [-WA]
LDT=0000 00000000 0000ffff 00008200 DPL=0 LDT
TR =0000 00000000 0000ffff 00008b00 DPL=0 TSS32-busy
GDT=     00108008 00000017
IDT=     00108060 000007ff
CR0=80000011 CR2=00000000 CR3=00000000 CR4=00000000
DR0=00000000 DR1=00000000 DR2=00000000 DR3=00000000 
DR6=ffff0ff0 DR7=00000400
CCS=00000000 CCD=00000638 CCO=EFLAGS
EFER=0000000000000000
Servicing hardware INT=0x20
   370: v=20 e=0000 i=0 cpl=0 IP=0008:0010117e pc=0010117e SP=0010:d0000fa9 env->regs[R_EAX]=00000741
EAX=00000741 EBX=00000019 ECX=00000249 EDX=00000007
ESI=000b8000 EDI=00000700 EBP=d0000fb5 ESP=d0000fa9
EIP=0010117e EFL=00000202 [-------] CPL=0 II=0 A20=1 SMM=0 HLT=0
ES =0010 00000000 ffffffff 00cf9300 DPL=0 DS   [-WA]
CS =0008 00000000 ffffffff 00cf9a00 DPL=0 CS32 [-R-]
SS =0010 00000000 ffffffff 00cf9300 DPL=0 DS   [-WA]
DS =0010 00000000 ffffffff 00cf9300 DPL=0 DS   [-WA]
FS =0010 00000000 ffffffff 00cf9300 DPL=0 DS   [-WA]
GS =0010 00000000 ffffffff 00cf9300 DPL=0 DS   [-WA]
LDT=0000 00000000 0000ffff 00008200 DPL=0 LDT
TR =0000 00000000 0000ffff 00008b00 DPL=0 TSS32-busy
GDT=     00108008 00000017
IDT=     00108060 000007ff
CR0=80000011 CR2=00000000 CR3=00000000 CR4=00000000
DR0=00000000 DR1=00000000 DR2=00000000 DR3=00000000 
DR6=ffff0ff0 DR7=00000400
CCS=00000000 CCD=00000249 CCO=EFLAGS
EFER=0000000000000000
Servicing hardware INT=0x20
   371: v=20 e=0000 i=0 cpl=0 IP=0008:0010117e pc=0010117e SP=0010:d0001fb2 env->regs[R_EAX]=00000742
EAX=00000742 EBX=0000001b ECX=000006fb EDX=00000016
ESI=000b8000 EDI=00000700 EBP=d0001fbe ESP=d0001fb2
EIP=0010117e EFL=00000202 [-------] CPL=0 II=0 A20=1 SMM=0 HLT=0
ES =0010 00000000 ffffffff 00cf9300 DPL=0 DS   [-WA]
CS =0008 00000000 ffffffff 00cf9a00 DPL=0 CS32 [-R-]
SS =0010 00000000 ffffffff 00cf9300 DPL=0 DS   [-WA]
DS =0010 00000000 ffffffff 00cf9300 DPL=0 DS   [-WA]
FS =0010 00000000 ffffffff 00cf9300 DPL=0 DS   [-WA]
GS =0010 00000000 ffffffff 00cf9300 DPL=0 DS   [-WA]
LDT=0000 00000000 0000ffff 00008200 DPL=0 LDT
TR =0000 00000000 0000ffff 00008b00 DPL=0 TSS32-busy
GDT=     00108008 00000017
IDT=     00108060 000007ff
CR0=80000011 CR2=00000000 CR3=00000000 CR4=00000000
DR0=00000000 DR1=00000000 DR2=00000000 DR3=00000000 
DR6=ffff0ff0 DR7=00000400
CCS=00000000 CCD=000006fb CCO=EFLAGS
EFER=0000000000000000
Servicing hardware INT=0x20
   372: v=20 e=0000 i=0 cpl=0 IP=0008:0010117e pc=0010117e SP=0010:00107fa4 env->regs[R_EAX]=00000730
EAX=00000730 EBX=0000003f ECX=0000017f EDX=00000004
ESI=000b8000 EDI=00000700 EBP=00107fb0 ESP=00107fa4
EIP=0010117e EFL=00000202 [-------] CPL=0 II=0 A20=1 SMM=0 HLT=0
ES =0010 00000000 ffffffff 00cf9300 DPL=0 DS   [-WA]
CS =0008 00000000 ffffffff 00cf9a00 DPL=0 CS32 [-R-]
SS =0010 00000000 ffffffff 00cf9300 DPL=0 DS   [-WA]
DS =0010 00000000 ffffffff 00cf9300 DPL=0 DS   [-WA]
FS =0010 00000000 ffffffff 00cf9300 DPL=0 DS   [-WA]
GS =0010 00000000 ffffffff 00cf9300 DPL=0 DS   [-WA]
LDT=0000 00000000 0000ffff 00008200 DPL=0 LDT
TR =0000 00000000 0000ffff 00008b00 DPL=0 TSS32-busy
GDT=     00108008 00000017
IDT=     00108060 000007ff
CR0=80000011 CR2=00000000 CR3=00000000 CR4=00000000
DR0=00000000 DR1=00000000 DR2=00000000 DR3=00000000 
DR6=ffff0ff0 DR7=00000400
CCS=00000000 CCD=0000017f CCO=EFLAGS
EFER=0000000000000000
Servicing hardware INT=0x20
   373: v=20 e=0000 i=0 cpl=0 IP=0008:0010117e pc=0010117e SP=0010:d0000fa9 env->regs[R_EAX]=00000741
EAX=00000741 EBX=0000003d ECX=0000071d EDX=00000016
ESI=000b8000 EDI=00000700 EBP=d0000fb5 ESP=d0000fa9
EIP=0010117e EFL=00000206 [-----P-] CPL=0 II=0 A20=1 SMM=0 HLT=0
ES =0010 00000000 ffffffff 00cf9300 DPL=0 DS   [-WA]
CS =0008 00000000 ffffffff 00cf9a00 DPL=0 CS32 [-R-]
SS =0010 00000000 ffffffff 00cf9300 DPL=0 DS   [-WA]
DS =0010 00000000 ffffffff 00cf9300 DPL=0 DS   [-WA]
FS =0010 00000000 ffffffff 00cf9300 DPL=0 DS   [-WA]
GS =0010 00000000 ffffffff 00cf9300 DPL=0 DS   [-WA]
LDT=0000 00000000 0000ffff 00008200 DPL=0 LDT
TR =0000 00000000 0000ffff 00008b00 DPL=0 TSS32-busy
GDT=     00108008 00000017
IDT=     00108060 000007ff
CR0=80000011 CR2=00000000 CR3=00000000 CR4=00000000
DR0=00000000 DR1=00000000 DR2=00000000 DR3=00000000 
DR6=ffff0ff0 DR7=00000400
CCS=00000004 CCD=0000071d CCO=EFLAGS
EFER=0000000000000000
Servicing hardware INT=0x20
   374: v=20 e=0000 i=0 cpl=0 IP=0008:0010117e pc=0010117e SP=0010:d0001fb2 env->regs[R_EAX]=00000742
EAX=00000742 EBX=00000020 ECX=000006b0 EDX=00000015
ESI=000b8000 EDI=00000700 EBP=d0001fbe ESP=d0001fb2
EIP=0010117e EFL=00000202 [-------] CPL=0 II=0 A20=1 SMM=0 HLT=0
ES =0010 00000000 ffffffff 00cf9300 DPL=0 DS   [-WA]
CS =0008 00000000 ffffffff 00cf9a00 DPL=0 CS32 [-R-]
SS =0010 00000000 ffffffff 00cf9300 DPL=0 DS   [-WA]
DS =0010 00000000 ffffffff 00cf9300 DPL=0 DS   [-WA]
FS =0010 00000000 ffffffff 00cf9300 DPL=0 DS   [-WA]
GS =0010 00000000 ffffffff 00cf9300 DPL=0 DS   [-WA]
LDT=0000 00000000 0000ffff 00008200 DPL=0 LDT
TR =0000 00000000 0000ffff 00008b00 DPL=0 TSS32-busy
GDT=     00108008 00000017
IDT=     00108060 000007ff
CR0=80000011 CR2=00000000 CR3=00000000 CR4=00000000
DR0=00000000 DR1=00000000 DR2=00000000 DR3=00000000 
DR6=ffff0ff0 DR7=00000400
CCS=00000000 CCD=000006b0 CCO=EFLAGS
EFER=0000000000000000
Servicing hardware INT=0x20
   375: v=20 e=0000 i=0 cpl=0 IP=0008:0010117e pc=0010117e SP=0010:00107fa4 env->regs[R_EAX]=00000730
EAX=00000730 EBX=00000022 ECX=00000252 EDX=00000007
ESI=000b8000 EDI=00000700 EBP=00107fb0 ESP=00107fa4
EIP=0010117e EFL=00000202 [-------] CPL=0 II=0 A20=1 SMM=0 HLT=0
ES =0010 00000000 ffffffff 00cf9300 DPL=0 DS   [-WA]
CS =0008 00000000 ffffffff 00cf9a00 DPL=0 CS32 [-R-]
SS =0010 00000000 ffffffff 00cf9300 DPL=0 DS   [-WA]
DS =0010 00000000 ffffffff 00cf9300 DPL=0 DS   [-WA]
FS =0010 00000000 ffffffff 00cf9300 DPL=0 DS   [-WA]
GS =0010 00000000 ffffffff 00cf9300 DPL=0 DS   [-WA]
LDT=0000 00000000 0000ffff 00008200 DPL=0 LDT
TR =0000 00000000 0000ffff 00008b00 DPL=0 TSS32-busy
GDT=     00108008 00000017
IDT=     00108060 000007ff
CR0=80000011 CR2=00000000 CR3=00000000 CR4=00000000
DR0=00000000 DR1=00000000 DR2=00000000 DR3=00000000 
DR6=ffff0ff0 DR7=00000400
CCS=00000000 CCD=00000252 CCO=EFLAGS
EFER=0000000000000000
Servicing hardware INT=0x20
   376: v=20 e=0000 i=0 cpl=0 IP=0008:0010117e pc=0010117e SP=0010:d0000fa9 env->regs[R_EAX]=00000741
EAX=00000741 EBX=00000023 ECX=000006b3 EDX=00000015
ESI=000b8000 EDI=00000700 EBP=d0000fb5 ESP=d0000fa9
EIP=0010117e EFL=00000202 [-------] CPL=0 II=0 A20=1 SMM=0 HLT=0
ES =0010 00000000 ffffffff 00cf9300 DPL=0 DS   [-WA]
CS =0008 00000000 ffffffff 00cf9a00 DPL=0 CS32 [-R-]
SS =0010 00000000 ffffffff 00cf9300 DPL=0 DS   [-WA]
DS =0010 00000000 ffffffff 00cf9300 DPL=0 DS   [-WA]
FS =0010 00000000 ffffffff 00cf9300 DPL=0 DS   [-WA]
GS =0010 00000000 ffffffff 00cf9300 DPL=0 DS   [-WA]
LDT=0000 00000000 0000ffff 00008200 DPL=0 LDT
TR =0000 00000000 0000ffff 00008b00 DPL=0 TSS32-busy
GDT=     00108008 00000017
IDT=     00108060 000007ff
CR0=80000011 CR2=00000000 CR3=00000000 CR4=00000000
DR0=00000000 DR1=00000000 DR2=00000000 DR3=00000000 
DR6=ffff0ff0 DR7=00000400
CCS=00000000 CCD=000006b3 CCO=EFLAGS
EFER=0000000000000000
Servicing hardware INT=0x20
   377: v=20 e=0000 i=0 cpl=0 IP=0008:0010117e pc=0010117e SP=0010:d0001fb2 env->regs[R_EAX]=00000742
EAX=00000742 EBX=0000004b ECX=0000022b EDX=00000006
ESI=000b8000 EDI=00000700 EBP=d0001fbe ESP=d0001fb2
EIP=0010117e EFL=00000206 [-----P-] CPL=0 II=0 A20=1 SMM=0 HLT=0
ES =0010 00000000 ffffffff 00cf9300 DPL=0 DS   [-WA]
CS =0008 00000000 ffffffff 00cf9a00 DPL=0 CS32 [-R-]
SS =0010 00000000 ffffffff 00cf9300 DPL=0 DS   [-WA]
DS =0010 00000000 ffffffff 00cf9300 DPL=0 DS   [-WA]
FS =0010 00000000 ffffffff 00cf9300 DPL=0 DS   [-WA]
GS =0010 00000000 ffffffff 00cf9300 DPL=0 DS   [-WA]
LDT=0000 00000000 0000ffff 00008200 DPL=0 LDT
TR =0000 00000000 0000ffff 00008b00 DPL=0 TSS32-busy
GDT=     00108008 00000017
IDT=     00108060 000007ff
CR0=80000011 CR2=00000000 CR3=00000000 CR4=00000000
DR0=00000000 DR1=00000000 DR2=00000000 DR3=00000000 
DR6=ffff0ff0 DR7=00000400
CCS=00000004 CCD=0000022b CCO=EFLAGS
EFER=0000000000000000
Servicing hardware INT=0x20
   378: v=20 e=0000 i=0 cpl=0 IP=0008:0010117e pc=0010117e SP=0010:00107fa4 env->regs[R_EAX]=00000730
EAX=00000730 EBX=00000027 ECX=00000117 EDX=00000003
ESI=000b8000 EDI=00000700 EBP=00107fb0 ESP=00107fa4
EIP=0010117e EFL=00000206 [-----P-] CPL=0 II=0 A20=1 SMM=0 HLT=0
ES =0010 00000000 ffffffff 00cf9300 DPL=0 DS   [-WA]
CS =0008 00000000 ffffffff 00cf9a00 DPL=0 CS32 [-R-]
SS =0010 00000000 ffffffff 00cf9300 DPL=0 DS   [-WA]
DS =0010 00000000 ffffffff 00cf9300 DPL=0 DS   [-WA]
FS =0010 00000000 ffffffff 00cf9300 DPL=0 DS   [-WA]
GS =0010 00000000 ffffffff 00cf9300 DPL=0 DS   [-WA]
LDT=0000 00000000 0000ffff 00008200 DPL=0 LDT
TR =0000 00000000 0000ffff 00008b00 DPL=0 TSS32-busy
GDT=     00108008 00000017
IDT=     00108060 000007ff
CR0=80000011 CR2=00000000 CR3=00000000 CR4=00000000
DR0=00000000 DR1=00000000 DR2=00000000 DR3=00000000 
DR6=ffff0ff0 DR7=00000400
CCS=00000004 CCD=00000117 CCO=EFLAGS
EFER=0000000000000000
Servicing hardware INT=0x20
   379: v=20 e=0000 i=0 cpl=0 IP=0008:0010117e pc=0010117e SP=0010:d0000fa9 env->regs[R_EAX]=00000741
EAX=00000741 EBX=0000002d ECX=000005cd EDX=00000012
ESI=000b8000 EDI=00000700 EBP=d0000fb5 ESP=d0000fa9
EIP=0010117e EFL=00000202 [-------] CPL=0 II=0 A20=1 SMM=0 HLT=0
ES =0010 00000000 ffffffff 00cf9300 DPL=0 DS   [-WA]
CS =0008 00000000 ffffffff 00cf9a00 DPL=0 CS32 [-R-]
SS =0010 00000000 ffffffff 00cf9300 DPL=0 DS   [-WA]
DS =0010 00000000 ffffffff 00cf9300 DPL=0 DS   [-WA]
FS =0010 00000000 ffffffff 00cf9300 DPL=0 DS   [-WA]
GS =0010 00000000 ffffffff 00cf9300 DPL=0 DS   [-WA]
LDT=0000 00000000 0000ffff 00008200 DPL=0 LDT
TR =0000 00000000 0000ffff 00008b00 DPL=0 TSS32-busy
GDT=     00108008 00000017
IDT=     00108060 000007ff
CR0=80000011 CR2=00000000 CR3=00000000 CR4=00000000
DR0=00000000 DR1=00000000 DR2=00000000 DR3=00000000 
DR6=ffff0ff0 DR7=00000400
CCS=00000000 CCD=000005cd CCO=EFLAGS
EFER=0000000000000000
Servicing hardware INT=0x20
   380: v=20 e=0000 i=0 cpl=0 IP=0008:0010117e pc=0010117e SP=0010:d0001fb2 env->regs[R_EAX]=00000742
EAX=00000742 EBX=00000021 ECX=00000341 EDX=0000000a
ESI=000b8000 EDI=00000700 EBP=d0001fbe ESP=d0001fb2
EIP=0010117e EFL=00000206 [-----P-] CPL=0 II=0 A20=1 SMM=0 HLT=0
ES =0010 00000000 ffffffff 00cf9300 DPL=0 DS   [-WA]
CS =0008 00000000 ffffffff 00cf9a00 DPL=0 CS32 [-R-]
SS =0010 00000000 ffffffff 00cf9300 DPL=0 DS   [-WA]
DS =0010 00000000 ffffffff 00cf9300 DPL=0 DS   [-WA]
FS =0010 00000000 ffffffff 00cf9300 DPL=0 DS   [-WA]
GS =0010 00000000 ffffffff 00cf9300 DPL=0 DS   [-WA]
LDT=0000 00000000 0000ffff 00008200 DPL=0 LDT
TR =0000 00000000 0000ffff 00008b00 DPL=0 TSS32-busy
GDT=     00108008 00000017
IDT=     00108060 000007ff
CR0=80000011 CR2=00000000 CR3=00000000 CR4=00000000
DR0=00000000 DR1=00000000 DR2=00000000 DR3=00000000 
DR6=ffff0ff0 DR7=00000400
CCS=00000004 CCD=00000341 CCO=EFLAGS
EFER=0000000000000000
Servicing hardware INT=0x20
   381: v=20 e=0000 i=0 cpl=0 IP=0008:0010117e pc=0010117e SP=0010:00107fa4 env->regs[R_EAX]=00000730
EAX=00000730 EBX=00000012 ECX=00000152 EDX=00000004
ESI=000b8000 EDI=00000700 EBP=00107fb0 ESP=00107fa4
EIP=0010117e EFL=00000202 [-------] CPL=0 II=0 A20=1 SMM=0 HLT=0
ES =0010 00000000 ffffffff 00cf9300 DPL=0 DS   [-WA]
CS =0008 00000000 ffffffff 00cf9a00 DPL=0 CS32 [-R-]
SS =0010 00000000 ffffffff 00cf9300 DPL=0 DS   [-WA]
DS =0010 00000000 ffffffff 00cf9300 DPL=0 DS   [-WA]
FS =0010 00000000 ffffffff 00cf9300 DPL=0 DS   [-WA]
GS =0010 00000000 ffffffff 00cf9300 DPL=0 DS   [-WA]
LDT=0000 00000000 0000ffff 00008200 DPL=0 LDT
TR =0000 00000000 0000ffff 00008b00 DPL=0 TSS32-busy
GDT=     00108008 00000017
IDT=     00108060 000007ff
CR0=80000011 CR2=00000000 CR3=00000000 CR4=00000000
DR0=00000000 DR1=00000000 DR2=00000000 DR3=00000000 
DR6=ffff0ff0 DR7=00000400
CCS=00000000 CCD=00000152 CCO=EFLAGS
EFER=0000000000000000
Servicing hardware INT=0x20
   382: v=20 e=0000 i=0 cpl=0 IP=0008:0010117e pc=0010117e SP=0010:d0000fa9 env->regs[R_EAX]=00000741
EAX=00000741 EBX=00000019 ECX=000002e9 EDX=00000009
ESI=000b8000 EDI=00000700 EBP=d0000fb5 ESP=d0000fa9
EIP=0010117e EFL=00000202 [-------] CPL=0 II=0 A20=1 SMM=0 HLT=0
ES =0010 00000000 ffffffff 00cf9300 DPL=0 DS   [-WA]
CS =0008 00000000 ffffffff 00cf9a00 DPL=0 CS32 [-R-]
SS =0010 00000000 ffffffff 00cf9300 DPL=0 DS   [-WA]
DS =0010 00000000 ffffffff 00cf9300 DPL=0 DS   [-WA]
FS =0010 00000000 ffffffff 00cf9300 DPL=0 DS   [-WA]
GS =0010 00000000 ffffffff 00cf9300 DPL=0 DS   [-WA]
LDT=0000 00000000 0000ffff 00008200 DPL=0 LDT
TR =0000 00000000 0000ffff 00008b00 DPL=0 TSS32-busy
GDT=     00108008 00000017
IDT=     00108060 000007ff
CR0=80000011 CR2=00000000 CR3=00000000 CR4=00000000
DR0=00000000 DR1=00000000 DR2=00000000 DR3=00000000 
DR6=ffff0ff0 DR7=00000400
CCS=00000000 CCD=000002e9 CCO=EFLAGS
EFER=0000000000000000
Servicing hardware INT=0x20
   383: v=20 e=0000 i=0 cpl=0 IP=0008:0010117e pc=0010117e SP=0010:d0001fb2 env->regs[R_EAX]=00000742
EAX=00000742 EBX=00000049 ECX=00000099 EDX=00000001
ESI=000b8000 EDI=00000700 EBP=d0001fbe ESP=d0001fb2
EIP=0010117e EFL=00000206 [-----P-] CPL=0 II=0 A20=1 SMM=0 HLT=0
ES =0010 00000000 ffffffff 00cf9300 DPL=0 DS   [-WA]
CS =0008 00000000 ffffffff 00cf9a00 DPL=0 CS32 [-R-]
SS =0010 00000000 ffffffff 00cf9300 DPL=0 DS   [-WA]
DS =0010 00000000 ffffffff 00cf9300 DPL=0 DS   [-WA]
FS =0010 00000000 ffffffff 00cf9300 DPL=0 DS   [-WA]
GS =0010 00000000 ffffffff 00cf9300 DPL=0 DS   [-WA]
LDT=0000 00000000 0000ffff 00008200 DPL=0 LDT
TR =0000 00000000 0000ffff 00008b00 DPL=0 TSS32-busy
GDT=     00108008 00000017
IDT=     00108060 000007ff
CR0=80000011 CR2=00000000 CR3=00000000 CR4=00000000
DR0=00000000 DR1=00000000 DR2=00000000 DR3=00000000 
DR6=ffff0ff0 DR7=00000400
CCS=00000004 CCD=00000099 CCO=EFLAGS
EFER=0000000000000000
Servicing hardware INT=0x20
   384: v=20 e=0000 i=0 cpl=0 IP=0008:0010117e pc=0010117e SP=0010:00107fa4 env->regs[R_EAX]=00000730
EAX=00000730 EBX=00000010 ECX=00000510 EDX=00000010
ESI=000b8000 EDI=00000700 EBP=00107fb0 ESP=00107fa4
EIP=0010117e EFL=00000202 [-------] CPL=0 II=0 A20=1 SMM=0 HLT=0
ES =0010 00000000 ffffffff 00cf9300 DPL=0 DS   [-WA]
CS =0008 00000000 ffffffff 00cf9a00 DPL=0 CS32 [-R-]
SS =0010 00000000 ffffffff 00cf9300 DPL=0 DS   [-WA]
DS =0010 00000000 ffffffff 00cf9300 DPL=0 DS   [-WA]
FS =0010 00000000 ffffffff 00cf9300 DPL=0 DS   [-WA]
GS =0010 00000000 ffffffff 00cf9300 DPL=0 DS   [-WA]
LDT=0000 00000000 0000ffff 00008200 DPL=0 LDT
TR =0000 00000000 0000ffff 00008b00 DPL=0 TSS32-busy
GDT=     00108008 00000017
IDT=     00108060 000007ff
CR0=80000011 CR2=00000000 CR3=00000000 CR4=00000000
DR0=00000000 DR1=00000000 DR2=00000000 DR3=00000000 
DR6=ffff0ff0 DR7=00000400
CCS=00000000 CCD=00000510 CCO=EFLAGS
EFER=0000000000000000
Servicing hardware INT=0x20
   385: v=20 e=0000 i=0 cpl=0 IP=0008:0010117e pc=0010117e SP=0010:d0000fa9 env->regs[R_EAX]=00000741
EAX=00000741 EBX=00000005 ECX=00000005 EDX=00000000
ESI=000b8000 EDI=00000700 EBP=d0000fb5 ESP=d0000fa9
EIP=0010117e EFL=00000206 [-----P-] CPL=0 II=0 A20=1 SMM=0 HLT=0
ES =0010 00000000 ffffffff 00cf9300 DPL=0 DS   [-WA]
CS =0008 00000000 ffffffff 00cf9a00 DPL=0 CS32 [-R-]
SS =0010 00000000 ffffffff 00cf9300 DPL=0 DS   [-WA]
DS =0010 00000000 ffffffff 00cf9300 DPL=0 DS   [-WA]
FS =0010 00000000 ffffffff 00cf9300 DPL=0 DS   [-WA]
GS =0010 00000000 ffffffff 00cf9300 DPL=0 DS   [-WA]
LDT=0000 00000000 0000ffff 00008200 DPL=0 LDT
TR =0000 00000000 0000ffff 00008b00 DPL=0 TSS32-busy
GDT=     00108008 00000017
IDT=     00108060 000007ff
CR0=80000011 CR2=00000000 CR3=00000000 CR4=00000000
DR0=00000000 DR1=00000000 DR2=00000000 DR3=00000000 
DR6=ffff0ff0 DR7=00000400
CCS=00000004 CCD=00000005 CCO=EFLAGS
EFER=0000000000000000
Servicing hardware INT=0x20
   386: v=20 e=0000 i=0 cpl=0 IP=0008:0010117e pc=0010117e SP=0010:d0001fb2 env->regs[R_EAX]=00000742
EAX=00000742 EBX=0000000c ECX=000004bc EDX=0000000f
ESI=000b8000 EDI=00000700 EBP=d0001fbe ESP=d0001fb2
EIP=0010117e EFL=00000202 [-------] CPL=0 II=0 A20=1 SMM=0 HLT=0
ES =0010 00000000 ffffffff 00cf9300 DPL=0 DS   [-WA]
CS =0008 00000000 ffffffff 00cf9a00 DPL=0 CS32 [-R-]
SS =0010 00000000 ffffffff 00cf9300 DPL=0 DS   [-WA]
DS =0010 00000000 ffffffff 00cf9300 DPL=0 DS   [-WA]
FS =0010 00000000 ffffffff 00cf9300 DPL=0 DS   [-WA]
GS =0010 00000000 ffffffff 00cf9300 DPL=0 DS   [-WA]
LDT=0000 00000000 0000ffff 00008200 DPL=0 LDT
TR =0000 00000000 0000ffff 00008b00 DPL=0 TSS32-busy
GDT=     00108008 00000017
IDT=     00108060 000007ff
CR0=80000011 CR2=00000000 CR3=00000000 CR4=00000000
DR0=00000000 DR1=00000000 DR2=00000000 DR3=00000000 
DR6=ffff0ff0 DR7=00000400
CCS=00000000 CCD=000004bc CCO=EFLAGS
EFER=0000000000000000
Servicing hardware INT=0x20
   387: v=20 e=0000 i=0 cpl=0 IP=0008:0010117e pc=0010117e SP=0010:00107fa4 env->regs[R_EAX]=00000730
EAX=00000730 EBX=00000023 ECX=00000753 EDX=00000017
ESI=000b8000 EDI=00000700 EBP=00107fb0 ESP=00107fa4
EIP=0010117e EFL=00000206 [-----P-] CPL=0 II=0 A20=1 SMM=0 HLT=0
ES =0010 00000000 ffffffff 00cf9300 DPL=0 DS   [-WA]
CS =0008 00000000 ffffffff 00cf9a00 DPL=0 CS32 [-R-]
SS =0010 00000000 ffffffff 00cf9300 DPL=0 DS   [-WA]
DS =0010 00000000 ffffffff 00cf9300 DPL=0 DS   [-WA]
FS =0010 00000000 ffffffff 00cf9300 DPL=0 DS   [-WA]
GS =0010 00000000 ffffffff 00cf9300 DPL=0 DS   [-WA]
LDT=0000 00000000 0000ffff 00008200 DPL=0 LDT
TR =0000 00000000 0000ffff 00008b00 DPL=0 TSS32-busy
GDT=     00108008 00000017
IDT=     00108060 000007ff
CR0=80000011 CR2=00000000 CR3=00000000 CR4=00000000
DR0=00000000 DR1=00000000 DR2=00000000 DR3=00000000 
DR6=ffff0ff0 DR7=00000400
CCS=00000004 CCD=00000753 CCO=EFLAGS
EFER=0000000000000000
Servicing hardware INT=0x20
   388: v=20 e=0000 i=0 cpl=0 IP=0008:0010117e pc=0010117e SP=0010:d0000fa9 env->regs[R_EAX]=00000741
EAX=00000741 EBX=00000021 ECX=00000751 EDX=00000017
ESI=000b8000 EDI=00000700 EBP=d0000fb5 ESP=d0000fa9
EIP=0010117e EFL=00000202 [-------] CPL=0 II=0 A20=1 SMM=0 HLT=0
ES =0010 00000000 ffffffff 00cf9300 DPL=0 DS   [-WA]
CS =0008 00000000 ffffffff 00cf9a00 DPL=0 CS32 [-R-]
SS =0010 00000000 ffffffff 00cf9300 DPL=0 DS   [-WA]
DS =0010 00000000 ffffffff 00cf9300 DPL=0 DS   [-WA]
FS =0010 00000000 ffffffff 00cf9300 DPL=0 DS   [-WA]
GS =0010 00000000 ffffffff 00cf9300 DPL=0 DS   [-WA]
LDT=0000 00000000 0000ffff 00008200 DPL=0 LDT
TR =0000 00000000 0000ffff 00008b00 DPL=0 TSS32-busy
GDT=     00108008 00000017
IDT=     00108060 000007ff
CR0=80000011 CR2=00000000 CR3=00000000 CR4=00000000
DR0=00000000 DR1=00000000 DR2=00000000 DR3=00000000 
DR6=ffff0ff0 DR7=00000400
CCS=00000000 CCD=00000751 CCO=EFLAGS
EFER=0000000000000000
Servicing hardware INT=0x20
   389: v=20 e=0000 i=0 cpl=0 IP=0008:0010117e pc=0010117e SP=0010:d0001fb2 env->regs[R_EAX]=00000742
EAX=00000742 EBX=0000002c ECX=0000052c EDX=00000010
ESI=000b8000 EDI=00000700 EBP=d0001fbe ESP=d0001fb2
EIP=0010117e EFL=00000202 [-------] CPL=0 II=0 A20=1 SMM=0 HLT=0
ES =0010 00000000 ffffffff 00cf9300 DPL=0 DS   [-WA]
CS =0008 00000000 ffffffff 00cf9a00 DPL=0 CS32 [-R-]
SS =0010 00000000 ffffffff 00cf9300 DPL=0 DS   [-WA]
DS =0010 00000000 ffffffff 00cf9300 DPL=0 DS   [-WA]
FS =0010 00000000 ffffffff 00cf9300 DPL=0 DS   [-WA]
GS =0010 00000000 ffffffff 00cf9300 DPL=0 DS   [-WA]
LDT=0000 00000000 0000ffff 00008200 DPL=0 LDT
TR =0000 00000000 0000ffff 00008b00 DPL=0 TSS32-busy
GDT=     00108008 00000017
IDT=     00108060 000007ff
CR0=80000011 CR2=00000000 CR3=00000000 CR4=00000000
DR0=00000000 DR1=00000000 DR2=00000000 DR3=00000000 
DR6=ffff0ff0 DR7=00000400
CCS=00000000 CCD=0000052c CCO=EFLAGS
EFER=0000000000000000
Servicing hardware INT=0x20
   390: v=20 e=0000 i=0 cpl=0 IP=0008:0010117e pc=0010117e SP=0010:00107fa4 env->regs[R_EAX]=00000730
EAX=00000730 EBX=0000004c ECX=000005ec EDX=00000012
ESI=000b8000 EDI=00000700 EBP=00107fb0 ESP=00107fa4
EIP=0010117e EFL=00000202 [-------] CPL=0 II=0 A20=1 SMM=0 HLT=0
ES =0010 00000000 ffffffff 00cf9300 DPL=0 DS   [-WA]
CS =0008 00000000 ffffffff 00cf9a00 DPL=0 CS32 [-R-]
SS =0010 00000000 ffffffff 00cf9300 DPL=0 DS   [-WA]
DS =0010 00000000 ffffffff 00cf9300 DPL=0 DS   [-WA]
FS =0010 00000000 ffffffff 00cf9300 DPL=0 DS   [-WA]
GS =0010 00000000 ffffffff 00cf9300 DPL=0 DS   [-WA]
LDT=0000 00000000 0000ffff 00008200 DPL=0 LDT
TR =0000 00000000 0000ffff 00008b00 DPL=0 TSS32-busy
GDT=     00108008 00000017
IDT=     00108060 000007ff
CR0=80000011 CR2=00000000 CR3=00000000 CR4=00000000
DR0=00000000 DR1=00000000 DR2=00000000 DR3=00000000 
DR6=ffff0ff0 DR7=00000400
CCS=00000000 CCD=000005ec CCO=EFLAGS
EFER=0000000000000000
Servicing hardware INT=0x20
   391: v=20 e=0000 i=0 cpl=0 IP=0008:0010117e pc=0010117e SP=0010:d0000fa9 env->regs[R_EAX]=00000741
EAX=00000741 EBX=00000041 ECX=00000091 EDX=00000001
ESI=000b8000 EDI=00000700 EBP=d0000fb5 ESP=d0000fa9
EIP=0010117e EFL=00000202 [-------] CPL=0 II=0 A20=1 SMM=0 HLT=0
ES =0010 00000000 ffffffff 00cf9300 DPL=0 DS   [-WA]
CS =0008 00000000 ffffffff 00cf9a00 DPL=0 CS32 [-R-]
SS =0010 00000000 ffffffff 00cf9300 DPL=0 DS   [-WA]
DS =0010 00000000 ffffffff 00cf9300 DPL=0 DS   [-WA]
FS =0010 00000000 ffffffff 00cf9300 DPL=0 DS   [-WA]
GS =0010 00000000 ffffffff 00cf9300 DPL=0 DS   [-WA]
LDT=0000 00000000 0000ffff 00008200 DPL=0 LDT
TR =0000 00000000 0000ffff 00008b00 DPL=0 TSS32-busy
GDT=     00108008 00000017
IDT=     00108060 000007ff
CR0=80000011 CR2=00000000 CR3=00000000 CR4=00000000
DR0=00000000 DR1=00000000 DR2=00000000 DR3=00000000 
DR6=ffff0ff0 DR7=00000400
CCS=00000000 CCD=00000091 CCO=EFLAGS
EFER=0000000000000000
Servicing hardware INT=0x20
   392: v=20 e=0000 i=0 cpl=0 IP=0008:0010117e pc=0010117e SP=0010:d0001fb2 env->regs[R_EAX]=00000742
EAX=00000742 EBX=0000004b ECX=0000018b EDX=00000004
ESI=000b8000 EDI=00000700 EBP=d0001fbe ESP=d0001fb2
EIP=0010117e EFL=00000206 [-----P-] CPL=0 II=0 A20=1 SMM=0 HLT=0
ES =0010 00000000 ffffffff 00cf9300 DPL=0 DS   [-WA]
CS =0008 00000000 ffffffff 00cf9a00 DPL=0 CS32 [-R-]
SS =0010 00000000 ffffffff 00cf9300 DPL=0 DS   [-WA]
DS =0010 00000000 ffffffff 00cf9300 DPL=0 DS   [-WA]
FS =0010 00000000 ffffffff 00cf9300 DPL=0 DS   [-WA]
GS =0010 00000000 ffffffff 00cf9300 DPL=0 DS   [-WA]
LDT=0000 00000000 0000ffff 00008200 DPL=0 LDT
TR =0000 00000000 0000ffff 00008b00 DPL=0 TSS32-busy
GDT=     00108008 00000017
IDT=     00108060 000007ff
CR0=80000011 CR2=00000000 CR3=00000000 CR4=00000000
DR0=00000000 DR1=00000000 DR2=00000000 DR3=00000000 
DR6=ffff0ff0 DR7=00000400
CCS=00000004 CCD=0000018b CCO=EFLAGS
EFER=0000000000000000
Servicing hardware INT=0x20
   393: v=20 e=0000 i=0 cpl=0 IP=0008:0010117e pc=0010117e SP=0010:00107fa4 env->regs[R_EAX]=00000730
EAX=00000730 EBX=00000014 ECX=000006f4 EDX=00000016
ESI=000b8000 EDI=00000700 EBP=00107fb0 ESP=00107fa4
EIP=0010117e EFL=00000202 [-------] CPL=0 II=0 A20=1 SMM=0 HLT=0
ES =0010 00000000 ffffffff 00cf9300 DPL=0 DS   [-WA]
CS =0008 00000000 ffffffff 00cf9a00 DPL=0 CS32 [-R-]
SS =0010 00000000 ffffffff 00cf9300 DPL=0 DS   [-WA]
DS =0010 00000000 ffffffff 00cf9300 DPL=0 DS   [-WA]
FS =0010 00000000 ffffffff 00cf9300 DPL=0 DS   [-WA]
GS =0010 00000000 ffffffff 00cf9300 DPL=0 DS   [-WA]
LDT=0000 00000000 0000ffff 00008200 DPL=0 LDT
TR =0000 00000000 0000ffff 00008b00 DPL=0 TSS32-busy
GDT=     00108008 00000017
IDT=     00108060 000007ff
CR0=80000011 CR2=00000000 CR3=00000000 CR4=00000000
DR0=00000000 DR1=00000000 DR2=00000000 DR3=00000000 
DR6=ffff0ff0 DR7=00000400
CCS=00000000 CCD=000006f4 CCO=EFLAGS
EFER=0000000000000000
Servicing hardware INT=0x20
   394: v=20 e=0000 i=0 cpl=0 IP=0008:0010117e pc=0010117e SP=0010:d0000fa9 env->regs[R_EAX]=00000741
EAX=00000741 EBX=0000000b ECX=0000069b EDX=00000015
ESI=000b8000 EDI=00000700 EBP=d0000fb5 ESP=d0000fa9
EIP=0010117e EFL=00000202 [-------] CPL=0 II=0 A20=1 SMM=0 HLT=0
ES =0010 00000000 ffffffff 00cf9300 DPL=0 DS   [-WA]
CS =0008 00000000 ffffffff 00cf9a00 DPL=0 CS32 [-R-]
SS =0010 00000000 ffffffff 00cf9300 DPL=0 DS   [-WA]
DS =0010 00000000 ffffffff 00cf9300 DPL=0 DS   [-WA]
FS =0010 00000000 ffffffff 00cf9300 DPL=0 DS   [-WA]
GS =0010 00000000 ffffffff 00cf9300 DPL=0 DS   [-WA]
LDT=0000 00000000 0000ffff 00008200 DPL=0 LDT
TR =0000 00000000 0000ffff 00008b00 DPL=0 TSS32-busy
GDT=     00108008 00000017
IDT=     00108060 000007ff
CR0=80000011 CR2=00000000 CR3=00000000 CR4=00000000
DR0=00000000 DR1=00000000 DR2=00000000 DR3=00000000 
DR6=ffff0ff0 DR7=00000400
CCS=00000000 CCD=0000069b CCO=EFLAGS
EFER=0000000000000000
Servicing hardware INT=0x20
   395: v=20 e=0000 i=0 cpl=0 IP=0008:0010117e pc=0010117e SP=0010:d0001fb2 env->regs[R_EAX]=00000742
EAX=00000742 EBX=00000040 ECX=00000040 EDX=00000000
ESI=000b8000 EDI=00000700 EBP=d0001fbe ESP=d0001fb2
EIP=0010117e EFL=00000202 [-------] CPL=0 II=0 A20=1 SMM=0 HLT=0
ES =0010 00000000 ffffffff 00cf9300 DPL=0 DS   [-WA]
CS =0008 00000000 ffffffff 00cf9a00 DPL=0 CS32 [-R-]
SS =0010 00000000 ffffffff 00cf9300 DPL=0 DS   [-WA]
DS =0010 00000000 ffffffff 00cf9300 DPL=0 DS   [-WA]
FS =0010 00000000 ffffffff 00cf9300 DPL=0 DS   [-WA]
GS =0010 00000000 ffffffff 00cf9300 DPL=0 DS   [-WA]
LDT=0000 00000000 0000ffff 00008200 DPL=0 LDT
TR =0000 00000000 0000ffff 00008b00 DPL=0 TSS32-busy
GDT=     00108008 00000017
IDT=     00108060 000007ff
CR0=80000011 CR2=00000000 CR3=00000000 CR4=00000000
DR0=00000000 DR1=00000000 DR2=00000000 DR3=00000000 
DR6=ffff0ff0 DR7=00000400
CCS=00000000 CCD=00000040 CCO=EFLAGS
EFER=0000000000000000
Servicing hardware INT=0x20
   396: v=20 e=0000 i=0 cpl=0 IP=0008:0010117e pc=0010117e SP=0010:00107fa4 env->regs[R_EAX]=00000730
EAX=00000730 EBX=0000001d ECX=0000074d EDX=00000017
ESI=000b8000 EDI=00000700 EBP=00107fb0 ESP=00107fa4
EIP=0010117e EFL=00000206 [-----P-] CPL=0 II=0 A20=1 SMM=0 HLT=0
ES =0010 00000000 ffffffff 00cf9300 DPL=0 DS   [-WA]
CS =0008 00000000 ffffffff 00cf9a00 DPL=0 CS32 [-R-]
SS =0010 00000000 ffffffff 00cf9300 DPL=0 DS   [-WA]
DS =0010 00000000 ffffffff 00cf9300 DPL=0 DS   [-WA]
FS =0010 00000000 ffffffff 00cf9300 DPL=0 DS   [-WA]
GS =0010 00000000 ffffffff 00cf9300 DPL=0 DS   [-WA]
LDT=0000 00000000 0000ffff 00008200 DPL=0 LDT
TR =0000 00000000 0000ffff 00008b00 DPL=0 TSS32-busy
GDT=     00108008 00000017
IDT=     00108060 000007ff
CR0=80000011 CR2=00000000 CR3=00000000 CR4=00000000
DR0=00000000 DR1=00000000 DR2=00000000 DR3=00000000 
DR6=ffff0ff0 DR7=00000400
CCS=00000004 CCD=0000074d CCO=EFLAGS
EFER=0000000000000000
Servicing hardware INT=0x20
   397: v=20 e=0000 i=0 cpl=0 IP=0008:0010117e pc=0010117e SP=0010:d0000fa9 env->regs[R_EAX]=00000741
EAX=00000741 EBX=00000008 ECX=00000328 EDX=0000000a
ESI=000b8000 EDI=00000700 EBP=d0000fb5 ESP=d0000fa9
EIP=0010117e EFL=00000206 [-----P-] CPL=0 II=0 A20=1 SMM=0 HLT=0
ES =0010 00000000 ffffffff 00cf9300 DPL=0 DS   [-WA]
CS =0008 00000000 ffffffff 00cf9a00 DPL=0 CS32 [-R-]
SS =0010 00000000 ffffffff 00cf9300 DPL=0 DS   [-WA]
DS =0010 00000000 ffffffff 00cf9300 DPL=0 DS   [-WA]
FS =0010 00000000 ffffffff 00cf9300 DPL=0 DS   [-WA]
GS =0010 00000000 ffffffff 00cf9300 DPL=0 DS   [-WA]
LDT=0000 00000000 0000ffff 00008200 DPL=0 LDT
TR =0000 00000000 0000ffff 00008b00 DPL=0 TSS32-busy
GDT=     00108008 00000017
IDT=     00108060 000007ff
CR0=80000011 CR2=00000000 CR3=00000000 CR4=00000000
DR0=00000000 DR1=00000000 DR2=00000000 DR3=00000000 
DR6=ffff0ff0 DR7=00000400
CCS=00000004 CCD=00000328 CCO=EFLAGS
EFER=0000000000000000
Servicing hardware INT=0x20
   398: v=20 e=0000 i=0 cpl=0 IP=0008:0010117e pc=0010117e SP=0010:d0001fb2 env->regs[R_EAX]=00000742
EAX=00000742 EBX=00000005 ECX=00000785 EDX=00000018
ESI=000b8000 EDI=00000700 EBP=d0001fbe ESP=d0001fb2
EIP=0010117e EFL=00000202 [-------] CPL=0 II=0 A20=1 SMM=0 HLT=0
ES =0010 00000000 ffffffff 00cf9300 DPL=0 DS   [-WA]
CS =0008 00000000 ffffffff 00cf9a00 DPL=0 CS32 [-R-]
SS =0010 00000000 ffffffff 00cf9300 DPL=0 DS   [-WA]
DS =0010 00000000 ffffffff 00cf9300 DPL=0 DS   [-WA]
FS =0010 00000000 ffffffff 00cf9300 DPL=0 DS   [-WA]
GS =0010 00000000 ffffffff 00cf9300 DPL=0 DS   [-WA]
LDT=0000 00000000 0000ffff 00008200 DPL=0 LDT
TR =0000 00000000 0000ffff 00008b00 DPL=0 TSS32-busy
GDT=     00108008 00000017
IDT=     00108060 000007ff
CR0=80000011 CR2=00000000 CR3=00000000 CR4=00000000
DR0=00000000 DR1=00000000 DR2=00000000 DR3=00000000 
DR6=ffff0ff0 DR7=00000400
CCS=00000000 CCD=00000785 CCO=EFLAGS
EFER=0000000000000000
Servicing hardware INT=0x20
   399: v=20 e=0000 i=0 cpl=0 IP=0008:0010117e pc=0010117e SP=0010:00107fa4 env->regs[R_EAX]=00000730
EAX=00000730 EBX=0000001e ECX=0000038e EDX=0000000b
ESI=000b8000 EDI=00000700 EBP=00107fb0 ESP=00107fa4
EIP=0010117e EFL=00000206 [-----P-] CPL=0 II=0 A20=1 SMM=0 HLT=0
ES =0010 00000000 ffffffff 00cf9300 DPL=0 DS   [-WA]
CS =0008 00000000 ffffffff 00cf9a00 DPL=0 CS32 [-R-]
SS =0010 00000000 ffffffff 00cf9300 DPL=0 DS   [-WA]
DS =0010 00000000 ffffffff 00cf9300 DPL=0 DS   [-WA]
FS =0010 00000000 ffffffff 00cf9300 DPL=0 DS   [-WA]
GS =0010 00000000 ffffffff 00cf9300 DPL=0 DS   [-WA]
LDT=0000 00000000 0000ffff 00008200 DPL=0 LDT
TR =0000 00000000 0000ffff 00008b00 DPL=0 TSS32-busy
GDT=     00108008 00000017
IDT=     00108060 000007ff
CR0=80000011 CR2=00000000 CR3=00000000 CR4=00000000
DR0=00000000 DR1=00000000 DR2=00000000 DR3=00000000 
DR6=ffff0ff0 DR7=00000400
CCS=00000004 CCD=0000038e CCO=EFLAGS
EFER=0000000000000000
Servicing hardware INT=0x20
   400: v=20 e=0000 i=0 cpl=0 IP=0008:0010117e pc=0010117e SP=0010:d0000fa9 env->regs[R_EAX]=00000741
EAX=00000741 EBX=00000013 ECX=00000013 EDX=00000000
ESI=000b8000 EDI=00000700 EBP=d0000fb5 ESP=d0000fa9
EIP=0010117e EFL=00000202 [-------] CPL=0 II=0 A20=1 SMM=0 HLT=0
ES =0010 00000000 ffffffff 00cf9300 DPL=0 DS   [-WA]
CS =0008 00000000 ffffffff 00cf9a00 DPL=0 CS32 [-R-]
SS =0010 00000000 ffffffff 00cf9300 DPL=0 DS   [-WA]
DS =0010 00000000 ffffffff 00cf9300 DPL=0 DS   [-WA]
FS =0010 00000000 ffffffff 00cf9300 DPL=0 DS   [-WA]
GS =0010 00000000 ffffffff 00cf9300 DPL=0 DS   [-WA]
LDT=0000 00000000 0000ffff 00008200 DPL=0 LDT
TR =0000 00000000 0000ffff 00008b00 DPL=0 TSS32-busy
GDT=     00108008 00000017
IDT=     00108060 000007ff
CR0=80000011 CR2=00000000 CR3=00000000 CR4=00000000
DR0=00000000 DR1=00000000 DR2=00000000 DR3=00000000 
DR6=ffff0ff0 DR7=00000400
CCS=00000000 CCD=00000013 CCO=EFLAGS
EFER=0000000000000000
Servicing hardware INT=0x20
   401: v=20 e=0000 i=0 cpl=0 IP=0008:0010117e pc=0010117e SP=0010:d0001fb2 env->regs[R_EAX]=00000742
EAX=00000742 EBX=00000043 ECX=000007c3 EDX=00000018
ESI=000b8000 EDI=00000700 EBP=d0001fbe ESP=d0001fb2
EIP=0010117e EFL=00000206 [-----P-] CPL=0 II=0 A20=1 SMM=0 HLT=0
ES =0010 00000000 ffffffff 00cf9300 DPL=0 DS   [-WA]
CS =0008 00000000 ffffffff 00cf9a00 DPL=0 CS32 [-R-]
SS =0010 00000000 ffffffff 00cf9300 DPL=0 DS   [-WA]
DS =0010 00000000 ffffffff 00cf9300 DPL=0 DS   [-WA]
FS =0010 00000000 ffffffff 00cf9300 DPL=0 DS   [-WA]
GS =0010 00000000 ffffffff 00cf9300 DPL=0 DS   [-WA]
LDT=0000 00000000 0000ffff 00008200 DPL=0 LDT
TR =0000 00000000 0000ffff 00008b00 DPL=0 TSS32-busy
GDT=     00108008 00000017
IDT=     00108060 000007ff
CR0=80000011 CR2=00000000 CR3=00000000 CR4=00000000
DR0=00000000 DR1=00000000 DR2=00000000 DR3=00000000 
DR6=ffff0ff0 DR7=00000400
CCS=00000004 CCD=000007c3 CCO=EFLAGS
EFER=0000000000000000
Servicing hardware INT=0x20
   402: v=20 e=0000 i=0 cpl=0 IP=0008:0010117e pc=0010117e SP=0010:00107fa4 env->regs[R_EAX]=00000730
EAX=00000730 EBX=0000002f ECX=0000075f EDX=00000017
ESI=000b8000 EDI=00000700 EBP=00107fb0 ESP=00107fa4
EIP=0010117e EFL=00000206 [-----P-] CPL=0 II=0 A20=1 SMM=0 HLT=0
ES =0010 00000000 ffffffff 00cf9300 DPL=0 DS   [-WA]
CS =0008 00000000 ffffffff 00cf9a00 DPL=0 CS32 [-R-]
SS =0010 00000000 ffffffff 00cf9300 DPL=0 DS   [-WA]
DS =0010 00000000 ffffffff 00cf9300 DPL=0 DS   [-WA]
FS =0010 00000000 ffffffff 00cf9300 DPL=0 DS   [-WA]
GS =0010 00000000 ffffffff 00cf9300 DPL=0 DS   [-WA]
LDT=0000 00000000 0000ffff 00008200 DPL=0 LDT
TR =0000 00000000 0000ffff 00008b00 DPL=0 TSS32-busy
GDT=     00108008 00000017
IDT=     00108060 000007ff
CR0=80000011 CR2=00000000 CR3=00000000 CR4=00000000
DR0=00000000 DR1=00000000 DR2=00000000 DR3=00000000 
DR6=ffff0ff0 DR7=00000400
CCS=00000004 CCD=0000075f CCO=EFLAGS
EFER=0000000000000000
Servicing hardware INT=0x20
   403: v=20 e=0000 i=0 cpl=0 IP=0008:0010117e pc=0010117e SP=0010:d0000fa9 env->regs[R_EAX]=00000741
EAX=00000741 EBX=00000028 ECX=000002f8 EDX=00000009
ESI=000b8000 EDI=00000700 EBP=d0000fb5 ESP=d0000fa9
EIP=0010117e EFL=00000202 [-------] CPL=0 II=0 A20=1 SMM=0 HLT=0
ES =0010 00000000 ffffffff 00cf9300 DPL=0 DS   [-WA]
CS =0008 00000000 ffffffff 00cf9a00 DPL=0 CS32 [-R-]
SS =0010 00000000 ffffffff 00cf9300 DPL=0 DS   [-WA]
DS =0010 00000000 ffffffff 00cf9300 DPL=0 DS   [-WA]
FS =0010 00000000 ffffffff 00cf9300 DPL=0 DS   [-WA]
GS =0010 00000000 ffffffff 00cf9300 DPL=0 DS   [-WA]
LDT=0000 00000000 0000ffff 00008200 DPL=0 LDT
TR =0000 00000000 0000ffff 00008b00 DPL=0 TSS32-busy
GDT=     00108008 00000017
IDT=     00108060 000007ff
CR0=80000011 CR2=00000000 CR3=00000000 CR4=00000000
DR0=00000000 DR1=00000000 DR2=00000000 DR3=00000000 
DR6=ffff0ff0 DR7=00000400
CCS=00000000 CCD=000002f8 CCO=EFLAGS
EFER=0000000000000000
Servicing hardware INT=0x20
   404: v=20 e=0000 i=0 cpl=0 IP=0008:0010117e pc=0010117e SP=0010:d0001fb2 env->regs[R_EAX]=00000742
EAX=00000742 EBX=0000003d ECX=0000008d EDX=00000001
ESI=000b8000 EDI=00000700 EBP=d0001fbe ESP=d0001fb2
EIP=0010117e EFL=00000206 [-----P-] CPL=0 II=0 A20=1 SMM=0 HLT=0
ES =0010 00000000 ffffffff 00cf9300 DPL=0 DS   [-WA]
CS =0008 00000000 ffffffff 00cf9a00 DPL=0 CS32 [-R-]
SS =0010 00000000 ffffffff 00cf9300 DPL=0 DS   [-WA]
DS =0010 00000000 ffffffff 00cf9300 DPL=0 DS   [-WA]
FS =0010 00000000 ffffffff 00cf9300 DPL=0 DS   [-WA]
GS =0010 00000000 ffffffff 00cf9300 DPL=0 DS   [-WA]
LDT=0000 00000000 0000ffff 00008200 DPL=0 LDT
TR =0000 00000000 0000ffff 00008b00 DPL=0 TSS32-busy
GDT=     00108008 00000017
IDT=     00108060 000007ff
CR0=80000011 CR2=00000000 CR3=00000000 CR4=00000000
DR0=00000000 DR1=00000000 DR2=00000000 DR3=00000000 
DR6=ffff0ff0 DR7=00000400
CCS=00000004 CCD=0000008d CCO=EFLAGS
EFER=0000000000000000
Servicing hardware INT=0x20
   405: v=20 e=0000 i=0 cpl=0 IP=0008:0010117e pc=0010117e SP=0010:00107fa4 env->regs[R_EAX]=00000730
EAX=00000730 EBX=0000004d ECX=0000036d EDX=0000000a
ESI=000b8000 EDI=00000700 EBP=00107fb0 ESP=00107fa4
EIP=0010117e EFL=00000202 [-------] CPL=0 II=0 A20=1 SMM=0 HLT=0
ES =0010 00000000 ffffffff 00cf9300 DPL=0 DS   [-WA]
CS =0008 00000000 ffffffff 00cf9a00 DPL=0 CS32 [-R-]
SS =0010 00000000 ffffffff 00cf9300 DPL=0 DS   [-WA]
DS =0010 00000000 ffffffff 00cf9300 DPL=0 DS   [-WA]
FS =0010 00000000 ffffffff 00cf9300 DPL=0 DS   [-WA]
GS =0010 00000000 ffffffff 00cf9300 DPL=0 DS   [-WA]
LDT=0000 00000000 0000ffff 00008200 DPL=0 LDT
TR =0000 00000000 0000ffff 00008b00 DPL=0 TSS32-busy
GDT=     00108008 00000017
IDT=     00108060 000007ff
CR0=80000011 CR2=00000000 CR3=00000000 CR4=00000000
DR0=00000000 DR1=00000000 DR2=00000000 DR3=00000000 
DR6=ffff0ff0 DR7=00000400
CCS=00000000 CCD=0000036d CCO=EFLAGS
EFER=0000000000000000
Servicing hardware INT=0x20
   406: v=20 e=0000 i=0 cpl=0 IP=0008:0010117e pc=0010117e SP=0010:d0000fa9 env->regs[R_EAX]=00000741
EAX=00000741 EBX=0000003c ECX=0000053c EDX=00000010
ESI=000b8000 EDI=00000700 EBP=d0000fb5 ESP=d0000fa9
EIP=0010117e EFL=00000206 [-----P-] CPL=0 II=0 A20=1 SMM=0 HLT=0
ES =0010 00000000 ffffffff 00cf9300 DPL=0 DS   [-WA]
CS =0008 00000000 ffffffff 00cf9a00 DPL=0 CS32 [-R-]
SS =0010 00000000 ffffffff 00cf9300 DPL=0 DS   [-WA]
DS =0010 00000000 ffffffff 00cf9300 DPL=0 DS   [-WA]
FS =0010 00000000 ffffffff 00cf9300 DPL=0 DS   [-WA]
GS =0010 00000000 ffffffff 00cf9300 DPL=0 DS   [-WA]
LDT=0000 00000000 0000ffff 00008200 DPL=0 LDT
TR =0000 00000000 0000ffff 00008b00 DPL=0 TSS32-busy
GDT=     00108008 00000017
IDT=     00108060 000007ff
CR0=80000011 CR2=00000000 CR3=00000000 CR4=00000000
DR0=00000000 DR1=00000000 DR2=00000000 DR3=00000000 
DR6=ffff0ff0 DR7=00000400
CCS=00000004 CCD=0000053c CCO=EFLAGS
EFER=0000000000000000
Servicing hardware INT=0x20
   407: v=20 e=0000 i=0 cpl=0 IP=0008:0010117e pc=0010117e SP=0010:d0001fb2 env->regs[R_EAX]=00000742
EAX=00000742 EBX=00000011 ECX=00000601 EDX=00000013
ESI=000b8000 EDI=00000700 EBP=d0001fbe ESP=d0001fb2
EIP=0010117e EFL=00000202 [-------] CPL=0 II=0 A20=1 SMM=0 HLT=0
ES =0010 00000000 ffffffff 00cf9300 DPL=0 DS   [-WA]
CS =0008 00000000 ffffffff 00cf9a00 DPL=0 CS32 [-R-]
SS =0010 00000000 ffffffff 00cf9300 DPL=0 DS   [-WA]
DS =0010 00000000 ffffffff 00cf9300 DPL=0 DS   [-WA]
FS =0010 00000000 ffffffff 00cf9300 DPL=0 DS   [-WA]
GS =0010 00000000 ffffffff 00cf9300 DPL=0 DS   [-WA]
LDT=0000 00000000 0000ffff 00008200 DPL=0 LDT
TR =0000 00000000 0000ffff 00008b00 DPL=0 TSS32-busy
GDT=     00108008 00000017
IDT=     00108060 000007ff
CR0=80000011 CR2=00000000 CR3=00000000 CR4=00000000
DR0=00000000 DR1=00000000 DR2=00000000 DR3=00000000 
DR6=ffff0ff0 DR7=00000400
CCS=00000000 CCD=00000601 CCO=EFLAGS
EFER=0000000000000000
Servicing hardware INT=0x20
   408: v=20 e=0000 i=0 cpl=0 IP=0008:0010117e pc=0010117e SP=0010:00107fa4 env->regs[R_EAX]=00000730
EAX=00000730 EBX=0000003f ECX=0000067f EDX=00000014
ESI=000b8000 EDI=00000700 EBP=00107fb0 ESP=00107fa4
EIP=0010117e EFL=00000202 [-------] CPL=0 II=0 A20=1 SMM=0 HLT=0
ES =0010 00000000 ffffffff 00cf9300 DPL=0 DS   [-WA]
CS =0008 00000000 ffffffff 00cf9a00 DPL=0 CS32 [-R-]
SS =0010 00000000 ffffffff 00cf9300 DPL=0 DS   [-WA]
DS =0010 00000000 ffffffff 00cf9300 DPL=0 DS   [-WA]
FS =0010 00000000 ffffffff 00cf9300 DPL=0 DS   [-WA]
GS =0010 00000000 ffffffff 00cf9300 DPL=0 DS   [-WA]
LDT=0000 00000000 0000ffff 00008200 DPL=0 LDT
TR =0000 00000000 0000ffff 00008b00 DPL=0 TSS32-busy
GDT=     00108008 00000017
IDT=     00108060 000007ff
CR0=80000011 CR2=00000000 CR3=00000000 CR4=00000000
DR0=00000000 DR1=00000000 DR2=00000000 DR3=00000000 
DR6=ffff0ff0 DR7=00000400
CCS=00000000 CCD=0000067f CCO=EFLAGS
EFER=0000000000000000
Servicing hardware INT=0x20
   409: v=20 e=0000 i=0 cpl=0 IP=0008:0010117e pc=0010117e SP=0010:d0000fa9 env->regs[R_EAX]=00000741
EAX=00000741 EBX=00000022 ECX=00000342 EDX=0000000a
ESI=000b8000 EDI=00000700 EBP=d0000fb5 ESP=d0000fa9
EIP=0010117e EFL=00000206 [-----P-] CPL=0 II=0 A20=1 SMM=0 HLT=0
ES =0010 00000000 ffffffff 00cf9300 DPL=0 DS   [-WA]
CS =0008 00000000 ffffffff 00cf9a00 DPL=0 CS32 [-R-]
SS =0010 00000000 ffffffff 00cf9300 DPL=0 DS   [-WA]
DS =0010 00000000 ffffffff 00cf9300 DPL=0 DS   [-WA]
FS =0010 00000000 ffffffff 00cf9300 DPL=0 DS   [-WA]
GS =0010 00000000 ffffffff 00cf9300 DPL=0 DS   [-WA]
LDT=0000 00000000 0000ffff 00008200 DPL=0 LDT
TR =0000 00000000 0000ffff 00008b00 DPL=0 TSS32-busy
GDT=     00108008 00000017
IDT=     00108060 000007ff
CR0=80000011 CR2=00000000 CR3=00000000 CR4=00000000
DR0=00000000 DR1=00000000 DR2=00000000 DR3=00000000 
DR6=ffff0ff0 DR7=00000400
CCS=00000004 CCD=00000342 CCO=EFLAGS
EFER=0000000000000000
Servicing hardware INT=0x20
   410: v=20 e=0000 i=0 cpl=0 IP=0008:0010117e pc=0010117e SP=0010:d0001fb2 env->regs[R_EAX]=00000742
EAX=00000742 EBX=00000036 ECX=00000126 EDX=00000003
ESI=000b8000 EDI=00000700 EBP=d0001fbe ESP=d0001fb2
EIP=0010117e EFL=00000202 [-------] CPL=0 II=0 A20=1 SMM=0 HLT=0
ES =0010 00000000 ffffffff 00cf9300 DPL=0 DS   [-WA]
CS =0008 00000000 ffffffff 00cf9a00 DPL=0 CS32 [-R-]
SS =0010 00000000 ffffffff 00cf9300 DPL=0 DS   [-WA]
DS =0010 00000000 ffffffff 00cf9300 DPL=0 DS   [-WA]
FS =0010 00000000 ffffffff 00cf9300 DPL=0 DS   [-WA]
GS =0010 00000000 ffffffff 00cf9300 DPL=0 DS   [-WA]
LDT=0000 00000000 0000ffff 00008200 DPL=0 LDT
TR =0000 00000000 0000ffff 00008b00 DPL=0 TSS32-busy
GDT=     00108008 00000017
IDT=     00108060 000007ff
CR0=80000011 CR2=00000000 CR3=00000000 CR4=00000000
DR0=00000000 DR1=00000000 DR2=00000000 DR3=00000000 
DR6=ffff0ff0 DR7=00000400
CCS=00000000 CCD=00000126 CCO=EFLAGS
EFER=0000000000000000
Servicing hardware INT=0x20
   411: v=20 e=0000 i=0 cpl=0 IP=0008:0010117e pc=0010117e SP=0010:00107fa4 env->regs[R_EAX]=00000730
EAX=00000730 EBX=0000001b ECX=0000010b EDX=00000003
ESI=000b8000 EDI=00000700 EBP=00107fb0 ESP=00107fa4
EIP=0010117e EFL=00000202 [-------] CPL=0 II=0 A20=1 SMM=0 HLT=0
ES =0010 00000000 ffffffff 00cf9300 DPL=0 DS   [-WA]
CS =0008 00000000 ffffffff 00cf9a00 DPL=0 CS32 [-R-]
SS =0010 00000000 ffffffff 00cf9300 DPL=0 DS   [-WA]
DS =0010 00000000 ffffffff 00cf9300 DPL=0 DS   [-WA]
FS =0010 00000000 ffffffff 00cf9300 DPL=0 DS   [-WA]
GS =0010 00000000 ffffffff 00cf9300 DPL=0 DS   [-WA]
LDT=0000 00000000 0000ffff 00008200 DPL=0 LDT
TR =0000 00000000 0000ffff 00008b00 DPL=0 TSS32-busy
GDT=     00108008 00000017
IDT=     00108060 000007ff
CR0=80000011 CR2=00000000 CR3=00000000 CR4=00000000
DR0=00000000 DR1=00000000 DR2=00000000 DR3=00000000 
DR6=ffff0ff0 DR7=00000400
CCS=00000000 CCD=0000010b CCO=EFLAGS
EFER=0000000000000000
Servicing hardware INT=0x20
   412: v=20 e=0000 i=0 cpl=0 IP=0008:0010117e pc=0010117e SP=0010:d0000fa9 env->regs[R_EAX]=00000741
EAX=00000741 EBX=00000019 ECX=00000749 EDX=00000017
ESI=000b8000 EDI=00000700 EBP=d0000fb5 ESP=d0000fa9
EIP=0010117e EFL=00000202 [-------] CPL=0 II=0 A20=1 SMM=0 HLT=0
ES =0010 00000000 ffffffff 00cf9300 DPL=0 DS   [-WA]
CS =0008 00000000 ffffffff 00cf9a00 DPL=0 CS32 [-R-]
SS =0010 00000000 ffffffff 00cf9300 DPL=0 DS   [-WA]
DS =0010 00000000 ffffffff 00cf9300 DPL=0 DS   [-WA]
FS =0010 00000000 ffffffff 00cf9300 DPL=0 DS   [-WA]
GS =0010 00000000 ffffffff 00cf9300 DPL=0 DS   [-WA]
LDT=0000 00000000 0000ffff 00008200 DPL=0 LDT
TR =0000 00000000 0000ffff 00008b00 DPL=0 TSS32-busy
GDT=     00108008 00000017
IDT=     00108060 000007ff
CR0=80000011 CR2=00000000 CR3=00000000 CR4=00000000
DR0=00000000 DR1=00000000 DR2=00000000 DR3=00000000 
DR6=ffff0ff0 DR7=00000400
CCS=00000000 CCD=00000749 CCO=EFLAGS
EFER=0000000000000000
Servicing hardware INT=0x20
   413: v=20 e=0000 i=0 cpl=0 IP=0008:0010117e pc=0010117e SP=0010:d0001fb2 env->regs[R_EAX]=00000742
EAX=00000742 EBX=0000001c ECX=0000029c EDX=00000008
ESI=000b8000 EDI=00000700 EBP=d0001fbe ESP=d0001fb2
EIP=0010117e EFL=00000206 [-----P-] CPL=0 II=0 A20=1 SMM=0 HLT=0
ES =0010 00000000 ffffffff 00cf9300 DPL=0 DS   [-WA]
CS =0008 00000000 ffffffff 00cf9a00 DPL=0 CS32 [-R-]
SS =0010 00000000 ffffffff 00cf9300 DPL=0 DS   [-WA]
DS =0010 00000000 ffffffff 00cf9300 DPL=0 DS   [-WA]
FS =0010 00000000 ffffffff 00cf9300 DPL=0 DS   [-WA]
GS =0010 00000000 ffffffff 00cf9300 DPL=0 DS   [-WA]
LDT=0000 00000000 0000ffff 00008200 DPL=0 LDT
TR =0000 00000000 0000ffff 00008b00 DPL=0 TSS32-busy
GDT=     00108008 00000017
IDT=     00108060 000007ff
CR0=80000011 CR2=00000000 CR3=00000000 CR4=00000000
DR0=00000000 DR1=00000000 DR2=00000000 DR3=00000000 
DR6=ffff0ff0 DR7=00000400
CCS=00000004 CCD=0000029c CCO=EFLAGS
EFER=0000000000000000
Servicing hardware INT=0x20
   414: v=20 e=0000 i=0 cpl=0 IP=0008:0010117e pc=0010117e SP=0010:00107fa4 env->regs[R_EAX]=00000730
EAX=00000730 EBX=0000004b ECX=000005eb EDX=00000012
ESI=000b8000 EDI=00000700 EBP=00107fb0 ESP=00107fa4
EIP=0010117e EFL=00000206 [-----P-] CPL=0 II=0 A20=1 SMM=0 HLT=0
ES =0010 00000000 ffffffff 00cf9300 DPL=0 DS   [-WA]
CS =0008 00000000 ffffffff 00cf9a00 DPL=0 CS32 [-R-]
SS =0010 00000000 ffffffff 00cf9300 DPL=0 DS   [-WA]
DS =0010 00000000 ffffffff 00cf9300 DPL=0 DS   [-WA]
FS =0010 00000000 ffffffff 00cf9300 DPL=0 DS   [-WA]
GS =0010 00000000 ffffffff 00cf9300 DPL=0 DS   [-WA]
LDT=0000 00000000 0000ffff 00008200 DPL=0 LDT
TR =0000 00000000 0000ffff 00008b00 DPL=0 TSS32-busy
GDT=     00108008 00000017
IDT=     00108060 000007ff
CR0=80000011 CR2=00000000 CR3=00000000 CR4=00000000
DR0=00000000 DR1=00000000 DR2=00000000 DR3=00000000 
DR6=ffff0ff0 DR7=00000400
CCS=00000004 CCD=000005eb CCO=EFLAGS
EFER=0000000000000000
Servicing hardware INT=0x20
   415: v=20 e=0000 i=0 cpl=0 IP=0008:0010117e pc=0010117e SP=0010:d0000fa9 env->regs[R_EAX]=00000741
EAX=00000741 EBX=00000009 ECX=000005f9 EDX=00000013
ESI=000b8000 EDI=00000700 EBP=d0000fb5 ESP=d0000fa9
EIP=0010117e EFL=00000206 [-----P-] CPL=0 II=0 A20=1 SMM=0 HLT=0
ES =0010 00000000 ffffffff 00cf9300 DPL=0 DS   [-WA]
CS =0008 00000000 ffffffff 00cf9a00 DPL=0 CS32 [-R-]
SS =0010 00000000 ffffffff 00cf9300 DPL=0 DS   [-WA]
DS =0010 00000000 ffffffff 00cf9300 DPL=0 DS   [-WA]
FS =0010 00000000 ffffffff 00cf9300 DPL=0 DS   [-WA]
GS =0010 00000000 ffffffff 00cf9300 DPL=0 DS   [-WA]
LDT=0000 00000000 0000ffff 00008200 DPL=0 LDT
TR =0000 00000000 0000ffff 00008b00 DPL=0 TSS32-busy
GDT=     00108008 00000017
IDT=     00108060 000007ff
CR0=80000011 CR2=00000000 CR3=00000000 CR4=00000000
DR0=00000000 DR1=00000000 DR2=00000000 DR3=00000000 
DR6=ffff0ff0 DR7=00000400
CCS=00000004 CCD=000005f9 CCO=EFLAGS
EFER=0000000000000000
Servicing hardware INT=0x20
   416: v=20 e=0000 i=0 cpl=0 IP=0008:0010117e pc=0010117e SP=0010:d0001fb2 env->regs[R_EAX]=00000742
EAX=00000742 EBX=00000010 ECX=000001a0 EDX=00000005
ESI=000b8000 EDI=00000700 EBP=d0001fbe ESP=d0001fb2
EIP=0010117e EFL=00000206 [-----P-] CPL=0 II=0 A20=1 SMM=0 HLT=0
ES =0010 00000000 ffffffff 00cf9300 DPL=0 DS   [-WA]
CS =0008 00000000 ffffffff 00cf9a00 DPL=0 CS32 [-R-]
SS =0010 00000000 ffffffff 00cf9300 DPL=0 DS   [-WA]
DS =0010 00000000 ffffffff 00cf9300 DPL=0 DS   [-WA]
FS =0010 00000000 ffffffff 00cf9300 DPL=0 DS   [-WA]
GS =0010 00000000 ffffffff 00cf9300 DPL=0 DS   [-WA]
LDT=0000 00000000 0000ffff 00008200 DPL=0 LDT
TR =0000 00000000 0000ffff 00008b00 DPL=0 TSS32-busy
GDT=     00108008 00000017
IDT=     00108060 000007ff
CR0=80000011 CR2=00000000 CR3=00000000 CR4=00000000
DR0=00000000 DR1=00000000 DR2=00000000 DR3=00000000 
DR6=ffff0ff0 DR7=00000400
CCS=00000004 CCD=000001a0 CCO=EFLAGS
EFER=0000000000000000
Servicing hardware INT=0x20
   417: v=20 e=0000 i=0 cpl=0 IP=0008:0010117e pc=0010117e SP=0010:00107fa4 env->regs[R_EAX]=00000730
EAX=00000730 EBX=00000049 ECX=00000689 EDX=00000014
ESI=000b8000 EDI=00000700 EBP=00107fb0 ESP=00107fa4
EIP=0010117e EFL=00000202 [-------] CPL=0 II=0 A20=1 SMM=0 HLT=0
ES =0010 00000000 ffffffff 00cf9300 DPL=0 DS   [-WA]
CS =0008 00000000 ffffffff 00cf9a00 DPL=0 CS32 [-R-]
SS =0010 00000000 ffffffff 00cf9300 DPL=0 DS   [-WA]
DS =0010 00000000 ffffffff 00cf9300 DPL=0 DS   [-WA]
FS =0010 00000000 ffffffff 00cf9300 DPL=0 DS   [-WA]
GS =0010 00000000 ffffffff 00cf9300 DPL=0 DS   [-WA]
LDT=0000 00000000 0000ffff 00008200 DPL=0 LDT
TR =0000 00000000 0000ffff 00008b00 DPL=0 TSS32-busy
GDT=     00108008 00000017
IDT=     00108060 000007ff
CR0=80000011 CR2=00000000 CR3=00000000 CR4=00000000
DR0=00000000 DR1=00000000 DR2=00000000 DR3=00000000 
DR6=ffff0ff0 DR7=00000400
CCS=00000000 CCD=00000689 CCO=EFLAGS
EFER=0000000000000000
Servicing hardware INT=0x20
   418: v=20 e=0000 i=0 cpl=0 IP=0008:0010117e pc=0010117e SP=0010:d0000fa9 env->regs[R_EAX]=00000741
EAX=00000741 EBX=0000000f ECX=0000069f EDX=00000015
ESI=000b8000 EDI=00000700 EBP=d0000fb5 ESP=d0000fa9
EIP=0010117e EFL=00000206 [-----P-] CPL=0 II=0 A20=1 SMM=0 HLT=0
ES =0010 00000000 ffffffff 00cf9300 DPL=0 DS   [-WA]
CS =0008 00000000 ffffffff 00cf9a00 DPL=0 CS32 [-R-]
SS =0010 00000000 ffffffff 00cf9300 DPL=0 DS   [-WA]
DS =0010 00000000 ffffffff 00cf9300 DPL=0 DS   [-WA]
FS =0010 00000000 ffffffff 00cf9300 DPL=0 DS   [-WA]
GS =0010 00000000 ffffffff 00cf9300 DPL=0 DS   [-WA]
LDT=0000 00000000 0000ffff 00008200 DPL=0 LDT
TR =0000 00000000 0000ffff 00008b00 DPL=0 TSS32-busy
GDT=     00108008 00000017
IDT=     00108060 000007ff
CR0=80000011 CR2=00000000 CR3=00000000 CR4=00000000
DR0=00000000 DR1=00000000 DR2=00000000 DR3=00000000 
DR6=ffff0ff0 DR7=00000400
CCS=00000004 CCD=0000069f CCO=EFLAGS
EFER=0000000000000000
Servicing hardware INT=0x20
   419: v=20 e=0000 i=0 cpl=0 IP=0008:0010117e pc=0010117e SP=0010:d0001fb2 env->regs[R_EAX]=00000742
EAX=00000742 EBX=00000045 ECX=00000455 EDX=0000000d
ESI=000b8000 EDI=00000700 EBP=d0001fbe ESP=d0001fb2
EIP=0010117e EFL=00000206 [-----P-] CPL=0 II=0 A20=1 SMM=0 HLT=0
ES =0010 00000000 ffffffff 00cf9300 DPL=0 DS   [-WA]
CS =0008 00000000 ffffffff 00cf9a00 DPL=0 CS32 [-R-]
SS =0010 00000000 ffffffff 00cf9300 DPL=0 DS   [-WA]
DS =0010 00000000 ffffffff 00cf9300 DPL=0 DS   [-WA]
FS =0010 00000000 ffffffff 00cf9300 DPL=0 DS   [-WA]
GS =0010 00000000 ffffffff 00cf9300 DPL=0 DS   [-WA]
LDT=0000 00000000 0000ffff 00008200 DPL=0 LDT
TR =0000 00000000 0000ffff 00008b00 DPL=0 TSS32-busy
GDT=     00108008 00000017
IDT=     00108060 000007ff
CR0=80000011 CR2=00000000 CR3=00000000 CR4=00000000
DR0=00000000 DR1=00000000 DR2=00000000 DR3=00000000 
DR6=ffff0ff0 DR7=00000400
CCS=00000004 CCD=00000455 CCO=EFLAGS
EFER=0000000000000000
Servicing hardware INT=0x20
   420: v=20 e=0000 i=0 cpl=0 IP=0008:0010117e pc=0010117e SP=0010:00107fa4 env->regs[R_EAX]=00000730
EAX=00000730 EBX=00000038 ECX=00000218 EDX=00000006
ESI=000b8000 EDI=00000700 EBP=00107fb0 ESP=00107fa4
EIP=0010117e EFL=00000206 [-----P-] CPL=0 II=0 A20=1 SMM=0 HLT=0
ES =0010 00000000 ffffffff 00cf9300 DPL=0 DS   [-WA]
CS =0008 00000000 ffffffff 00cf9a00 DPL=0 CS32 [-R-]
SS =0010 00000000 ffffffff 00cf9300 DPL=0 DS   [-WA]
DS =0010 00000000 ffffffff 00cf9300 DPL=0 DS   [-WA]
FS =0010 00000000 ffffffff 00cf9300 DPL=0 DS   [-WA]
GS =0010 00000000 ffffffff 00cf9300 DPL=0 DS   [-WA]
LDT=0000 00000000 0000ffff 00008200 DPL=0 LDT
TR =0000 00000000 0000ffff 00008b00 DPL=0 TSS32-busy
GDT=     00108008 00000017
IDT=     00108060 000007ff
CR0=80000011 CR2=00000000 CR3=00000000 CR4=00000000
DR0=00000000 DR1=00000000 DR2=00000000 DR3=00000000 
DR6=ffff0ff0 DR7=00000400
CCS=00000004 CCD=00000218 CCO=EFLAGS
EFER=0000000000000000
Servicing hardware INT=0x20
   421: v=20 e=0000 i=0 cpl=0 IP=0008:0010117e pc=0010117e SP=0010:d0000fa9 env->regs[R_EAX]=00000741
EAX=00000741 EBX=00000018 ECX=000003d8 EDX=0000000c
ESI=000b8000 EDI=00000700 EBP=d0000fb5 ESP=d0000fa9
EIP=0010117e EFL=00000206 [-----P-] CPL=0 II=0 A20=1 SMM=0 HLT=0
ES =0010 00000000 ffffffff 00cf9300 DPL=0 DS   [-WA]
CS =0008 00000000 ffffffff 00cf9a00 DPL=0 CS32 [-R-]
SS =0010 00000000 ffffffff 00cf9300 DPL=0 DS   [-WA]
DS =0010 00000000 ffffffff 00cf9300 DPL=0 DS   [-WA]
FS =0010 00000000 ffffffff 00cf9300 DPL=0 DS   [-WA]
GS =0010 00000000 ffffffff 00cf9300 DPL=0 DS   [-WA]
LDT=0000 00000000 0000ffff 00008200 DPL=0 LDT
TR =0000 00000000 0000ffff 00008b00 DPL=0 TSS32-busy
GDT=     00108008 00000017
IDT=     00108060 000007ff
CR0=80000011 CR2=00000000 CR3=00000000 CR4=00000000
DR0=00000000 DR1=00000000 DR2=00000000 DR3=00000000 
DR6=ffff0ff0 DR7=00000400
CCS=00000004 CCD=000003d8 CCO=EFLAGS
EFER=0000000000000000
Servicing hardware INT=0x20
   422: v=20 e=0000 i=0 cpl=0 IP=0008:0010117e pc=0010117e SP=0010:d0001fb2 env->regs[R_EAX]=00000742
EAX=00000742 EBX=00000019 ECX=00000069 EDX=00000001
ESI=000b8000 EDI=00000700 EBP=d0001fbe ESP=d0001fb2
EIP=0010117e EFL=00000206 [-----P-] CPL=0 II=0 A20=1 SMM=0 HLT=0
ES =0010 00000000 ffffffff 00cf9300 DPL=0 DS   [-WA]
CS =0008 00000000 ffffffff 00cf9a00 DPL=0 CS32 [-R-]
SS =0010 00000000 ffffffff 00cf9300 DPL=0 DS   [-WA]
DS =0010 00000000 ffffffff 00cf9300 DPL=0 DS   [-WA]
FS =0010 00000000 ffffffff 00cf9300 DPL=0 DS   [-WA]
GS =0010 00000000 ffffffff 00cf9300 DPL=0 DS   [-WA]
LDT=0000 00000000 0000ffff 00008200 DPL=0 LDT
TR =0000 00000000 0000ffff 00008b00 DPL=0 TSS32-busy
GDT=     00108008 00000017
IDT=     00108060 000007ff
CR0=80000011 CR2=00000000 CR3=00000000 CR4=00000000
DR0=00000000 DR1=00000000 DR2=00000000 DR3=00000000 
DR6=ffff0ff0 DR7=00000400
CCS=00000004 CCD=00000069 CCO=EFLAGS
EFER=0000000000000000
Servicing hardware INT=0x20
   423: v=20 e=0000 i=0 cpl=0 IP=0008:0010117e pc=0010117e SP=0010:00107fa4 env->regs[R_EAX]=00000730
EAX=00000730 EBX=00000002 ECX=000003c2 EDX=0000000c
ESI=000b8000 EDI=00000700 EBP=00107fb0 ESP=00107fa4
EIP=0010117e EFL=00000202 [-------] CPL=0 II=0 A20=1 SMM=0 HLT=0
ES =0010 00000000 ffffffff 00cf9300 DPL=0 DS   [-WA]
CS =0008 00000000 ffffffff 00cf9a00 DPL=0 CS32 [-R-]
SS =0010 00000000 ffffffff 00cf9300 DPL=0 DS   [-WA]
DS =0010 00000000 ffffffff 00cf9300 DPL=0 DS   [-WA]
FS =0010 00000000 ffffffff 00cf9300 DPL=0 DS   [-WA]
GS =0010 00000000 ffffffff 00cf9300 DPL=0 DS   [-WA]
LDT=0000 00000000 0000ffff 00008200 DPL=0 LDT
TR =0000 00000000 0000ffff 00008b00 DPL=0 TSS32-busy
GDT=     00108008 00000017
IDT=     00108060 000007ff
CR0=80000011 CR2=00000000 CR3=00000000 CR4=00000000
DR0=00000000 DR1=00000000 DR2=00000000 DR3=00000000 
DR6=ffff0ff0 DR7=00000400
CCS=00000000 CCD=000003c2 CCO=EFLAGS
EFER=0000000000000000
Servicing hardware INT=0x20
   424: v=20 e=0000 i=0 cpl=0 IP=0008:0010117e pc=0010117e SP=0010:d0000fa9 env->regs[R_EAX]=00000741
EAX=00000741 EBX=0000001c ECX=0000038c EDX=0000000b
ESI=000b8000 EDI=00000700 EBP=d0000fb5 ESP=d0000fa9
EIP=0010117e EFL=00000202 [-------] CPL=0 II=0 A20=1 SMM=0 HLT=0
ES =0010 00000000 ffffffff 00cf9300 DPL=0 DS   [-WA]
CS =0008 00000000 ffffffff 00cf9a00 DPL=0 CS32 [-R-]
SS =0010 00000000 ffffffff 00cf9300 DPL=0 DS   [-WA]
DS =0010 00000000 ffffffff 00cf9300 DPL=0 DS   [-WA]
FS =0010 00000000 ffffffff 00cf9300 DPL=0 DS   [-WA]
GS =0010 00000000 ffffffff 00cf9300 DPL=0 DS   [-WA]
LDT=0000 00000000 0000ffff 00008200 DPL=0 LDT
TR =0000 00000000 0000ffff 00008b00 DPL=0 TSS32-busy
GDT=     00108008 00000017
IDT=     00108060 000007ff
CR0=80000011 CR2=00000000 CR3=00000000 CR4=00000000
DR0=00000000 DR1=00000000 DR2=00000000 DR3=00000000 
DR6=ffff0ff0 DR7=00000400
CCS=00000000 CCD=0000038c CCO=EFLAGS
EFER=0000000000000000
Servicing hardware INT=0x20
   425: v=20 e=0000 i=0 cpl=0 IP=0008:0010117e pc=0010117e SP=0010:d0001fb2 env->regs[R_EAX]=00000742
EAX=00000742 EBX=0000000b ECX=000003cb EDX=0000000c
ESI=000b8000 EDI=00000700 EBP=d0001fbe ESP=d0001fb2
EIP=0010117e EFL=00000202 [-------] CPL=0 II=0 A20=1 SMM=0 HLT=0
ES =0010 00000000 ffffffff 00cf9300 DPL=0 DS   [-WA]
CS =0008 00000000 ffffffff 00cf9a00 DPL=0 CS32 [-R-]
SS =0010 00000000 ffffffff 00cf9300 DPL=0 DS   [-WA]
DS =0010 00000000 ffffffff 00cf9300 DPL=0 DS   [-WA]
FS =0010 00000000 ffffffff 00cf9300 DPL=0 DS   [-WA]
GS =0010 00000000 ffffffff 00cf9300 DPL=0 DS   [-WA]
LDT=0000 00000000 0000ffff 00008200 DPL=0 LDT
TR =0000 00000000 0000ffff 00008b00 DPL=0 TSS32-busy
GDT=     00108008 00000017
IDT=     00108060 000007ff
CR0=80000011 CR2=00000000 CR3=00000000 CR4=00000000
DR0=00000000 DR1=00000000 DR2=00000000 DR3=00000000 
DR6=ffff0ff0 DR7=00000400
CCS=00000000 CCD=000003cb CCO=EFLAGS
EFER=0000000000000000
Servicing hardware INT=0x20
   426: v=20 e=0000 i=0 cpl=0 IP=0008:0010117e pc=0010117e SP=0010:00107fa4 env->regs[R_EAX]=00000730
EAX=00000730 EBX=0000003e ECX=000001ce EDX=00000005
ESI=000b8000 EDI=00000700 EBP=00107fb0 ESP=00107fa4
EIP=0010117e EFL=00000202 [-------] CPL=0 II=0 A20=1 SMM=0 HLT=0
ES =0010 00000000 ffffffff 00cf9300 DPL=0 DS   [-WA]
CS =0008 00000000 ffffffff 00cf9a00 DPL=0 CS32 [-R-]
SS =0010 00000000 ffffffff 00cf9300 DPL=0 DS   [-WA]
DS =0010 00000000 ffffffff 00cf9300 DPL=0 DS   [-WA]
FS =0010 00000000 ffffffff 00cf9300 DPL=0 DS   [-WA]
GS =0010 00000000 ffffffff 00cf9300 DPL=0 DS   [-WA]
LDT=0000 00000000 0000ffff 00008200 DPL=0 LDT
TR =0000 00000000 0000ffff 00008b00 DPL=0 TSS32-busy
GDT=     00108008 00000017
IDT=     00108060 000007ff
CR0=80000011 CR2=00000000 CR3=00000000 CR4=00000000
DR0=00000000 DR1=00000000 DR2=00000000 DR3=00000000 
DR6=ffff0ff0 DR7=00000400
CCS=00000000 CCD=000001ce CCO=EFLAGS
EFER=0000000000000000
Servicing hardware INT=0x20
   427: v=20 e=0000 i=0 cpl=0 IP=0008:0010117e pc=0010117e SP=0010:d0000fa9 env->regs[R_EAX]=00000741
EAX=00000741 EBX=0000001c ECX=0000033c EDX=0000000a
ESI=000b8000 EDI=00000700 EBP=d0000fb5 ESP=d0000fa9
EIP=0010117e EFL=00000206 [-----P-] CPL=0 II=0 A20=1 SMM=0 HLT=0
ES =0010 00000000 ffffffff 00cf9300 DPL=0 DS   [-WA]
CS =0008 00000000 ffffffff 00cf9a00 DPL=0 CS32 [-R-]
SS =0010 00000000 ffffffff 00cf9300 DPL=0 DS   [-WA]
DS =0010 00000000 ffffffff 00cf9300 DPL=0 DS   [-WA]
FS =0010 00000000 ffffffff 00cf9300 DPL=0 DS   [-WA]
GS =0010 00000000 ffffffff 00cf9300 DPL=0 DS   [-WA]
LDT=0000 00000000 0000ffff 00008200 DPL=0 LDT
TR =0000 00000000 0000ffff 00008b00 DPL=0 TSS32-busy
GDT=     00108008 00000017
IDT=     00108060 000007ff
CR0=80000011 CR2=00000000 CR3=00000000 CR4=00000000
DR0=00000000 DR1=00000000 DR2=00000000 DR3=00000000 
DR6=ffff0ff0 DR7=00000400
CCS=00000004 CCD=0000033c CCO=EFLAGS
EFER=0000000000000000
Servicing hardware INT=0x20
   428: v=20 e=0000 i=0 cpl=0 IP=0008:0010117e pc=0010117e SP=0010:d0001fb2 env->regs[R_EAX]=00000742
EAX=00000742 EBX=00000003 ECX=000003c3 EDX=0000000c
ESI=000b8000 EDI=00000700 EBP=d0001fbe ESP=d0001fb2
EIP=0010117e EFL=00000206 [-----P-] CPL=0 II=0 A20=1 SMM=0 HLT=0
ES =0010 00000000 ffffffff 00cf9300 DPL=0 DS   [-WA]
CS =0008 00000000 ffffffff 00cf9a00 DPL=0 CS32 [-R-]
SS =0010 00000000 ffffffff 00cf9300 DPL=0 DS   [-WA]
DS =0010 00000000 ffffffff 00cf9300 DPL=0 DS   [-WA]
FS =0010 00000000 ffffffff 00cf9300 DPL=0 DS   [-WA]
GS =0010 00000000 ffffffff 00cf9300 DPL=0 DS   [-WA]
LDT=0000 00000000 0000ffff 00008200 DPL=0 LDT
TR =0000 00000000 0000ffff 00008b00 DPL=0 TSS32-busy
GDT=     00108008 00000017
IDT=     00108060 000007ff
CR0=80000011 CR2=00000000 CR3=00000000 CR4=00000000
DR0=00000000 DR1=00000000 DR2=00000000 DR3=00000000 
DR6=ffff0ff0 DR7=00000400
CCS=00000004 CCD=000003c3 CCO=EFLAGS
EFER=0000000000000000
Servicing hardware INT=0x20
   429: v=20 e=0000 i=0 cpl=0 IP=0008:0010117e pc=0010117e SP=0010:00107fa4 env->regs[R_EAX]=00000730
EAX=00000730 EBX=00000021 ECX=00000111 EDX=00000003
ESI=000b8000 EDI=00000700 EBP=00107fb0 ESP=00107fa4
EIP=0010117e EFL=00000206 [-----P-] CPL=0 II=0 A20=1 SMM=0 HLT=0
ES =0010 00000000 ffffffff 00cf9300 DPL=0 DS   [-WA]
CS =0008 00000000 ffffffff 00cf9a00 DPL=0 CS32 [-R-]
SS =0010 00000000 ffffffff 00cf9300 DPL=0 DS   [-WA]
DS =0010 00000000 ffffffff 00cf9300 DPL=0 DS   [-WA]
FS =0010 00000000 ffffffff 00cf9300 DPL=0 DS   [-WA]
GS =0010 00000000 ffffffff 00cf9300 DPL=0 DS   [-WA]
LDT=0000 00000000 0000ffff 00008200 DPL=0 LDT
TR =0000 00000000 0000ffff 00008b00 DPL=0 TSS32-busy
GDT=     00108008 00000017
IDT=     00108060 000007ff
CR0=80000011 CR2=00000000 CR3=00000000 CR4=00000000
DR0=00000000 DR1=00000000 DR2=00000000 DR3=00000000 
DR6=ffff0ff0 DR7=00000400
CCS=00000004 CCD=00000111 CCO=EFLAGS
EFER=0000000000000000
Servicing hardware INT=0x20
   430: v=20 e=0000 i=0 cpl=0 IP=0008:0010117e pc=0010117e SP=0010:d0000fa9 env->regs[R_EAX]=00000741
EAX=00000741 EBX=0000002b ECX=000004db EDX=0000000f
ESI=000b8000 EDI=00000700 EBP=d0000fb5 ESP=d0000fa9
EIP=0010117e EFL=00000206 [-----P-] CPL=0 II=0 A20=1 SMM=0 HLT=0
ES =0010 00000000 ffffffff 00cf9300 DPL=0 DS   [-WA]
CS =0008 00000000 ffffffff 00cf9a00 DPL=0 CS32 [-R-]
SS =0010 00000000 ffffffff 00cf9300 DPL=0 DS   [-WA]
DS =0010 00000000 ffffffff 00cf9300 DPL=0 DS   [-WA]
FS =0010 00000000 ffffffff 00cf9300 DPL=0 DS   [-WA]
GS =0010 00000000 ffffffff 00cf9300 DPL=0 DS   [-WA]
LDT=0000 00000000 0000ffff 00008200 DPL=0 LDT
TR =0000 00000000 0000ffff 00008b00 DPL=0 TSS32-busy
GDT=     00108008 00000017
IDT=     00108060 000007ff
CR0=80000011 CR2=00000000 CR3=00000000 CR4=00000000
DR0=00000000 DR1=00000000 DR2=00000000 DR3=00000000 
DR6=ffff0ff0 DR7=00000400
CCS=00000004 CCD=000004db CCO=EFLAGS
EFER=0000000000000000
Servicing hardware INT=0x20
   431: v=20 e=0000 i=0 cpl=0 IP=0008:0010117e pc=0010117e SP=0010:d0001fb2 env->regs[R_EAX]=00000742
EAX=00000742 EBX=00000012 ECX=000001f2 EDX=00000006
ESI=000b8000 EDI=00000700 EBP=d0001fbe ESP=d0001fb2
EIP=0010117e EFL=00000202 [-------] CPL=0 II=0 A20=1 SMM=0 HLT=0
ES =0010 00000000 ffffffff 00cf9300 DPL=0 DS   [-WA]
CS =0008 00000000 ffffffff 00cf9a00 DPL=0 CS32 [-R-]
SS =0010 00000000 ffffffff 00cf9300 DPL=0 DS   [-WA]
DS =0010 00000000 ffffffff 00cf9300 DPL=0 DS   [-WA]
FS =0010 00000000 ffffffff 00cf9300 DPL=0 DS   [-WA]
GS =0010 00000000 ffffffff 00cf9300 DPL=0 DS   [-WA]
LDT=0000 00000000 0000ffff 00008200 DPL=0 LDT
TR =0000 00000000 0000ffff 00008b00 DPL=0 TSS32-busy
GDT=     00108008 00000017
IDT=     00108060 000007ff
CR0=80000011 CR2=00000000 CR3=00000000 CR4=00000000
DR0=00000000 DR1=00000000 DR2=00000000 DR3=00000000 
DR6=ffff0ff0 DR7=00000400
CCS=00000000 CCD=000001f2 CCO=EFLAGS
EFER=0000000000000000
Servicing hardware INT=0x20
   432: v=20 e=0000 i=0 cpl=0 IP=0008:0010117e pc=0010117e SP=0010:00107fa4 env->regs[R_EAX]=00000730
EAX=00000730 EBX=00000031 ECX=00000761 EDX=00000017
ESI=000b8000 EDI=00000700 EBP=00107fb0 ESP=00107fa4
EIP=0010117e EFL=00000202 [-------] CPL=0 II=0 A20=1 SMM=0 HLT=0
ES =0010 00000000 ffffffff 00cf9300 DPL=0 DS   [-WA]
CS =0008 00000000 ffffffff 00cf9a00 DPL=0 CS32 [-R-]
SS =0010 00000000 ffffffff 00cf9300 DPL=0 DS   [-WA]
DS =0010 00000000 ffffffff 00cf9300 DPL=0 DS   [-WA]
FS =0010 00000000 ffffffff 00cf9300 DPL=0 DS   [-WA]
GS =0010 00000000 ffffffff 00cf9300 DPL=0 DS   [-WA]
LDT=0000 00000000 0000ffff 00008200 DPL=0 LDT
TR =0000 00000000 0000ffff 00008b00 DPL=0 TSS32-busy
GDT=     00108008 00000017
IDT=     00108060 000007ff
CR0=80000011 CR2=00000000 CR3=00000000 CR4=00000000
DR0=00000000 DR1=00000000 DR2=00000000 DR3=00000000 
DR6=ffff0ff0 DR7=00000400
CCS=00000000 CCD=00000761 CCO=EFLAGS
EFER=0000000000000000
Servicing hardware INT=0x20
   433: v=20 e=0000 i=0 cpl=0 IP=0008:0010117e pc=0010117e SP=0010:d0000fa9 env->regs[R_EAX]=00000741
EAX=00000741 EBX=0000001c ECX=0000065c EDX=00000014
ESI=000b8000 EDI=00000700 EBP=d0000fb5 ESP=d0000fa9
EIP=0010117e EFL=00000206 [-----P-] CPL=0 II=0 A20=1 SMM=0 HLT=0
ES =0010 00000000 ffffffff 00cf9300 DPL=0 DS   [-WA]
CS =0008 00000000 ffffffff 00cf9a00 DPL=0 CS32 [-R-]
SS =0010 00000000 ffffffff 00cf9300 DPL=0 DS   [-WA]
DS =0010 00000000 ffffffff 00cf9300 DPL=0 DS   [-WA]
FS =0010 00000000 ffffffff 00cf9300 DPL=0 DS   [-WA]
GS =0010 00000000 ffffffff 00cf9300 DPL=0 DS   [-WA]
LDT=0000 00000000 0000ffff 00008200 DPL=0 LDT
TR =0000 00000000 0000ffff 00008b00 DPL=0 TSS32-busy
GDT=     00108008 00000017
IDT=     00108060 000007ff
CR0=80000011 CR2=00000000 CR3=00000000 CR4=00000000
DR0=00000000 DR1=00000000 DR2=00000000 DR3=00000000 
DR6=ffff0ff0 DR7=00000400
CCS=00000004 CCD=0000065c CCO=EFLAGS
EFER=0000000000000000
Servicing hardware INT=0x20
   434: v=20 e=0000 i=0 cpl=0 IP=0008:0010117e pc=0010117e SP=0010:d0001fb2 env->regs[R_EAX]=00000742
EAX=00000742 EBX=0000001f ECX=0000047f EDX=0000000e
ESI=000b8000 EDI=00000700 EBP=d0001fbe ESP=d0001fb2
EIP=0010117e EFL=00000202 [-------] CPL=0 II=0 A20=1 SMM=0 HLT=0
ES =0010 00000000 ffffffff 00cf9300 DPL=0 DS   [-WA]
CS =0008 00000000 ffffffff 00cf9a00 DPL=0 CS32 [-R-]
SS =0010 00000000 ffffffff 00cf9300 DPL=0 DS   [-WA]
DS =0010 00000000 ffffffff 00cf9300 DPL=0 DS   [-WA]
FS =0010 00000000 ffffffff 00cf9300 DPL=0 DS   [-WA]
GS =0010 00000000 ffffffff 00cf9300 DPL=0 DS   [-WA]
LDT=0000 00000000 0000ffff 00008200 DPL=0 LDT
TR =0000 00000000 0000ffff 00008b00 DPL=0 TSS32-busy
GDT=     00108008 00000017
IDT=     00108060 000007ff
CR0=80000011 CR2=00000000 CR3=00000000 CR4=00000000
DR0=00000000 DR1=00000000 DR2=00000000 DR3=00000000 
DR6=ffff0ff0 DR7=00000400
CCS=00000000 CCD=0000047f CCO=EFLAGS
EFER=0000000000000000
Servicing hardware INT=0x20
   435: v=20 e=0000 i=0 cpl=0 IP=0008:0010117e pc=0010117e SP=0010:00107fa4 env->regs[R_EAX]=00000730
EAX=00000730 EBX=00000041 ECX=00000271 EDX=00000007
ESI=000b8000 EDI=00000700 EBP=00107fb0 ESP=00107fa4
EIP=0010117e EFL=00000206 [-----P-] CPL=0 II=0 A20=1 SMM=0 HLT=0
ES =0010 00000000 ffffffff 00cf9300 DPL=0 DS   [-WA]
CS =0008 00000000 ffffffff 00cf9a00 DPL=0 CS32 [-R-]
SS =0010 00000000 ffffffff 00cf9300 DPL=0 DS   [-WA]
DS =0010 00000000 ffffffff 00cf9300 DPL=0 DS   [-WA]
FS =0010 00000000 ffffffff 00cf9300 DPL=0 DS   [-WA]
GS =0010 00000000 ffffffff 00cf9300 DPL=0 DS   [-WA]
LDT=0000 00000000 0000ffff 00008200 DPL=0 LDT
TR =0000 00000000 0000ffff 00008b00 DPL=0 TSS32-busy
GDT=     00108008 00000017
IDT=     00108060 000007ff
CR0=80000011 CR2=00000000 CR3=00000000 CR4=00000000
DR0=00000000 DR1=00000000 DR2=00000000 DR3=00000000 
DR6=ffff0ff0 DR7=00000400
CCS=00000004 CCD=00000271 CCO=EFLAGS
EFER=0000000000000000
Servicing hardware INT=0x20
   436: v=20 e=0000 i=0 cpl=0 IP=0008:0010117e pc=0010117e SP=0010:d0000fa9 env->regs[R_EAX]=00000741
EAX=00000741 EBX=0000000b ECX=000000ab EDX=00000002
ESI=000b8000 EDI=00000700 EBP=d0000fb5 ESP=d0000fa9
EIP=0010117e EFL=00000202 [-------] CPL=0 II=0 A20=1 SMM=0 HLT=0
ES =0010 00000000 ffffffff 00cf9300 DPL=0 DS   [-WA]
CS =0008 00000000 ffffffff 00cf9a00 DPL=0 CS32 [-R-]
SS =0010 00000000 ffffffff 00cf9300 DPL=0 DS   [-WA]
DS =0010 00000000 ffffffff 00cf9300 DPL=0 DS   [-WA]
FS =0010 00000000 ffffffff 00cf9300 DPL=0 DS   [-WA]
GS =0010 00000000 ffffffff 00cf9300 DPL=0 DS   [-WA]
LDT=0000 00000000 0000ffff 00008200 DPL=0 LDT
TR =0000 00000000 0000ffff 00008b00 DPL=0 TSS32-busy
GDT=     00108008 00000017
IDT=     00108060 000007ff
CR0=80000011 CR2=00000000 CR3=00000000 CR4=00000000
DR0=00000000 DR1=00000000 DR2=00000000 DR3=00000000 
DR6=ffff0ff0 DR7=00000400
CCS=00000000 CCD=000000ab CCO=EFLAGS
EFER=0000000000000000
Servicing hardware INT=0x20
   437: v=20 e=0000 i=0 cpl=0 IP=0008:0010117e pc=0010117e SP=0010:d0001fb2 env->regs[R_EAX]=00000742
EAX=00000742 EBX=0000004e ECX=0000059e EDX=00000011
ESI=000b8000 EDI=00000700 EBP=d0001fbe ESP=d0001fb2
EIP=0010117e EFL=00000202 [-------] CPL=0 II=0 A20=1 SMM=0 HLT=0
ES =0010 00000000 ffffffff 00cf9300 DPL=0 DS   [-WA]
CS =0008 00000000 ffffffff 00cf9a00 DPL=0 CS32 [-R-]
SS =0010 00000000 ffffffff 00cf9300 DPL=0 DS   [-WA]
DS =0010 00000000 ffffffff 00cf9300 DPL=0 DS   [-WA]
FS =0010 00000000 ffffffff 00cf9300 DPL=0 DS   [-WA]
GS =0010 00000000 ffffffff 00cf9300 DPL=0 DS   [-WA]
LDT=0000 00000000 0000ffff 00008200 DPL=0 LDT
TR =0000 00000000 0000ffff 00008b00 DPL=0 TSS32-busy
GDT=     00108008 00000017
IDT=     00108060 000007ff
CR0=80000011 CR2=00000000 CR3=00000000 CR4=00000000
DR0=00000000 DR1=00000000 DR2=00000000 DR3=00000000 
DR6=ffff0ff0 DR7=00000400
CCS=00000000 CCD=0000059e CCO=EFLAGS
EFER=0000000000000000
Servicing hardware INT=0x20
   438: v=20 e=0000 i=0 cpl=0 IP=0008:0010117e pc=0010117e SP=0010:00107fa4 env->regs[R_EAX]=00000730
EAX=00000730 EBX=0000001f ECX=000002ef EDX=00000009
ESI=000b8000 EDI=00000700 EBP=00107fb0 ESP=00107fa4
EIP=0010117e EFL=00000202 [-------] CPL=0 II=0 A20=1 SMM=0 HLT=0
ES =0010 00000000 ffffffff 00cf9300 DPL=0 DS   [-WA]
CS =0008 00000000 ffffffff 00cf9a00 DPL=0 CS32 [-R-]
SS =0010 00000000 ffffffff 00cf9300 DPL=0 DS   [-WA]
DS =0010 00000000 ffffffff 00cf9300 DPL=0 DS   [-WA]
FS =0010 00000000 ffffffff 00cf9300 DPL=0 DS   [-WA]
GS =0010 00000000 ffffffff 00cf9300 DPL=0 DS   [-WA]
LDT=0000 00000000 0000ffff 00008200 DPL=0 LDT
TR =0000 00000000 0000ffff 00008b00 DPL=0 TSS32-busy
GDT=     00108008 00000017
IDT=     00108060 000007ff
CR0=80000011 CR2=00000000 CR3=00000000 CR4=00000000
DR0=00000000 DR1=00000000 DR2=00000000 DR3=00000000 
DR6=ffff0ff0 DR7=00000400
CCS=00000000 CCD=000002ef CCO=EFLAGS
EFER=0000000000000000
Servicing hardware INT=0x20
   439: v=20 e=0000 i=0 cpl=0 IP=0008:0010117e pc=0010117e SP=0010:d0000fa9 env->regs[R_EAX]=00000741
EAX=00000741 EBX=00000043 ECX=000001d3 EDX=00000005
ESI=000b8000 EDI=00000700 EBP=d0000fb5 ESP=d0000fa9
EIP=0010117e EFL=00000202 [-------] CPL=0 II=0 A20=1 SMM=0 HLT=0
ES =0010 00000000 ffffffff 00cf9300 DPL=0 DS   [-WA]
CS =0008 00000000 ffffffff 00cf9a00 DPL=0 CS32 [-R-]
SS =0010 00000000 ffffffff 00cf9300 DPL=0 DS   [-WA]
DS =0010 00000000 ffffffff 00cf9300 DPL=0 DS   [-WA]
FS =0010 00000000 ffffffff 00cf9300 DPL=0 DS   [-WA]
GS =0010 00000000 ffffffff 00cf9300 DPL=0 DS   [-WA]
LDT=0000 00000000 0000ffff 00008200 DPL=0 LDT
TR =0000 00000000 0000ffff 00008b00 DPL=0 TSS32-busy
GDT=     00108008 00000017
IDT=     00108060 000007ff
CR0=80000011 CR2=00000000 CR3=00000000 CR4=00000000
DR0=00000000 DR1=00000000 DR2=00000000 DR3=00000000 
DR6=ffff0ff0 DR7=00000400
CCS=00000000 CCD=000001d3 CCO=EFLAGS
EFER=0000000000000000
Servicing hardware INT=0x20
   440: v=20 e=0000 i=0 cpl=0 IP=0008:0010117e pc=0010117e SP=0010:d0001fb2 env->regs[R_EAX]=00000742
EAX=00000742 EBX=0000003e ECX=0000058e EDX=00000011
ESI=000b8000 EDI=00000700 EBP=d0001fbe ESP=d0001fb2
EIP=0010117e EFL=00000206 [-----P-] CPL=0 II=0 A20=1 SMM=0 HLT=0
ES =0010 00000000 ffffffff 00cf9300 DPL=0 DS   [-WA]
CS =0008 00000000 ffffffff 00cf9a00 DPL=0 CS32 [-R-]
SS =0010 00000000 ffffffff 00cf9300 DPL=0 DS   [-WA]
DS =0010 00000000 ffffffff 00cf9300 DPL=0 DS   [-WA]
FS =0010 00000000 ffffffff 00cf9300 DPL=0 DS   [-WA]
GS =0010 00000000 ffffffff 00cf9300 DPL=0 DS   [-WA]
LDT=0000 00000000 0000ffff 00008200 DPL=0 LDT
TR =0000 00000000 0000ffff 00008b00 DPL=0 TSS32-busy
GDT=     00108008 00000017
IDT=     00108060 000007ff
CR0=80000011 CR2=00000000 CR3=00000000 CR4=00000000
DR0=00000000 DR1=00000000 DR2=00000000 DR3=00000000 
DR6=ffff0ff0 DR7=00000400
CCS=00000004 CCD=0000058e CCO=EFLAGS
EFER=0000000000000000
Servicing hardware INT=0x20
   441: v=20 e=0000 i=0 cpl=0 IP=0008:0010117e pc=0010117e SP=0010:00107fa4 env->regs[R_EAX]=00000730
EAX=00000730 EBX=00000003 ECX=000000f3 EDX=00000003
ESI=000b8000 EDI=00000700 EBP=00107fb0 ESP=00107fa4
EIP=0010117e EFL=00000206 [-----P-] CPL=0 II=0 A20=1 SMM=0 HLT=0
ES =0010 00000000 ffffffff 00cf9300 DPL=0 DS   [-WA]
CS =0008 00000000 ffffffff 00cf9a00 DPL=0 CS32 [-R-]
SS =0010 00000000 ffffffff 00cf9300 DPL=0 DS   [-WA]
DS =0010 00000000 ffffffff 00cf9300 DPL=0 DS   [-WA]
FS =0010 00000000 ffffffff 00cf9300 DPL=0 DS   [-WA]
GS =0010 00000000 ffffffff 00cf9300 DPL=0 DS   [-WA]
LDT=0000 00000000 0000ffff 00008200 DPL=0 LDT
TR =0000 00000000 0000ffff 00008b00 DPL=0 TSS32-busy
GDT=     00108008 00000017
IDT=     00108060 000007ff
CR0=80000011 CR2=00000000 CR3=00000000 CR4=00000000
DR0=00000000 DR1=00000000 DR2=00000000 DR3=00000000 
DR6=ffff0ff0 DR7=00000400
CCS=00000004 CCD=000000f3 CCO=EFLAGS
EFER=0000000000000000
Servicing hardware INT=0x20
   442: v=20 e=0000 i=0 cpl=0 IP=0008:0010117e pc=0010117e SP=0010:d0000fa9 env->regs[R_EAX]=00000741
EAX=00000741 EBX=00000035 ECX=000005d5 EDX=00000012
ESI=000b8000 EDI=00000700 EBP=d0000fb5 ESP=d0000fa9
EIP=0010117e EFL=00000202 [-------] CPL=0 II=0 A20=1 SMM=0 HLT=0
ES =0010 00000000 ffffffff 00cf9300 DPL=0 DS   [-WA]
CS =0008 00000000 ffffffff 00cf9a00 DPL=0 CS32 [-R-]
SS =0010 00000000 ffffffff 00cf9300 DPL=0 DS   [-WA]
DS =0010 00000000 ffffffff 00cf9300 DPL=0 DS   [-WA]
FS =0010 00000000 ffffffff 00cf9300 DPL=0 DS   [-WA]
GS =0010 00000000 ffffffff 00cf9300 DPL=0 DS   [-WA]
LDT=0000 00000000 0000ffff 00008200 DPL=0 LDT
TR =0000 00000000 0000ffff 00008b00 DPL=0 TSS32-busy
GDT=     00108008 00000017
IDT=     00108060 000007ff
CR0=80000011 CR2=00000000 CR3=00000000 CR4=00000000
DR0=00000000 DR1=00000000 DR2=00000000 DR3=00000000 
DR6=ffff0ff0 DR7=00000400
CCS=00000000 CCD=000005d5 CCO=EFLAGS
EFER=0000000000000000
Servicing hardware INT=0x20
   443: v=20 e=0000 i=0 cpl=0 IP=0008:0010117e pc=0010117e SP=0010:d0001fb2 env->regs[R_EAX]=00000742
EAX=00000742 EBX=0000003f ECX=0000012f EDX=00000003
ESI=000b8000 EDI=00000700 EBP=d0001fbe ESP=d0001fb2
EIP=0010117e EFL=00000202 [-------] CPL=0 II=0 A20=1 SMM=0 HLT=0
ES =0010 00000000 ffffffff 00cf9300 DPL=0 DS   [-WA]
CS =0008 00000000 ffffffff 00cf9a00 DPL=0 CS32 [-R-]
SS =0010 00000000 ffffffff 00cf9300 DPL=0 DS   [-WA]
DS =0010 00000000 ffffffff 00cf9300 DPL=0 DS   [-WA]
FS =0010 00000000 ffffffff 00cf9300 DPL=0 DS   [-WA]
GS =0010 00000000 ffffffff 00cf9300 DPL=0 DS   [-WA]
LDT=0000 00000000 0000ffff 00008200 DPL=0 LDT
TR =0000 00000000 0000ffff 00008b00 DPL=0 TSS32-busy
GDT=     00108008 00000017
IDT=     00108060 000007ff
CR0=80000011 CR2=00000000 CR3=00000000 CR4=00000000
DR0=00000000 DR1=00000000 DR2=00000000 DR3=00000000 
DR6=ffff0ff0 DR7=00000400
CCS=00000000 CCD=0000012f CCO=EFLAGS
EFER=0000000000000000
Servicing hardware INT=0x20
   444: v=20 e=0000 i=0 cpl=0 IP=0008:0010117e pc=0010117e SP=0010:00107fa4 env->regs[R_EAX]=00000730
EAX=00000730 EBX=00000024 ECX=00000754 EDX=00000017
ESI=000b8000 EDI=00000700 EBP=00107fb0 ESP=00107fa4
EIP=0010117e EFL=00000202 [-------] CPL=0 II=0 A20=1 SMM=0 HLT=0
ES =0010 00000000 ffffffff 00cf9300 DPL=0 DS   [-WA]
CS =0008 00000000 ffffffff 00cf9a00 DPL=0 CS32 [-R-]
SS =0010 00000000 ffffffff 00cf9300 DPL=0 DS   [-WA]
DS =0010 00000000 ffffffff 00cf9300 DPL=0 DS   [-WA]
FS =0010 00000000 ffffffff 00cf9300 DPL=0 DS   [-WA]
GS =0010 00000000 ffffffff 00cf9300 DPL=0 DS   [-WA]
LDT=0000 00000000 0000ffff 00008200 DPL=0 LDT
TR =0000 00000000 0000ffff 00008b00 DPL=0 TSS32-busy
GDT=     00108008 00000017
IDT=     00108060 000007ff
CR0=80000011 CR2=00000000 CR3=00000000 CR4=00000000
DR0=00000000 DR1=00000000 DR2=00000000 DR3=00000000 
DR6=ffff0ff0 DR7=00000400
CCS=00000000 CCD=00000754 CCO=EFLAGS
EFER=0000000000000000
Servicing hardware INT=0x20
   445: v=20 e=0000 i=0 cpl=0 IP=0008:0010117e pc=0010117e SP=0010:d0000fa9 env->regs[R_EAX]=00000741
EAX=00000741 EBX=00000024 ECX=00000664 EDX=00000014
ESI=000b8000 EDI=00000700 EBP=d0000fb5 ESP=d0000fa9
EIP=0010117e EFL=00000202 [-------] CPL=0 II=0 A20=1 SMM=0 HLT=0
ES =0010 00000000 ffffffff 00cf9300 DPL=0 DS   [-WA]
CS =0008 00000000 ffffffff 00cf9a00 DPL=0 CS32 [-R-]
SS =0010 00000000 ffffffff 00cf9300 DPL=0 DS   [-WA]
DS =0010 00000000 ffffffff 00cf9300 DPL=0 DS   [-WA]
FS =0010 00000000 ffffffff 00cf9300 DPL=0 DS   [-WA]
GS =0010 00000000 ffffffff 00cf9300 DPL=0 DS   [-WA]
LDT=0000 00000000 0000ffff 00008200 DPL=0 LDT
TR =0000 00000000 0000ffff 00008b00 DPL=0 TSS32-busy
GDT=     00108008 00000017
IDT=     00108060 000007ff
CR0=80000011 CR2=00000000 CR3=00000000 CR4=00000000
DR0=00000000 DR1=00000000 DR2=00000000 DR3=00000000 
DR6=ffff0ff0 DR7=00000400
CCS=00000000 CCD=00000664 CCO=EFLAGS
EFER=0000000000000000
Servicing hardware INT=0x20
   446: v=20 e=0000 i=0 cpl=0 IP=0008:0010117e pc=0010117e SP=0010:d0001fb2 env->regs[R_EAX]=00000742
EAX=00000742 EBX=0000002f ECX=0000007f EDX=00000001
ESI=000b8000 EDI=00000700 EBP=d0001fbe ESP=d0001fb2
EIP=0010117e EFL=00000202 [-------] CPL=0 II=0 A20=1 SMM=0 HLT=0
ES =0010 00000000 ffffffff 00cf9300 DPL=0 DS   [-WA]
CS =0008 00000000 ffffffff 00cf9a00 DPL=0 CS32 [-R-]
SS =0010 00000000 ffffffff 00cf9300 DPL=0 DS   [-WA]
DS =0010 00000000 ffffffff 00cf9300 DPL=0 DS   [-WA]
FS =0010 00000000 ffffffff 00cf9300 DPL=0 DS   [-WA]
GS =0010 00000000 ffffffff 00cf9300 DPL=0 DS   [-WA]
LDT=0000 00000000 0000ffff 00008200 DPL=0 LDT
TR =0000 00000000 0000ffff 00008b00 DPL=0 TSS32-busy
GDT=     00108008 00000017
IDT=     00108060 000007ff
CR0=80000011 CR2=00000000 CR3=00000000 CR4=00000000
DR0=00000000 DR1=00000000 DR2=00000000 DR3=00000000 
DR6=ffff0ff0 DR7=00000400
CCS=00000000 CCD=0000007f CCO=EFLAGS
EFER=0000000000000000
Servicing hardware INT=0x20
   447: v=20 e=0000 i=0 cpl=0 IP=0008:0010117e pc=0010117e SP=0010:00107fa4 env->regs[R_EAX]=00000730
EAX=00000730 EBX=0000004e ECX=000004fe EDX=0000000f
ESI=000b8000 EDI=00000700 EBP=00107fb0 ESP=00107fa4
EIP=0010117e EFL=00000202 [-------] CPL=0 II=0 A20=1 SMM=0 HLT=0
ES =0010 00000000 ffffffff 00cf9300 DPL=0 DS   [-WA]
CS =0008 00000000 ffffffff 00cf9a00 DPL=0 CS32 [-R-]
SS =0010 00000000 ffffffff 00cf9300 DPL=0 DS   [-WA]
DS =0010 00000000 ffffffff 00cf9300 DPL=0 DS   [-WA]
FS =0010 00000000 ffffffff 00cf9300 DPL=0 DS   [-WA]
GS =0010 00000000 ffffffff 00cf9300 DPL=0 DS   [-WA]
LDT=0000 00000000 0000ffff 00008200 DPL=0 LDT
TR =0000 00000000 0000ffff 00008b00 DPL=0 TSS32-busy
GDT=     00108008 00000017
IDT=     00108060 000007ff
CR0=80000011 CR2=00000000 CR3=00000000 CR4=00000000
DR0=00000000 DR1=00000000 DR2=00000000 DR3=00000000 
DR6=ffff0ff0 DR7=00000400
CCS=00000000 CCD=000004fe CCO=EFLAGS
EFER=0000000000000000
Servicing hardware INT=0x20
   448: v=20 e=0000 i=0 cpl=0 IP=0008:0010117e pc=0010117e SP=0010:d0000fa9 env->regs[R_EAX]=00000741
EAX=00000741 EBX=00000005 ECX=000005a5 EDX=00000012
ESI=000b8000 EDI=00000700 EBP=d0000fb5 ESP=d0000fa9
EIP=0010117e EFL=00000206 [-----P-] CPL=0 II=0 A20=1 SMM=0 HLT=0
ES =0010 00000000 ffffffff 00cf9300 DPL=0 DS   [-WA]
CS =0008 00000000 ffffffff 00cf9a00 DPL=0 CS32 [-R-]
SS =0010 00000000 ffffffff 00cf9300 DPL=0 DS   [-WA]
DS =0010 00000000 ffffffff 00cf9300 DPL=0 DS   [-WA]
FS =0010 00000000 ffffffff 00cf9300 DPL=0 DS   [-WA]
GS =0010 00000000 ffffffff 00cf9300 DPL=0 DS   [-WA]
LDT=0000 00000000 0000ffff 00008200 DPL=0 LDT
TR =0000 00000000 0000ffff 00008b00 DPL=0 TSS32-busy
GDT=     00108008 00000017
IDT=     00108060 000007ff
CR0=80000011 CR2=00000000 CR3=00000000 CR4=00000000
DR0=00000000 DR1=00000000 DR2=00000000 DR3=00000000 
DR6=ffff0ff0 DR7=00000400
CCS=00000004 CCD=000005a5 CCO=EFLAGS
EFER=0000000000000000
Servicing hardware INT=0x20
   449: v=20 e=0000 i=0 cpl=0 IP=0008:0010117e pc=0010117e SP=0010:d0001fb2 env->regs[R_EAX]=00000742
EAX=00000742 EBX=0000002b ECX=0000066b EDX=00000014
ESI=000b8000 EDI=00000700 EBP=d0001fbe ESP=d0001fb2
EIP=0010117e EFL=00000202 [-------] CPL=0 II=0 A20=1 SMM=0 HLT=0
ES =0010 00000000 ffffffff 00cf9300 DPL=0 DS   [-WA]
CS =0008 00000000 ffffffff 00cf9a00 DPL=0 CS32 [-R-]
SS =0010 00000000 ffffffff 00cf9300 DPL=0 DS   [-WA]
DS =0010 00000000 ffffffff 00cf9300 DPL=0 DS   [-WA]
FS =0010 00000000 ffffffff 00cf9300 DPL=0 DS   [-WA]
GS =0010 00000000 ffffffff 00cf9300 DPL=0 DS   [-WA]
LDT=0000 00000000 0000ffff 00008200 DPL=0 LDT
TR =0000 00000000 0000ffff 00008b00 DPL=0 TSS32-busy
GDT=     00108008 00000017
IDT=     00108060 000007ff
CR0=80000011 CR2=00000000 CR3=00000000 CR4=00000000
DR0=00000000 DR1=00000000 DR2=00000000 DR3=00000000 
DR6=ffff0ff0 DR7=00000400
CCS=00000000 CCD=0000066b CCO=EFLAGS
EFER=0000000000000000
Servicing hardware INT=0x20
   450: v=20 e=0000 i=0 cpl=0 IP=0008:0010117e pc=0010117e SP=0010:00107fa4 env->regs[R_EAX]=00000730
EAX=00000730 EBX=00000025 ECX=00000345 EDX=0000000a
ESI=000b8000 EDI=00000700 EBP=00107fb0 ESP=00107fa4
EIP=0010117e EFL=00000202 [-------] CPL=0 II=0 A20=1 SMM=0 HLT=0
ES =0010 00000000 ffffffff 00cf9300 DPL=0 DS   [-WA]
CS =0008 00000000 ffffffff 00cf9a00 DPL=0 CS32 [-R-]
SS =0010 00000000 ffffffff 00cf9300 DPL=0 DS   [-WA]
DS =0010 00000000 ffffffff 00cf9300 DPL=0 DS   [-WA]
FS =0010 00000000 ffffffff 00cf9300 DPL=0 DS   [-WA]
GS =0010 00000000 ffffffff 00cf9300 DPL=0 DS   [-WA]
LDT=0000 00000000 0000ffff 00008200 DPL=0 LDT
TR =0000 00000000 0000ffff 00008b00 DPL=0 TSS32-busy
GDT=     00108008 00000017
IDT=     00108060 000007ff
CR0=80000011 CR2=00000000 CR3=00000000 CR4=00000000
DR0=00000000 DR1=00000000 DR2=00000000 DR3=00000000 
DR6=ffff0ff0 DR7=00000400
CCS=00000000 CCD=00000345 CCO=EFLAGS
EFER=0000000000000000
Servicing hardware INT=0x20
   451: v=20 e=0000 i=0 cpl=0 IP=0008:0010117e pc=0010117e SP=0010:d0000fa9 env->regs[R_EAX]=00000741
EAX=00000741 EBX=00000004 ECX=00000784 EDX=00000018
ESI=000b8000 EDI=00000700 EBP=d0000fb5 ESP=d0000fa9
EIP=0010117e EFL=00000206 [-----P-] CPL=0 II=0 A20=1 SMM=0 HLT=0
ES =0010 00000000 ffffffff 00cf9300 DPL=0 DS   [-WA]
CS =0008 00000000 ffffffff 00cf9a00 DPL=0 CS32 [-R-]
SS =0010 00000000 ffffffff 00cf9300 DPL=0 DS   [-WA]
DS =0010 00000000 ffffffff 00cf9300 DPL=0 DS   [-WA]
FS =0010 00000000 ffffffff 00cf9300 DPL=0 DS   [-WA]
GS =0010 00000000 ffffffff 00cf9300 DPL=0 DS   [-WA]
LDT=0000 00000000 0000ffff 00008200 DPL=0 LDT
TR =0000 00000000 0000ffff 00008b00 DPL=0 TSS32-busy
GDT=     00108008 00000017
IDT=     00108060 000007ff
CR0=80000011 CR2=00000000 CR3=00000000 CR4=00000000
DR0=00000000 DR1=00000000 DR2=00000000 DR3=00000000 
DR6=ffff0ff0 DR7=00000400
CCS=00000004 CCD=00000784 CCO=EFLAGS
EFER=0000000000000000
Servicing hardware INT=0x20
   452: v=20 e=0000 i=0 cpl=0 IP=0008:0010117e pc=0010117e SP=0010:d0001fb2 env->regs[R_EAX]=00000742
EAX=00000742 EBX=00000001 ECX=00000051 EDX=00000001
ESI=000b8000 EDI=00000700 EBP=d0001fbe ESP=d0001fb2
EIP=0010117e EFL=00000202 [-------] CPL=0 II=0 A20=1 SMM=0 HLT=0
ES =0010 00000000 ffffffff 00cf9300 DPL=0 DS   [-WA]
CS =0008 00000000 ffffffff 00cf9a00 DPL=0 CS32 [-R-]
SS =0010 00000000 ffffffff 00cf9300 DPL=0 DS   [-WA]
DS =0010 00000000 ffffffff 00cf9300 DPL=0 DS   [-WA]
FS =0010 00000000 ffffffff 00cf9300 DPL=0 DS   [-WA]
GS =0010 00000000 ffffffff 00cf9300 DPL=0 DS   [-WA]
LDT=0000 00000000 0000ffff 00008200 DPL=0 LDT
TR =0000 00000000 0000ffff 00008b00 DPL=0 TSS32-busy
GDT=     00108008 00000017
IDT=     00108060 000007ff
CR0=80000011 CR2=00000000 CR3=00000000 CR4=00000000
DR0=00000000 DR1=00000000 DR2=00000000 DR3=00000000 
DR6=ffff0ff0 DR7=00000400
CCS=00000000 CCD=00000051 CCO=EFLAGS
EFER=0000000000000000
Servicing hardware INT=0x20
   453: v=20 e=0000 i=0 cpl=0 IP=0008:0010117e pc=0010117e SP=0010:00107fa4 env->regs[R_EAX]=00000730
EAX=00000730 EBX=0000002d ECX=0000011d EDX=00000003
ESI=000b8000 EDI=00000700 EBP=00107fb0 ESP=00107fa4
EIP=0010117e EFL=00000206 [-----P-] CPL=0 II=0 A20=1 SMM=0 HLT=0
ES =0010 00000000 ffffffff 00cf9300 DPL=0 DS   [-WA]
CS =0008 00000000 ffffffff 00cf9a00 DPL=0 CS32 [-R-]
SS =0010 00000000 ffffffff 00cf9300 DPL=0 DS   [-WA]
DS =0010 00000000 ffffffff 00cf9300 DPL=0 DS   [-WA]
FS =0010 00000000 ffffffff 00cf9300 DPL=0 DS   [-WA]
GS =0010 00000000 ffffffff 00cf9300 DPL=0 DS   [-WA]
LDT=0000 00000000 0000ffff 00008200 DPL=0 LDT
TR =0000 00000000 0000ffff 00008b00 DPL=0 TSS32-busy
GDT=     00108008 00000017
IDT=     00108060 000007ff
CR0=80000011 CR2=00000000 CR3=00000000 CR4=00000000
DR0=00000000 DR1=00000000 DR2=00000000 DR3=00000000 
DR6=ffff0ff0 DR7=00000400
CCS=00000004 CCD=0000011d CCO=EFLAGS
EFER=0000000000000000
Servicing hardware INT=0x20
   454: v=20 e=0000 i=0 cpl=0 IP=0008:0010117e pc=0010117e SP=0010:d0000fa9 env->regs[R_EAX]=00000741
EAX=00000741 EBX=0000001b ECX=000001ab EDX=00000005
ESI=000b8000 EDI=00000700 EBP=d0000fb5 ESP=d0000fa9
EIP=0010117e EFL=00000202 [-------] CPL=0 II=0 A20=1 SMM=0 HLT=0
ES =0010 00000000 ffffffff 00cf9300 DPL=0 DS   [-WA]
CS =0008 00000000 ffffffff 00cf9a00 DPL=0 CS32 [-R-]
SS =0010 00000000 ffffffff 00cf9300 DPL=0 DS   [-WA]
DS =0010 00000000 ffffffff 00cf9300 DPL=0 DS   [-WA]
FS =0010 00000000 ffffffff 00cf9300 DPL=0 DS   [-WA]
GS =0010 00000000 ffffffff 00cf9300 DPL=0 DS   [-WA]
LDT=0000 00000000 0000ffff 00008200 DPL=0 LDT
TR =0000 00000000 0000ffff 00008b00 DPL=0 TSS32-busy
GDT=     00108008 00000017
IDT=     00108060 000007ff
CR0=80000011 CR2=00000000 CR3=00000000 CR4=00000000
DR0=00000000 DR1=00000000 DR2=00000000 DR3=00000000 
DR6=ffff0ff0 DR7=00000400
CCS=00000000 CCD=000001ab CCO=EFLAGS
EFER=0000000000000000
Servicing hardware INT=0x20
   455: v=20 e=0000 i=0 cpl=0 IP=0008:0010117e pc=0010117e SP=0010:d0001fb2 env->regs[R_EAX]=00000742
EAX=00000742 EBX=00000047 ECX=000001d7 EDX=00000005
ESI=000b8000 EDI=00000700 EBP=d0001fbe ESP=d0001fb2
EIP=0010117e EFL=00000206 [-----P-] CPL=0 II=0 A20=1 SMM=0 HLT=0
ES =0010 00000000 ffffffff 00cf9300 DPL=0 DS   [-WA]
CS =0008 00000000 ffffffff 00cf9a00 DPL=0 CS32 [-R-]
SS =0010 00000000 ffffffff 00cf9300 DPL=0 DS   [-WA]
DS =0010 00000000 ffffffff 00cf9300 DPL=0 DS   [-WA]
FS =0010 00000000 ffffffff 00cf9300 DPL=0 DS   [-WA]
GS =0010 00000000 ffffffff 00cf9300 DPL=0 DS   [-WA]
LDT=0000 00000000 0000ffff 00008200 DPL=0 LDT
TR =0000 00000000 0000ffff 00008b00 DPL=0 TSS32-busy
GDT=     00108008 00000017
IDT=     00108060 000007ff
CR0=80000011 CR2=00000000 CR3=00000000 CR4=00000000
DR0=00000000 DR1=00000000 DR2=00000000 DR3=00000000 
DR6=ffff0ff0 DR7=00000400
CCS=00000004 CCD=000001d7 CCO=EFLAGS
EFER=0000000000000000
Servicing hardware INT=0x20
   456: v=20 e=0000 i=0 cpl=0 IP=0008:00100b8d pc=00100b8d SP=0010:00107fd8 env->regs[R_EAX]=0000003b
EAX=0000003b EBX=00000001 ECX=000005da EDX=00000012
ESI=00100a00 EDI=00001000 EBP=00107ff0 ESP=00107fd8
EIP=00100b8d EFL=00000246 [---Z-P-] CPL=0 II=0 A20=1 SMM=0 HLT=0
ES =0010 00000000 ffffffff 00cf9300 DPL=0 DS   [-WA]
CS =0008 00000000 ffffffff 00cf9a00 DPL=0 CS32 [-R-]
SS =0010 00000000 ffffffff 00cf9300 DPL=0 DS   [-WA]
DS =0010 00000000 ffffffff 00cf9300 DPL=0 DS   [-WA]
FS =0010 00000000 ffffffff 00cf9300 DPL=0 DS   [-WA]
GS =0010 00000000 ffffffff 00cf9300 DPL=0 DS   [-WA]
LDT=0000 00000000 0000ffff 00008200 DPL=0 LDT
TR =0000 00000000 0000ffff 00008b00 DPL=0 TSS32-busy
GDT=     00108008 00000017
IDT=     00108060 000007ff
CR0=80000011 CR2=00000000 CR3=00000000 CR4=00000000
DR0=00000000 DR1=00000000 DR2=00000000 DR3=00000000 
DR6=ffff0ff0 DR7=00000400
CCS=00000044 CCD=00000000 CCO=EFLAGS
EFER=0000000000000000
Servicing hardware INT=0x20
   457: v=20 e=0000 i=0 cpl=0 IP=0008:0010117e pc=0010117e SP=0010:d0000fa9 env->regs[R_EAX]=00000741
EAX=00000741 EBX=00000047 ECX=000002c7 EDX=00000008
ESI=000b8000 EDI=00000700 EBP=d0000fb5 ESP=d0000fa9
EIP=0010117e EFL=00000202 [-------] CPL=0 II=0 A20=1 SMM=0 HLT=0
ES =0010 00000000 ffffffff 00cf9300 DPL=0 DS   [-WA]
CS =0008 00000000 ffffffff 00cf9a00 DPL=0 CS32 [-R-]
SS =0010 00000000 ffffffff 00cf9300 DPL=0 DS   [-WA]
DS =0010 00000000 ffffffff 00cf9300 DPL=0 DS   [-WA]
FS =0010 00000000 ffffffff 00cf9300 DPL=0 DS   [-WA]
GS =0010 00000000 ffffffff 00cf9300 DPL=0 DS   [-WA]
LDT=0000 00000000 0000ffff 00008200 DPL=0 LDT
TR =0000 00000000 0000ffff 00008b00 DPL=0 TSS32-busy
GDT=     00108008 00000017
IDT=     00108060 000007ff
CR0=80000011 CR2=00000000 CR3=00000000 CR4=00000000
DR0=00000000 DR1=00000000 DR2=00000000 DR3=00000000 
DR6=ffff0ff0 DR7=00000400
CCS=00000000 CCD=000002c7 CCO=EFLAGS
EFER=0000000000000000
Servicing hardware INT=0x20
   458: v=20 e=0000 i=0 cpl=0 IP=0008:0010117e pc=0010117e SP=0010:d0001fb2 env->regs[R_EAX]=00000742
EAX=00000742 EBX=00000011 ECX=000006f1 EDX=00000016
ESI=000b8000 EDI=00000700 EBP=d0001fbe ESP=d0001fb2
EIP=0010117e EFL=00000202 [-------] CPL=0 II=0 A20=1 SMM=0 HLT=0
ES =0010 00000000 ffffffff 00cf9300 DPL=0 DS   [-WA]
CS =0008 00000000 ffffffff 00cf9a00 DPL=0 CS32 [-R-]
SS =0010 00000000 ffffffff 00cf9300 DPL=0 DS   [-WA]
DS =0010 00000000 ffffffff 00cf9300 DPL=0 DS   [-WA]
FS =0010 00000000 ffffffff 00cf9300 DPL=0 DS   [-WA]
GS =0010 00000000 ffffffff 00cf9300 DPL=0 DS   [-WA]
LDT=0000 00000000 0000ffff 00008200 DPL=0 LDT
TR =0000 00000000 0000ffff 00008b00 DPL=0 TSS32-busy
GDT=     00108008 00000017
IDT=     00108060 000007ff
CR0=80000011 CR2=00000000 CR3=00000000 CR4=00000000
DR0=00000000 DR1=00000000 DR2=00000000 DR3=00000000 
DR6=ffff0ff0 DR7=00000400
CCS=00000000 CCD=000006f1 CCO=EFLAGS
EFER=0000000000000000
Servicing hardware INT=0x20
   459: v=20 e=0000 i=0 cpl=0 IP=0008:0010117e pc=0010117e SP=0010:00107fa4 env->regs[R_EAX]=00000730
EAX=00000730 EBX=0000004b ECX=0000009b EDX=00000001
ESI=000b8000 EDI=00000700 EBP=00107fb0 ESP=00107fa4
EIP=0010117e EFL=00000202 [-------] CPL=0 II=0 A20=1 SMM=0 HLT=0
ES =0010 00000000 ffffffff 00cf9300 DPL=0 DS   [-WA]
CS =0008 00000000 ffffffff 00cf9a00 DPL=0 CS32 [-R-]
SS =0010 00000000 ffffffff 00cf9300 DPL=0 DS   [-WA]
DS =0010 00000000 ffffffff 00cf9300 DPL=0 DS   [-WA]
FS =0010 00000000 ffffffff 00cf9300 DPL=0 DS   [-WA]
GS =0010 00000000 ffffffff 00cf9300 DPL=0 DS   [-WA]
LDT=0000 00000000 0000ffff 00008200 DPL=0 LDT
TR =0000 00000000 0000ffff 00008b00 DPL=0 TSS32-busy
GDT=     00108008 00000017
IDT=     00108060 000007ff
CR0=80000011 CR2=00000000 CR3=00000000 CR4=00000000
DR0=00000000 DR1=00000000 DR2=00000000 DR3=00000000 
DR6=ffff0ff0 DR7=00000400
CCS=00000000 CCD=0000009b CCO=EFLAGS
EFER=0000000000000000
Servicing hardware INT=0x20
   460: v=20 e=0000 i=0 cpl=0 IP=0008:0010117e pc=0010117e SP=0010:d0000fa9 env->regs[R_EAX]=00000741
EAX=00000741 EBX=00000033 ECX=00000173 EDX=00000004
ESI=000b8000 EDI=00000700 EBP=d0000fb5 ESP=d0000fa9
EIP=0010117e EFL=00000202 [-------] CPL=0 II=0 A20=1 SMM=0 HLT=0
ES =0010 00000000 ffffffff 00cf9300 DPL=0 DS   [-WA]
CS =0008 00000000 ffffffff 00cf9a00 DPL=0 CS32 [-R-]
SS =0010 00000000 ffffffff 00cf9300 DPL=0 DS   [-WA]
DS =0010 00000000 ffffffff 00cf9300 DPL=0 DS   [-WA]
FS =0010 00000000 ffffffff 00cf9300 DPL=0 DS   [-WA]
GS =0010 00000000 ffffffff 00cf9300 DPL=0 DS   [-WA]
LDT=0000 00000000 0000ffff 00008200 DPL=0 LDT
TR =0000 00000000 0000ffff 00008b00 DPL=0 TSS32-busy
GDT=     00108008 00000017
IDT=     00108060 000007ff
CR0=80000011 CR2=00000000 CR3=00000000 CR4=00000000
DR0=00000000 DR1=00000000 DR2=00000000 DR3=00000000 
DR6=ffff0ff0 DR7=00000400
CCS=00000000 CCD=00000173 CCO=EFLAGS
EFER=0000000000000000
Servicing hardware INT=0x20
   461: v=20 e=0000 i=0 cpl=0 IP=0008:0010117e pc=0010117e SP=0010:d0001fb2 env->regs[R_EAX]=00000742
EAX=00000742 EBX=00000001 ECX=000000f1 EDX=00000003
ESI=000b8000 EDI=00000700 EBP=d0001fbe ESP=d0001fb2
EIP=0010117e EFL=00000202 [-------] CPL=0 II=0 A20=1 SMM=0 HLT=0
ES =0010 00000000 ffffffff 00cf9300 DPL=0 DS   [-WA]
CS =0008 00000000 ffffffff 00cf9a00 DPL=0 CS32 [-R-]
SS =0010 00000000 ffffffff 00cf9300 DPL=0 DS   [-WA]
DS =0010 00000000 ffffffff 00cf9300 DPL=0 DS   [-WA]
FS =0010 00000000 ffffffff 00cf9300 DPL=0 DS   [-WA]
GS =0010 00000000 ffffffff 00cf9300 DPL=0 DS   [-WA]
LDT=0000 00000000 0000ffff 00008200 DPL=0 LDT
TR =0000 00000000 0000ffff 00008b00 DPL=0 TSS32-busy
GDT=     00108008 00000017
IDT=     00108060 000007ff
CR0=80000011 CR2=00000000 CR3=00000000 CR4=00000000
DR0=00000000 DR1=00000000 DR2=00000000 DR3=00000000 
DR6=ffff0ff0 DR7=00000400
CCS=00000000 CCD=000000f1 CCO=EFLAGS
EFER=0000000000000000
Servicing hardware INT=0x20
   462: v=20 e=0000 i=0 cpl=0 IP=0008:0010117e pc=0010117e SP=0010:00107fa4 env->regs[R_EAX]=00000730
EAX=00000730 EBX=00000033 ECX=000003a3 EDX=0000000b
ESI=000b8000 EDI=00000700 EBP=00107fb0 ESP=00107fa4
EIP=0010117e EFL=00000206 [-----P-] CPL=0 II=0 A20=1 SMM=0 HLT=0
ES =0010 00000000 ffffffff 00cf9300 DPL=0 DS   [-WA]
CS =0008 00000000 ffffffff 00cf9a00 DPL=0 CS32 [-R-]
SS =0010 00000000 ffffffff 00cf9300 DPL=0 DS   [-WA]
DS =0010 00000000 ffffffff 00cf9300 DPL=0 DS   [-WA]
FS =0010 00000000 ffffffff 00cf9300 DPL=0 DS   [-WA]
GS =0010 00000000 ffffffff 00cf9300 DPL=0 DS   [-WA]
LDT=0000 00000000 0000ffff 00008200 DPL=0 LDT
TR =0000 00000000 0000ffff 00008b00 DPL=0 TSS32-busy
GDT=     00108008 00000017
IDT=     00108060 000007ff
CR0=80000011 CR2=00000000 CR3=00000000 CR4=00000000
DR0=00000000 DR1=00000000 DR2=00000000 DR3=00000000 
DR6=ffff0ff0 DR7=00000400
CCS=00000004 CCD=000003a3 CCO=EFLAGS
EFER=0000000000000000
Servicing hardware INT=0x20
   463: v=20 e=0000 i=0 cpl=0 IP=0008:0010117e pc=0010117e SP=0010:d0000fa9 env->regs[R_EAX]=00000741
EAX=00000741 EBX=00000023 ECX=00000433 EDX=0000000d
ESI=000b8000 EDI=00000700 EBP=d0000fb5 ESP=d0000fa9
EIP=0010117e EFL=00000206 [-----P-] CPL=0 II=0 A20=1 SMM=0 HLT=0
ES =0010 00000000 ffffffff 00cf9300 DPL=0 DS   [-WA]
CS =0008 00000000 ffffffff 00cf9a00 DPL=0 CS32 [-R-]
SS =0010 00000000 ffffffff 00cf9300 DPL=0 DS   [-WA]
DS =0010 00000000 ffffffff 00cf9300 DPL=0 DS   [-WA]
FS =0010 00000000 ffffffff 00cf9300 DPL=0 DS   [-WA]
GS =0010 00000000 ffffffff 00cf9300 DPL=0 DS   [-WA]
LDT=0000 00000000 0000ffff 00008200 DPL=0 LDT
TR =0000 00000000 0000ffff 00008b00 DPL=0 TSS32-busy
GDT=     00108008 00000017
IDT=     00108060 000007ff
CR0=80000011 CR2=00000000 CR3=00000000 CR4=00000000
DR0=00000000 DR1=00000000 DR2=00000000 DR3=00000000 
DR6=ffff0ff0 DR7=00000400
CCS=00000004 CCD=00000433 CCO=EFLAGS
EFER=0000000000000000
Servicing hardware INT=0x20
   464: v=20 e=0000 i=0 cpl=0 IP=0008:0010117e pc=0010117e SP=0010:d0001fb2 env->regs[R_EAX]=00000742
EAX=00000742 EBX=00000012 ECX=00000102 EDX=00000003
ESI=000b8000 EDI=00000700 EBP=d0001fbe ESP=d0001fb2
EIP=0010117e EFL=00000202 [-------] CPL=0 II=0 A20=1 SMM=0 HLT=0
ES =0010 00000000 ffffffff 00cf9300 DPL=0 DS   [-WA]
CS =0008 00000000 ffffffff 00cf9a00 DPL=0 CS32 [-R-]
SS =0010 00000000 ffffffff 00cf9300 DPL=0 DS   [-WA]
DS =0010 00000000 ffffffff 00cf9300 DPL=0 DS   [-WA]
FS =0010 00000000 ffffffff 00cf9300 DPL=0 DS   [-WA]
GS =0010 00000000 ffffffff 00cf9300 DPL=0 DS   [-WA]
LDT=0000 00000000 0000ffff 00008200 DPL=0 LDT
TR =0000 00000000 0000ffff 00008b00 DPL=0 TSS32-busy
GDT=     00108008 00000017
IDT=     00108060 000007ff
CR0=80000011 CR2=00000000 CR3=00000000 CR4=00000000
DR0=00000000 DR1=00000000 DR2=00000000 DR3=00000000 
DR6=ffff0ff0 DR7=00000400
CCS=00000000 CCD=00000102 CCO=EFLAGS
EFER=0000000000000000
Servicing hardware INT=0x20
   465: v=20 e=0000 i=0 cpl=0 IP=0008:0010117e pc=0010117e SP=0010:00107fa4 env->regs[R_EAX]=00000730
EAX=00000730 EBX=0000000e ECX=000006ee EDX=00000016
ESI=000b8000 EDI=00000700 EBP=00107fb0 ESP=00107fa4
EIP=0010117e EFL=00000206 [-----P-] CPL=0 II=0 A20=1 SMM=0 HLT=0
ES =0010 00000000 ffffffff 00cf9300 DPL=0 DS   [-WA]
CS =0008 00000000 ffffffff 00cf9a00 DPL=0 CS32 [-R-]
SS =0010 00000000 ffffffff 00cf9300 DPL=0 DS   [-WA]
DS =0010 00000000 ffffffff 00cf9300 DPL=0 DS   [-WA]
FS =0010 00000000 ffffffff 00cf9300 DPL=0 DS   [-WA]
GS =0010 00000000 ffffffff 00cf9300 DPL=0 DS   [-WA]
LDT=0000 00000000 0000ffff 00008200 DPL=0 LDT
TR =0000 00000000 0000ffff 00008b00 DPL=0 TSS32-busy
GDT=     00108008 00000017
IDT=     00108060 000007ff
CR0=80000011 CR2=00000000 CR3=00000000 CR4=00000000
DR0=00000000 DR1=00000000 DR2=00000000 DR3=00000000 
DR6=ffff0ff0 DR7=00000400
CCS=00000004 CCD=000006ee CCO=EFLAGS
EFER=0000000000000000
Servicing hardware INT=0x20
   466: v=20 e=0000 i=0 cpl=0 IP=0008:0010117e pc=0010117e SP=0010:d0000fa9 env->regs[R_EAX]=00000741
EAX=00000741 EBX=00000035 ECX=000003a5 EDX=0000000b
ESI=000b8000 EDI=00000700 EBP=d0000fb5 ESP=d0000fa9
EIP=0010117e EFL=00000206 [-----P-] CPL=0 II=0 A20=1 SMM=0 HLT=0
ES =0010 00000000 ffffffff 00cf9300 DPL=0 DS   [-WA]
CS =0008 00000000 ffffffff 00cf9a00 DPL=0 CS32 [-R-]
SS =0010 00000000 ffffffff 00cf9300 DPL=0 DS   [-WA]
DS =0010 00000000 ffffffff 00cf9300 DPL=0 DS   [-WA]
FS =0010 00000000 ffffffff 00cf9300 DPL=0 DS   [-WA]
GS =0010 00000000 ffffffff 00cf9300 DPL=0 DS   [-WA]
LDT=0000 00000000 0000ffff 00008200 DPL=0 LDT
TR =0000 00000000 0000ffff 00008b00 DPL=0 TSS32-busy
GDT=     00108008 00000017
IDT=     00108060 000007ff
CR0=80000011 CR2=00000000 CR3=00000000 CR4=00000000
DR0=00000000 DR1=00000000 DR2=00000000 DR3=00000000 
DR6=ffff0ff0 DR7=00000400
CCS=00000004 CCD=000003a5 CCO=EFLAGS
EFER=0000000000000000
Servicing hardware INT=0x20
   467: v=20 e=0000 i=0 cpl=0 IP=0008:0010117e pc=0010117e SP=0010:d0001fb2 env->regs[R_EAX]=00000742
EAX=00000742 EBX=00000039 ECX=00000359 EDX=0000000a
ESI=000b8000 EDI=00000700 EBP=d0001fbe ESP=d0001fb2
EIP=0010117e EFL=00000206 [-----P-] CPL=0 II=0 A20=1 SMM=0 HLT=0
ES =0010 00000000 ffffffff 00cf9300 DPL=0 DS   [-WA]
CS =0008 00000000 ffffffff 00cf9a00 DPL=0 CS32 [-R-]
SS =0010 00000000 ffffffff 00cf9300 DPL=0 DS   [-WA]
DS =0010 00000000 ffffffff 00cf9300 DPL=0 DS   [-WA]
FS =0010 00000000 ffffffff 00cf9300 DPL=0 DS   [-WA]
GS =0010 00000000 ffffffff 00cf9300 DPL=0 DS   [-WA]
LDT=0000 00000000 0000ffff 00008200 DPL=0 LDT
TR =0000 00000000 0000ffff 00008b00 DPL=0 TSS32-busy
GDT=     00108008 00000017
IDT=     00108060 000007ff
CR0=80000011 CR2=00000000 CR3=00000000 CR4=00000000
DR0=00000000 DR1=00000000 DR2=00000000 DR3=00000000 
DR6=ffff0ff0 DR7=00000400
CCS=00000004 CCD=00000359 CCO=EFLAGS
EFER=0000000000000000
Servicing hardware INT=0x20
   468: v=20 e=0000 i=0 cpl=0 IP=0008:0010117e pc=0010117e SP=0010:00107fa4 env->regs[R_EAX]=00000730
EAX=00000730 EBX=00000014 ECX=00000154 EDX=00000004
ESI=000b8000 EDI=00000700 EBP=00107fb0 ESP=00107fa4
EIP=0010117e EFL=00000202 [-------] CPL=0 II=0 A20=1 SMM=0 HLT=0
ES =0010 00000000 ffffffff 00cf9300 DPL=0 DS   [-WA]
CS =0008 00000000 ffffffff 00cf9a00 DPL=0 CS32 [-R-]
SS =0010 00000000 ffffffff 00cf9300 DPL=0 DS   [-WA]
DS =0010 00000000 ffffffff 00cf9300 DPL=0 DS   [-WA]
FS =0010 00000000 ffffffff 00cf9300 DPL=0 DS   [-WA]
GS =0010 00000000 ffffffff 00cf9300 DPL=0 DS   [-WA]
LDT=0000 00000000 0000ffff 00008200 DPL=0 LDT
TR =0000 00000000 0000ffff 00008b00 DPL=0 TSS32-busy
GDT=     00108008 00000017
IDT=     00108060 000007ff
CR0=80000011 CR2=00000000 CR3=00000000 CR4=00000000
DR0=00000000 DR1=00000000 DR2=00000000 DR3=00000000 
DR6=ffff0ff0 DR7=00000400
CCS=00000000 CCD=00000154 CCO=EFLAGS
EFER=0000000000000000
Servicing hardware INT=0x20
   469: v=20 e=0000 i=0 cpl=0 IP=0008:0010117e pc=0010117e SP=0010:d0000fa9 env->regs[R_EAX]=00000741
EAX=00000741 EBX=0000003d ECX=000006cd EDX=00000015
ESI=000b8000 EDI=00000700 EBP=d0000fb5 ESP=d0000fa9
EIP=0010117e EFL=00000202 [-------] CPL=0 II=0 A20=1 SMM=0 HLT=0
ES =0010 00000000 ffffffff 00cf9300 DPL=0 DS   [-WA]
CS =0008 00000000 ffffffff 00cf9a00 DPL=0 CS32 [-R-]
SS =0010 00000000 ffffffff 00cf9300 DPL=0 DS   [-WA]
DS =0010 00000000 ffffffff 00cf9300 DPL=0 DS   [-WA]
FS =0010 00000000 ffffffff 00cf9300 DPL=0 DS   [-WA]
GS =0010 00000000 ffffffff 00cf9300 DPL=0 DS   [-WA]
LDT=0000 00000000 0000ffff 00008200 DPL=0 LDT
TR =0000 00000000 0000ffff 00008b00 DPL=0 TSS32-busy
GDT=     00108008 00000017
IDT=     00108060 000007ff
CR0=80000011 CR2=00000000 CR3=00000000 CR4=00000000
DR0=00000000 DR1=00000000 DR2=00000000 DR3=00000000 
DR6=ffff0ff0 DR7=00000400
CCS=00000000 CCD=000006cd CCO=EFLAGS
EFER=0000000000000000
Servicing hardware INT=0x20
   470: v=20 e=0000 i=0 cpl=0 IP=0008:0010117e pc=0010117e SP=0010:d0001fb2 env->regs[R_EAX]=00000742
EAX=00000742 EBX=0000000e ECX=000006ee EDX=00000016
ESI=000b8000 EDI=00000700 EBP=d0001fbe ESP=d0001fb2
EIP=0010117e EFL=00000206 [-----P-] CPL=0 II=0 A20=1 SMM=0 HLT=0
ES =0010 00000000 ffffffff 00cf9300 DPL=0 DS   [-WA]
CS =0008 00000000 ffffffff 00cf9a00 DPL=0 CS32 [-R-]
SS =0010 00000000 ffffffff 00cf9300 DPL=0 DS   [-WA]
DS =0010 00000000 ffffffff 00cf9300 DPL=0 DS   [-WA]
FS =0010 00000000 ffffffff 00cf9300 DPL=0 DS   [-WA]
GS =0010 00000000 ffffffff 00cf9300 DPL=0 DS   [-WA]
LDT=0000 00000000 0000ffff 00008200 DPL=0 LDT
TR =0000 00000000 0000ffff 00008b00 DPL=0 TSS32-busy
GDT=     00108008 00000017
IDT=     00108060 000007ff
CR0=80000011 CR2=00000000 CR3=00000000 CR4=00000000
DR0=00000000 DR1=00000000 DR2=00000000 DR3=00000000 
DR6=ffff0ff0 DR7=00000400
CCS=00000004 CCD=000006ee CCO=EFLAGS
EFER=0000000000000000
Servicing hardware INT=0x20
   471: v=20 e=0000 i=0 cpl=0 IP=0008:0010117e pc=0010117e SP=0010:00107fa4 env->regs[R_EAX]=00000730
EAX=00000730 EBX=0000002c ECX=0000048c EDX=0000000e
ESI=000b8000 EDI=00000700 EBP=00107fb0 ESP=00107fa4
EIP=0010117e EFL=00000202 [-------] CPL=0 II=0 A20=1 SMM=0 HLT=0
ES =0010 00000000 ffffffff 00cf9300 DPL=0 DS   [-WA]
CS =0008 00000000 ffffffff 00cf9a00 DPL=0 CS32 [-R-]
SS =0010 00000000 ffffffff 00cf9300 DPL=0 DS   [-WA]
DS =0010 00000000 ffffffff 00cf9300 DPL=0 DS   [-WA]
FS =0010 00000000 ffffffff 00cf9300 DPL=0 DS   [-WA]
GS =0010 00000000 ffffffff 00cf9300 DPL=0 DS   [-WA]
LDT=0000 00000000 0000ffff 00008200 DPL=0 LDT
TR =0000 00000000 0000ffff 00008b00 DPL=0 TSS32-busy
GDT=     00108008 00000017
IDT=     00108060 000007ff
CR0=80000011 CR2=00000000 CR3=00000000 CR4=00000000
DR0=00000000 DR1=00000000 DR2=00000000 DR3=00000000 
DR6=ffff0ff0 DR7=00000400
CCS=00000000 CCD=0000048c CCO=EFLAGS
EFER=0000000000000000
Servicing hardware INT=0x20
   472: v=20 e=0000 i=0 cpl=0 IP=0008:0010117e pc=0010117e SP=0010:d0000fa9 env->regs[R_EAX]=00000741
EAX=00000741 EBX=00000000 ECX=000005a0 EDX=00000012
ESI=000b8000 EDI=00000700 EBP=d0000fb5 ESP=d0000fa9
EIP=0010117e EFL=00000206 [-----P-] CPL=0 II=0 A20=1 SMM=0 HLT=0
ES =0010 00000000 ffffffff 00cf9300 DPL=0 DS   [-WA]
CS =0008 00000000 ffffffff 00cf9a00 DPL=0 CS32 [-R-]
SS =0010 00000000 ffffffff 00cf9300 DPL=0 DS   [-WA]
DS =0010 00000000 ffffffff 00cf9300 DPL=0 DS   [-WA]
FS =0010 00000000 ffffffff 00cf9300 DPL=0 DS   [-WA]
GS =0010 00000000 ffffffff 00cf9300 DPL=0 DS   [-WA]
LDT=0000 00000000 0000ffff 00008200 DPL=0 LDT
TR =0000 00000000 0000ffff 00008b00 DPL=0 TSS32-busy
GDT=     00108008 00000017
IDT=     00108060 000007ff
CR0=80000011 CR2=00000000 CR3=00000000 CR4=00000000
DR0=00000000 DR1=00000000 DR2=00000000 DR3=00000000 
DR6=ffff0ff0 DR7=00000400
CCS=00000004 CCD=000005a0 CCO=EFLAGS
EFER=0000000000000000
Servicing hardware INT=0x20
   473: v=20 e=0000 i=0 cpl=0 IP=0008:0010117e pc=0010117e SP=0010:d0001fb2 env->regs[R_EAX]=00000742
EAX=00000742 EBX=0000003c ECX=000002bc EDX=00000008
ESI=000b8000 EDI=00000700 EBP=d0001fbe ESP=d0001fb2
EIP=0010117e EFL=00000202 [-------] CPL=0 II=0 A20=1 SMM=0 HLT=0
ES =0010 00000000 ffffffff 00cf9300 DPL=0 DS   [-WA]
CS =0008 00000000 ffffffff 00cf9a00 DPL=0 CS32 [-R-]
SS =0010 00000000 ffffffff 00cf9300 DPL=0 DS   [-WA]
DS =0010 00000000 ffffffff 00cf9300 DPL=0 DS   [-WA]
FS =0010 00000000 ffffffff 00cf9300 DPL=0 DS   [-WA]
GS =0010 00000000 ffffffff 00cf9300 DPL=0 DS   [-WA]
LDT=0000 00000000 0000ffff 00008200 DPL=0 LDT
TR =0000 00000000 0000ffff 00008b00 DPL=0 TSS32-busy
GDT=     00108008 00000017
IDT=     00108060 000007ff
CR0=80000011 CR2=00000000 CR3=00000000 CR4=00000000
DR0=00000000 DR1=00000000 DR2=00000000 DR3=00000000 
DR6=ffff0ff0 DR7=00000400
CCS=00000000 CCD=000002bc CCO=EFLAGS
EFER=0000000000000000
Servicing hardware INT=0x20
   474: v=20 e=0000 i=0 cpl=0 IP=0008:0010117e pc=0010117e SP=0010:00107fa4 env->regs[R_EAX]=00000730
EAX=00000730 EBX=00000009 ECX=00000199 EDX=00000005
ESI=000b8000 EDI=00000700 EBP=00107fb0 ESP=00107fa4
EIP=0010117e EFL=00000206 [-----P-] CPL=0 II=0 A20=1 SMM=0 HLT=0
ES =0010 00000000 ffffffff 00cf9300 DPL=0 DS   [-WA]
CS =0008 00000000 ffffffff 00cf9a00 DPL=0 CS32 [-R-]
SS =0010 00000000 ffffffff 00cf9300 DPL=0 DS   [-WA]
DS =0010 00000000 ffffffff 00cf9300 DPL=0 DS   [-WA]
FS =0010 00000000 ffffffff 00cf9300 DPL=0 DS   [-WA]
GS =0010 00000000 ffffffff 00cf9300 DPL=0 DS   [-WA]
LDT=0000 00000000 0000ffff 00008200 DPL=0 LDT
TR =0000 00000000 0000ffff 00008b00 DPL=0 TSS32-busy
GDT=     00108008 00000017
IDT=     00108060 000007ff
CR0=80000011 CR2=00000000 CR3=00000000 CR4=00000000
DR0=00000000 DR1=00000000 DR2=00000000 DR3=00000000 
DR6=ffff0ff0 DR7=00000400
CCS=00000004 CCD=00000199 CCO=EFLAGS
EFER=0000000000000000
Servicing hardware INT=0x20
   475: v=20 e=0000 i=0 cpl=0 IP=0008:0010117e pc=0010117e SP=0010:d0000fa9 env->regs[R_EAX]=00000741
EAX=00000741 EBX=00000047 ECX=00000687 EDX=00000014
ESI=000b8000 EDI=00000700 EBP=d0000fb5 ESP=d0000fa9
EIP=0010117e EFL=00000206 [-----P-] CPL=0 II=0 A20=1 SMM=0 HLT=0
ES =0010 00000000 ffffffff 00cf9300 DPL=0 DS   [-WA]
CS =0008 00000000 ffffffff 00cf9a00 DPL=0 CS32 [-R-]
SS =0010 00000000 ffffffff 00cf9300 DPL=0 DS   [-WA]
DS =0010 00000000 ffffffff 00cf9300 DPL=0 DS   [-WA]
FS =0010 00000000 ffffffff 00cf9300 DPL=0 DS   [-WA]
GS =0010 00000000 ffffffff 00cf9300 DPL=0 DS   [-WA]
LDT=0000 00000000 0000ffff 00008200 DPL=0 LDT
TR =0000 00000000 0000ffff 00008b00 DPL=0 TSS32-busy
GDT=     00108008 00000017
IDT=     00108060 000007ff
CR0=80000011 CR2=00000000 CR3=00000000 CR4=00000000
DR0=00000000 DR1=00000000 DR2=00000000 DR3=00000000 
DR6=ffff0ff0 DR7=00000400
CCS=00000004 CCD=00000687 CCO=EFLAGS
EFER=0000000000000000
Servicing hardware INT=0x20
   476: v=20 e=0000 i=0 cpl=0 IP=0008:0010117e pc=0010117e SP=0010:d0001fb2 env->regs[R_EAX]=00000742
EAX=00000742 EBX=00000016 ECX=00000656 EDX=00000014
ESI=000b8000 EDI=00000700 EBP=d0001fbe ESP=d0001fb2
EIP=0010117e EFL=00000206 [-----P-] CPL=0 II=0 A20=1 SMM=0 HLT=0
ES =0010 00000000 ffffffff 00cf9300 DPL=0 DS   [-WA]
CS =0008 00000000 ffffffff 00cf9a00 DPL=0 CS32 [-R-]
SS =0010 00000000 ffffffff 00cf9300 DPL=0 DS   [-WA]
DS =0010 00000000 ffffffff 00cf9300 DPL=0 DS   [-WA]
FS =0010 00000000 ffffffff 00cf9300 DPL=0 DS   [-WA]
GS =0010 00000000 ffffffff 00cf9300 DPL=0 DS   [-WA]
LDT=0000 00000000 0000ffff 00008200 DPL=0 LDT
TR =0000 00000000 0000ffff 00008b00 DPL=0 TSS32-busy
GDT=     00108008 00000017
IDT=     00108060 000007ff
CR0=80000011 CR2=00000000 CR3=00000000 CR4=00000000
DR0=00000000 DR1=00000000 DR2=00000000 DR3=00000000 
DR6=ffff0ff0 DR7=00000400
CCS=00000004 CCD=00000656 CCO=EFLAGS
EFER=0000000000000000
Servicing hardware INT=0x20
   477: v=20 e=0000 i=0 cpl=0 IP=0008:0010117e pc=0010117e SP=0010:00107fa4 env->regs[R_EAX]=00000730
EAX=00000730 EBX=00000049 ECX=00000049 EDX=00000000
ESI=000b8000 EDI=00000700 EBP=00107fb0 ESP=00107fa4
EIP=0010117e EFL=00000202 [-------] CPL=0 II=0 A20=1 SMM=0 HLT=0
ES =0010 00000000 ffffffff 00cf9300 DPL=0 DS   [-WA]
CS =0008 00000000 ffffffff 00cf9a00 DPL=0 CS32 [-R-]
SS =0010 00000000 ffffffff 00cf9300 DPL=0 DS   [-WA]
DS =0010 00000000 ffffffff 00cf9300 DPL=0 DS   [-WA]
FS =0010 00000000 ffffffff 00cf9300 DPL=0 DS   [-WA]
GS =0010 00000000 ffffffff 00cf9300 DPL=0 DS   [-WA]
LDT=0000 00000000 0000ffff 00008200 DPL=0 LDT
TR =0000 00000000 0000ffff 00008b00 DPL=0 TSS32-busy
GDT=     00108008 00000017
IDT=     00108060 000007ff
CR0=80000011 CR2=00000000 CR3=00000000 CR4=00000000
DR0=00000000 DR1=00000000 DR2=00000000 DR3=00000000 
DR6=ffff0ff0 DR7=00000400
CCS=00000000 CCD=00000049 CCO=EFLAGS
EFER=0000000000000000
Servicing hardware INT=0x20
   478: v=20 e=0000 i=0 cpl=0 IP=0008:0010117e pc=0010117e SP=0010:d0000fa9 env->regs[R_EAX]=00000741
EAX=00000741 EBX=0000004e ECX=000003be EDX=0000000b
ESI=000b8000 EDI=00000700 EBP=d0000fb5 ESP=d0000fa9
EIP=0010117e EFL=00000206 [-----P-] CPL=0 II=0 A20=1 SMM=0 HLT=0
ES =0010 00000000 ffffffff 00cf9300 DPL=0 DS   [-WA]
CS =0008 00000000 ffffffff 00cf9a00 DPL=0 CS32 [-R-]
SS =0010 00000000 ffffffff 00cf9300 DPL=0 DS   [-WA]
DS =0010 00000000 ffffffff 00cf9300 DPL=0 DS   [-WA]
FS =0010 00000000 ffffffff 00cf9300 DPL=0 DS   [-WA]
GS =0010 00000000 ffffffff 00cf9300 DPL=0 DS   [-WA]
LDT=0000 00000000 0000ffff 00008200 DPL=0 LDT
TR =0000 00000000 0000ffff 00008b00 DPL=0 TSS32-busy
GDT=     00108008 00000017
IDT=     00108060 000007ff
CR0=80000011 CR2=00000000 CR3=00000000 CR4=00000000
DR0=00000000 DR1=00000000 DR2=00000000 DR3=00000000 
DR6=ffff0ff0 DR7=00000400
CCS=00000004 CCD=000003be CCO=EFLAGS
EFER=0000000000000000
Servicing hardware INT=0x20
   479: v=20 e=0000 i=0 cpl=0 IP=0008:0010117e pc=0010117e SP=0010:d0001fb2 env->regs[R_EAX]=00000742
EAX=00000742 EBX=0000001a ECX=0000010a EDX=00000003
ESI=000b8000 EDI=00000700 EBP=d0001fbe ESP=d0001fb2
EIP=0010117e EFL=00000206 [-----P-] CPL=0 II=0 A20=1 SMM=0 HLT=0
ES =0010 00000000 ffffffff 00cf9300 DPL=0 DS   [-WA]
CS =0008 00000000 ffffffff 00cf9a00 DPL=0 CS32 [-R-]
SS =0010 00000000 ffffffff 00cf9300 DPL=0 DS   [-WA]
DS =0010 00000000 ffffffff 00cf9300 DPL=0 DS   [-WA]
FS =0010 00000000 ffffffff 00cf9300 DPL=0 DS   [-WA]
GS =0010 00000000 ffffffff 00cf9300 DPL=0 DS   [-WA]
LDT=0000 00000000 0000ffff 00008200 DPL=0 LDT
TR =0000 00000000 0000ffff 00008b00 DPL=0 TSS32-busy
GDT=     00108008 00000017
IDT=     00108060 000007ff
CR0=80000011 CR2=00000000 CR3=00000000 CR4=00000000
DR0=00000000 DR1=00000000 DR2=00000000 DR3=00000000 
DR6=ffff0ff0 DR7=00000400
CCS=00000004 CCD=0000010a CCO=EFLAGS
EFER=0000000000000000
Servicing hardware INT=0x20
   480: v=20 e=0000 i=0 cpl=0 IP=0008:0010117e pc=0010117e SP=0010:00107fa4 env->regs[R_EAX]=00000730
EAX=00000730 EBX=00000037 ECX=000002b7 EDX=00000008
ESI=000b8000 EDI=00000700 EBP=00107fb0 ESP=00107fa4
EIP=0010117e EFL=00000206 [-----P-] CPL=0 II=0 A20=1 SMM=0 HLT=0
ES =0010 00000000 ffffffff 00cf9300 DPL=0 DS   [-WA]
CS =0008 00000000 ffffffff 00cf9a00 DPL=0 CS32 [-R-]
SS =0010 00000000 ffffffff 00cf9300 DPL=0 DS   [-WA]
DS =0010 00000000 ffffffff 00cf9300 DPL=0 DS   [-WA]
FS =0010 00000000 ffffffff 00cf9300 DPL=0 DS   [-WA]
GS =0010 00000000 ffffffff 00cf9300 DPL=0 DS   [-WA]
LDT=0000 00000000 0000ffff 00008200 DPL=0 LDT
TR =0000 00000000 0000ffff 00008b00 DPL=0 TSS32-busy
GDT=     00108008 00000017
IDT=     00108060 000007ff
CR0=80000011 CR2=00000000 CR3=00000000 CR4=00000000
DR0=00000000 DR1=00000000 DR2=00000000 DR3=00000000 
DR6=ffff0ff0 DR7=00000400
CCS=00000004 CCD=000002b7 CCO=EFLAGS
EFER=0000000000000000
Servicing hardware INT=0x20
   481: v=20 e=0000 i=0 cpl=0 IP=0008:0010117e pc=0010117e SP=0010:d0000fa9 env->regs[R_EAX]=00000741
EAX=00000741 EBX=00000047 ECX=00000687 EDX=00000014
ESI=000b8000 EDI=00000700 EBP=d0000fb5 ESP=d0000fa9
EIP=0010117e EFL=00000206 [-----P-] CPL=0 II=0 A20=1 SMM=0 HLT=0
ES =0010 00000000 ffffffff 00cf9300 DPL=0 DS   [-WA]
CS =0008 00000000 ffffffff 00cf9a00 DPL=0 CS32 [-R-]
SS =0010 00000000 ffffffff 00cf9300 DPL=0 DS   [-WA]
DS =0010 00000000 ffffffff 00cf9300 DPL=0 DS   [-WA]
FS =0010 00000000 ffffffff 00cf9300 DPL=0 DS   [-WA]
GS =0010 00000000 ffffffff 00cf9300 DPL=0 DS   [-WA]
LDT=0000 00000000 0000ffff 00008200 DPL=0 LDT
TR =0000 00000000 0000ffff 00008b00 DPL=0 TSS32-busy
GDT=     00108008 00000017
IDT=     00108060 000007ff
CR0=80000011 CR2=00000000 CR3=00000000 CR4=00000000
DR0=00000000 DR1=00000000 DR2=00000000 DR3=00000000 
DR6=ffff0ff0 DR7=00000400
CCS=00000004 CCD=00000687 CCO=EFLAGS
EFER=0000000000000000
Servicing hardware INT=0x20
   482: v=20 e=0000 i=0 cpl=0 IP=0008:0010117e pc=0010117e SP=0010:d0001fb2 env->regs[R_EAX]=00000742
EAX=00000742 EBX=00000026 ECX=000001b6 EDX=00000005
ESI=000b8000 EDI=00000700 EBP=d0001fbe ESP=d0001fb2
EIP=0010117e EFL=00000202 [-------] CPL=0 II=0 A20=1 SMM=0 HLT=0
ES =0010 00000000 ffffffff 00cf9300 DPL=0 DS   [-WA]
CS =0008 00000000 ffffffff 00cf9a00 DPL=0 CS32 [-R-]
SS =0010 00000000 ffffffff 00cf9300 DPL=0 DS   [-WA]
DS =0010 00000000 ffffffff 00cf9300 DPL=0 DS   [-WA]
FS =0010 00000000 ffffffff 00cf9300 DPL=0 DS   [-WA]
GS =0010 00000000 ffffffff 00cf9300 DPL=0 DS   [-WA]
LDT=0000 00000000 0000ffff 00008200 DPL=0 LDT
TR =0000 00000000 0000ffff 00008b00 DPL=0 TSS32-busy
GDT=     00108008 00000017
IDT=     00108060 000007ff
CR0=80000011 CR2=00000000 CR3=00000000 CR4=00000000
DR0=00000000 DR1=00000000 DR2=00000000 DR3=00000000 
DR6=ffff0ff0 DR7=00000400
CCS=00000000 CCD=000001b6 CCO=EFLAGS
EFER=0000000000000000
Servicing hardware INT=0x20
   483: v=20 e=0000 i=0 cpl=0 IP=0008:0010117e pc=0010117e SP=0010:00107fa4 env->regs[R_EAX]=00000730
EAX=00000730 EBX=00000002 ECX=00000692 EDX=00000015
ESI=000b8000 EDI=00000700 EBP=00107fb0 ESP=00107fa4
EIP=0010117e EFL=00000202 [-------] CPL=0 II=0 A20=1 SMM=0 HLT=0
ES =0010 00000000 ffffffff 00cf9300 DPL=0 DS   [-WA]
CS =0008 00000000 ffffffff 00cf9a00 DPL=0 CS32 [-R-]
SS =0010 00000000 ffffffff 00cf9300 DPL=0 DS   [-WA]
DS =0010 00000000 ffffffff 00cf9300 DPL=0 DS   [-WA]
FS =0010 00000000 ffffffff 00cf9300 DPL=0 DS   [-WA]
GS =0010 00000000 ffffffff 00cf9300 DPL=0 DS   [-WA]
LDT=0000 00000000 0000ffff 00008200 DPL=0 LDT
TR =0000 00000000 0000ffff 00008b00 DPL=0 TSS32-busy
GDT=     00108008 00000017
IDT=     00108060 000007ff
CR0=80000011 CR2=00000000 CR3=00000000 CR4=00000000
DR0=00000000 DR1=00000000 DR2=00000000 DR3=00000000 
DR6=ffff0ff0 DR7=00000400
CCS=00000000 CCD=00000692 CCO=EFLAGS
EFER=0000000000000000
Servicing hardware INT=0x20
   484: v=20 e=0000 i=0 cpl=0 IP=0008:0010117e pc=0010117e SP=0010:d0000fa9 env->regs[R_EAX]=00000741
EAX=00000741 EBX=0000000a ECX=0000037a EDX=0000000b
ESI=000b8000 EDI=00000700 EBP=d0000fb5 ESP=d0000fa9
EIP=0010117e EFL=00000202 [-------] CPL=0 II=0 A20=1 SMM=0 HLT=0
ES =0010 00000000 ffffffff 00cf9300 DPL=0 DS   [-WA]
CS =0008 00000000 ffffffff 00cf9a00 DPL=0 CS32 [-R-]
SS =0010 00000000 ffffffff 00cf9300 DPL=0 DS   [-WA]
DS =0010 00000000 ffffffff 00cf9300 DPL=0 DS   [-WA]
FS =0010 00000000 ffffffff 00cf9300 DPL=0 DS   [-WA]
GS =0010 00000000 ffffffff 00cf9300 DPL=0 DS   [-WA]
LDT=0000 00000000 0000ffff 00008200 DPL=0 LDT
TR =0000 00000000 0000ffff 00008b00 DPL=0 TSS32-busy
GDT=     00108008 00000017
IDT=     00108060 000007ff
CR0=80000011 CR2=00000000 CR3=00000000 CR4=00000000
DR0=00000000 DR1=00000000 DR2=00000000 DR3=00000000 
DR6=ffff0ff0 DR7=00000400
CCS=00000000 CCD=0000037a CCO=EFLAGS
EFER=0000000000000000
Servicing hardware INT=0x20
   485: v=20 e=0000 i=0 cpl=0 IP=0008:0010117e pc=0010117e SP=0010:d0001fb2 env->regs[R_EAX]=00000742
EAX=00000742 EBX=00000013 ECX=00000013 EDX=00000000
ESI=000b8000 EDI=00000700 EBP=d0001fbe ESP=d0001fb2
EIP=0010117e EFL=00000202 [-------] CPL=0 II=0 A20=1 SMM=0 HLT=0
ES =0010 00000000 ffffffff 00cf9300 DPL=0 DS   [-WA]
CS =0008 00000000 ffffffff 00cf9a00 DPL=0 CS32 [-R-]
SS =0010 00000000 ffffffff 00cf9300 DPL=0 DS   [-WA]
DS =0010 00000000 ffffffff 00cf9300 DPL=0 DS   [-WA]
FS =0010 00000000 ffffffff 00cf9300 DPL=0 DS   [-WA]
GS =0010 00000000 ffffffff 00cf9300 DPL=0 DS   [-WA]
LDT=0000 00000000 0000ffff 00008200 DPL=0 LDT
TR =0000 00000000 0000ffff 00008b00 DPL=0 TSS32-busy
GDT=     00108008 00000017
IDT=     00108060 000007ff
CR0=80000011 CR2=00000000 CR3=00000000 CR4=00000000
DR0=00000000 DR1=00000000 DR2=00000000 DR3=00000000 
DR6=ffff0ff0 DR7=00000400
CCS=00000000 CCD=00000013 CCO=EFLAGS
EFER=0000000000000000
Servicing hardware INT=0x20
   486: v=20 e=0000 i=0 cpl=0 IP=0008:0010117e pc=0010117e SP=0010:00107fa4 env->regs[R_EAX]=00000730
EAX=00000730 EBX=00000045 ECX=00000775 EDX=00000017
ESI=000b8000 EDI=00000700 EBP=00107fb0 ESP=00107fa4
EIP=0010117e EFL=00000202 [-------] CPL=0 II=0 A20=1 SMM=0 HLT=0
ES =0010 00000000 ffffffff 00cf9300 DPL=0 DS   [-WA]
CS =0008 00000000 ffffffff 00cf9a00 DPL=0 CS32 [-R-]
SS =0010 00000000 ffffffff 00cf9300 DPL=0 DS   [-WA]
DS =0010 00000000 ffffffff 00cf9300 DPL=0 DS   [-WA]
FS =0010 00000000 ffffffff 00cf9300 DPL=0 DS   [-WA]
GS =0010 00000000 ffffffff 00cf9300 DPL=0 DS   [-WA]
LDT=0000 00000000 0000ffff 00008200 DPL=0 LDT
TR =0000 00000000 0000ffff 00008b00 DPL=0 TSS32-busy
GDT=     00108008 00000017
IDT=     00108060 000007ff
CR0=80000011 CR2=00000000 CR3=00000000 CR4=00000000
DR0=00000000 DR1=00000000 DR2=00000000 DR3=00000000 
DR6=ffff0ff0 DR7=00000400
CCS=00000000 CCD=00000775 CCO=EFLAGS
EFER=0000000000000000
Servicing hardware INT=0x20
   487: v=20 e=0000 i=0 cpl=0 IP=0008:0010117e pc=0010117e SP=0010:d0000fa9 env->regs[R_EAX]=00000741
EAX=00000741 EBX=00000036 ECX=00000716 EDX=00000016
ESI=000b8000 EDI=00000700 EBP=d0000fb5 ESP=d0000fa9
EIP=0010117e EFL=00000202 [-------] CPL=0 II=0 A20=1 SMM=0 HLT=0
ES =0010 00000000 ffffffff 00cf9300 DPL=0 DS   [-WA]
CS =0008 00000000 ffffffff 00cf9a00 DPL=0 CS32 [-R-]
SS =0010 00000000 ffffffff 00cf9300 DPL=0 DS   [-WA]
DS =0010 00000000 ffffffff 00cf9300 DPL=0 DS   [-WA]
FS =0010 00000000 ffffffff 00cf9300 DPL=0 DS   [-WA]
GS =0010 00000000 ffffffff 00cf9300 DPL=0 DS   [-WA]
LDT=0000 00000000 0000ffff 00008200 DPL=0 LDT
TR =0000 00000000 0000ffff 00008b00 DPL=0 TSS32-busy
GDT=     00108008 00000017
IDT=     00108060 000007ff
CR0=80000011 CR2=00000000 CR3=00000000 CR4=00000000
DR0=00000000 DR1=00000000 DR2=00000000 DR3=00000000 
DR6=ffff0ff0 DR7=00000400
CCS=00000000 CCD=00000716 CCO=EFLAGS
EFER=0000000000000000
Servicing hardware INT=0x20
   488: v=20 e=0000 i=0 cpl=0 IP=0008:0010117e pc=0010117e SP=0010:d0001fb2 env->regs[R_EAX]=00000742
EAX=00000742 EBX=00000032 ECX=00000262 EDX=00000007
ESI=000b8000 EDI=00000700 EBP=d0001fbe ESP=d0001fb2
EIP=0010117e EFL=00000202 [-------] CPL=0 II=0 A20=1 SMM=0 HLT=0
ES =0010 00000000 ffffffff 00cf9300 DPL=0 DS   [-WA]
CS =0008 00000000 ffffffff 00cf9a00 DPL=0 CS32 [-R-]
SS =0010 00000000 ffffffff 00cf9300 DPL=0 DS   [-WA]
DS =0010 00000000 ffffffff 00cf9300 DPL=0 DS   [-WA]
FS =0010 00000000 ffffffff 00cf9300 DPL=0 DS   [-WA]
GS =0010 00000000 ffffffff 00cf9300 DPL=0 DS   [-WA]
LDT=0000 00000000 0000ffff 00008200 DPL=0 LDT
TR =0000 00000000 0000ffff 00008b00 DPL=0 TSS32-busy
GDT=     00108008 00000017
IDT=     00108060 000007ff
CR0=80000011 CR2=00000000 CR3=00000000 CR4=00000000
DR0=00000000 DR1=00000000 DR2=00000000 DR3=00000000 
DR6=ffff0ff0 DR7=00000400
CCS=00000000 CCD=00000262 CCO=EFLAGS
EFER=0000000000000000
Servicing hardware INT=0x20
   489: v=20 e=0000 i=0 cpl=0 IP=0008:0010117e pc=0010117e SP=0010:00107fa4 env->regs[R_EAX]=00000730
EAX=00000730 EBX=00000017 ECX=00000247 EDX=00000007
ESI=000b8000 EDI=00000700 EBP=00107fb0 ESP=00107fa4
EIP=0010117e EFL=00000206 [-----P-] CPL=0 II=0 A20=1 SMM=0 HLT=0
ES =0010 00000000 ffffffff 00cf9300 DPL=0 DS   [-WA]
CS =0008 00000000 ffffffff 00cf9a00 DPL=0 CS32 [-R-]
SS =0010 00000000 ffffffff 00cf9300 DPL=0 DS   [-WA]
DS =0010 00000000 ffffffff 00cf9300 DPL=0 DS   [-WA]
FS =0010 00000000 ffffffff 00cf9300 DPL=0 DS   [-WA]
GS =0010 00000000 ffffffff 00cf9300 DPL=0 DS   [-WA]
LDT=0000 00000000 0000ffff 00008200 DPL=0 LDT
TR =0000 00000000 0000ffff 00008b00 DPL=0 TSS32-busy
GDT=     00108008 00000017
IDT=     00108060 000007ff
CR0=80000011 CR2=00000000 CR3=00000000 CR4=00000000
DR0=00000000 DR1=00000000 DR2=00000000 DR3=00000000 
DR6=ffff0ff0 DR7=00000400
CCS=00000004 CCD=00000247 CCO=EFLAGS
EFER=0000000000000000
Servicing hardware INT=0x20
   490: v=20 e=0000 i=0 cpl=0 IP=0008:0010117e pc=0010117e SP=0010:d0000fa9 env->regs[R_EAX]=00000741
EAX=00000741 EBX=00000042 ECX=000007c2 EDX=00000018
ESI=000b8000 EDI=00000700 EBP=d0000fb5 ESP=d0000fa9
EIP=0010117e EFL=00000202 [-------] CPL=0 II=0 A20=1 SMM=0 HLT=0
ES =0010 00000000 ffffffff 00cf9300 DPL=0 DS   [-WA]
CS =0008 00000000 ffffffff 00cf9a00 DPL=0 CS32 [-R-]
SS =0010 00000000 ffffffff 00cf9300 DPL=0 DS   [-WA]
DS =0010 00000000 ffffffff 00cf9300 DPL=0 DS   [-WA]
FS =0010 00000000 ffffffff 00cf9300 DPL=0 DS   [-WA]
GS =0010 00000000 ffffffff 00cf9300 DPL=0 DS   [-WA]
LDT=0000 00000000 0000ffff 00008200 DPL=0 LDT
TR =0000 00000000 0000ffff 00008b00 DPL=0 TSS32-busy
GDT=     00108008 00000017
IDT=     00108060 000007ff
CR0=80000011 CR2=00000000 CR3=00000000 CR4=00000000
DR0=00000000 DR1=00000000 DR2=00000000 DR3=00000000 
DR6=ffff0ff0 DR7=00000400
CCS=00000000 CCD=000007c2 CCO=EFLAGS
EFER=0000000000000000
Servicing hardware INT=0x20
   491: v=20 e=0000 i=0 cpl=0 IP=0008:0010117e pc=0010117e SP=0010:d0001fb2 env->regs[R_EAX]=00000742
EAX=00000742 EBX=00000024 ECX=00000754 EDX=00000017
ESI=000b8000 EDI=00000700 EBP=d0001fbe ESP=d0001fb2
EIP=0010117e EFL=00000202 [-------] CPL=0 II=0 A20=1 SMM=0 HLT=0
ES =0010 00000000 ffffffff 00cf9300 DPL=0 DS   [-WA]
CS =0008 00000000 ffffffff 00cf9a00 DPL=0 CS32 [-R-]
SS =0010 00000000 ffffffff 00cf9300 DPL=0 DS   [-WA]
DS =0010 00000000 ffffffff 00cf9300 DPL=0 DS   [-WA]
FS =0010 00000000 ffffffff 00cf9300 DPL=0 DS   [-WA]
GS =0010 00000000 ffffffff 00cf9300 DPL=0 DS   [-WA]
LDT=0000 00000000 0000ffff 00008200 DPL=0 LDT
TR =0000 00000000 0000ffff 00008b00 DPL=0 TSS32-busy
GDT=     00108008 00000017
IDT=     00108060 000007ff
CR0=80000011 CR2=00000000 CR3=00000000 CR4=00000000
DR0=00000000 DR1=00000000 DR2=00000000 DR3=00000000 
DR6=ffff0ff0 DR7=00000400
CCS=00000000 CCD=00000754 CCO=EFLAGS
EFER=0000000000000000
Servicing hardware INT=0x20
   492: v=20 e=0000 i=0 cpl=0 IP=0008:0010117e pc=0010117e SP=0010:00107fa4 env->regs[R_EAX]=00000730
EAX=00000730 EBX=00000011 ECX=000001f1 EDX=00000006
ESI=000b8000 EDI=00000700 EBP=00107fb0 ESP=00107fa4
EIP=0010117e EFL=00000202 [-------] CPL=0 II=0 A20=1 SMM=0 HLT=0
ES =0010 00000000 ffffffff 00cf9300 DPL=0 DS   [-WA]
CS =0008 00000000 ffffffff 00cf9a00 DPL=0 CS32 [-R-]
SS =0010 00000000 ffffffff 00cf9300 DPL=0 DS   [-WA]
DS =0010 00000000 ffffffff 00cf9300 DPL=0 DS   [-WA]
FS =0010 00000000 ffffffff 00cf9300 DPL=0 DS   [-WA]
GS =0010 00000000 ffffffff 00cf9300 DPL=0 DS   [-WA]
LDT=0000 00000000 0000ffff 00008200 DPL=0 LDT
TR =0000 00000000 0000ffff 00008b00 DPL=0 TSS32-busy
GDT=     00108008 00000017
IDT=     00108060 000007ff
CR0=80000011 CR2=00000000 CR3=00000000 CR4=00000000
DR0=00000000 DR1=00000000 DR2=00000000 DR3=00000000 
DR6=ffff0ff0 DR7=00000400
CCS=00000000 CCD=000001f1 CCO=EFLAGS
EFER=0000000000000000
Servicing hardware INT=0x20
   493: v=20 e=0000 i=0 cpl=0 IP=0008:0010117e pc=0010117e SP=0010:d0000fa9 env->regs[R_EAX]=00000741
EAX=00000741 EBX=00000045 ECX=000000e5 EDX=00000002
ESI=000b8000 EDI=00000700 EBP=d0000fb5 ESP=d0000fa9
EIP=0010117e EFL=00000202 [-------] CPL=0 II=0 A20=1 SMM=0 HLT=0
ES =0010 00000000 ffffffff 00cf9300 DPL=0 DS   [-WA]
CS =0008 00000000 ffffffff 00cf9a00 DPL=0 CS32 [-R-]
SS =0010 00000000 ffffffff 00cf9300 DPL=0 DS   [-WA]
DS =0010 00000000 ffffffff 00cf9300 DPL=0 DS   [-WA]
FS =0010 00000000 ffffffff 00cf9300 DPL=0 DS   [-WA]
GS =0010 00000000 ffffffff 00cf9300 DPL=0 DS   [-WA]
LDT=0000 00000000 0000ffff 00008200 DPL=0 LDT
TR =0000 00000000 0000ffff 00008b00 DPL=0 TSS32-busy
GDT=     00108008 00000017
IDT=     00108060 000007ff
CR0=80000011 CR2=00000000 CR3=00000000 CR4=00000000
DR0=00000000 DR1=00000000 DR2=00000000 DR3=00000000 
DR6=ffff0ff0 DR7=00000400
CCS=00000000 CCD=000000e5 CCO=EFLAGS
EFER=0000000000000000
Servicing hardware INT=0x20
   494: v=20 e=0000 i=0 cpl=0 IP=0008:0010117e pc=0010117e SP=0010:d0001fb2 env->regs[R_EAX]=00000742
EAX=00000742 EBX=00000009 ECX=000000f9 EDX=00000003
ESI=000b8000 EDI=00000700 EBP=d0001fbe ESP=d0001fb2
EIP=0010117e EFL=00000206 [-----P-] CPL=0 II=0 A20=1 SMM=0 HLT=0
ES =0010 00000000 ffffffff 00cf9300 DPL=0 DS   [-WA]
CS =0008 00000000 ffffffff 00cf9a00 DPL=0 CS32 [-R-]
SS =0010 00000000 ffffffff 00cf9300 DPL=0 DS   [-WA]
DS =0010 00000000 ffffffff 00cf9300 DPL=0 DS   [-WA]
FS =0010 00000000 ffffffff 00cf9300 DPL=0 DS   [-WA]
GS =0010 00000000 ffffffff 00cf9300 DPL=0 DS   [-WA]
LDT=0000 00000000 0000ffff 00008200 DPL=0 LDT
TR =0000 00000000 0000ffff 00008b00 DPL=0 TSS32-busy
GDT=     00108008 00000017
IDT=     00108060 000007ff
CR0=80000011 CR2=00000000 CR3=00000000 CR4=00000000
DR0=00000000 DR1=00000000 DR2=00000000 DR3=00000000 
DR6=ffff0ff0 DR7=00000400
CCS=00000004 CCD=000000f9 CCO=EFLAGS
EFER=0000000000000000
Servicing hardware INT=0x20
   495: v=20 e=0000 i=0 cpl=0 IP=0008:0010117e pc=0010117e SP=0010:00107fa4 env->regs[R_EAX]=00000730
EAX=00000730 EBX=00000008 ECX=000000f8 EDX=00000003
ESI=000b8000 EDI=00000700 EBP=00107fb0 ESP=00107fa4
EIP=0010117e EFL=00000202 [-------] CPL=0 II=0 A20=1 SMM=0 HLT=0
ES =0010 00000000 ffffffff 00cf9300 DPL=0 DS   [-WA]
CS =0008 00000000 ffffffff 00cf9a00 DPL=0 CS32 [-R-]
SS =0010 00000000 ffffffff 00cf9300 DPL=0 DS   [-WA]
DS =0010 00000000 ffffffff 00cf9300 DPL=0 DS   [-WA]
FS =0010 00000000 ffffffff 00cf9300 DPL=0 DS   [-WA]
GS =0010 00000000 ffffffff 00cf9300 DPL=0 DS   [-WA]
LDT=0000 00000000 0000ffff 00008200 DPL=0 LDT
TR =0000 00000000 0000ffff 00008b00 DPL=0 TSS32-busy
GDT=     00108008 00000017
IDT=     00108060 000007ff
CR0=80000011 CR2=00000000 CR3=00000000 CR4=00000000
DR0=00000000 DR1=00000000 DR2=00000000 DR3=00000000 
DR6=ffff0ff0 DR7=00000400
CCS=00000000 CCD=000000f8 CCO=EFLAGS
EFER=0000000000000000
Servicing hardware INT=0x20
   496: v=20 e=0000 i=0 cpl=0 IP=0008:0010117e pc=0010117e SP=0010:d0000fa9 env->regs[R_EAX]=00000741
EAX=00000741 EBX=00000036 ECX=000004e6 EDX=0000000f
ESI=000b8000 EDI=00000700 EBP=d0000fb5 ESP=d0000fa9
EIP=0010117e EFL=00000202 [-------] CPL=0 II=0 A20=1 SMM=0 HLT=0
ES =0010 00000000 ffffffff 00cf9300 DPL=0 DS   [-WA]
CS =0008 00000000 ffffffff 00cf9a00 DPL=0 CS32 [-R-]
SS =0010 00000000 ffffffff 00cf9300 DPL=0 DS   [-WA]
DS =0010 00000000 ffffffff 00cf9300 DPL=0 DS   [-WA]
FS =0010 00000000 ffffffff 00cf9300 DPL=0 DS   [-WA]
GS =0010 00000000 ffffffff 00cf9300 DPL=0 DS   [-WA]
LDT=0000 00000000 0000ffff 00008200 DPL=0 LDT
TR =0000 00000000 0000ffff 00008b00 DPL=0 TSS32-busy
GDT=     00108008 00000017
IDT=     00108060 000007ff
CR0=80000011 CR2=00000000 CR3=00000000 CR4=00000000
DR0=00000000 DR1=00000000 DR2=00000000 DR3=00000000 
DR6=ffff0ff0 DR7=00000400
CCS=00000000 CCD=000004e6 CCO=EFLAGS
EFER=0000000000000000
Servicing hardware INT=0x20
   497: v=20 e=0000 i=0 cpl=0 IP=0008:0010117e pc=0010117e SP=0010:d0001fb2 env->regs[R_EAX]=00000742
EAX=00000742 EBX=0000003b ECX=0000017b EDX=00000004
ESI=000b8000 EDI=00000700 EBP=d0001fbe ESP=d0001fb2
EIP=0010117e EFL=00000206 [-----P-] CPL=0 II=0 A20=1 SMM=0 HLT=0
ES =0010 00000000 ffffffff 00cf9300 DPL=0 DS   [-WA]
CS =0008 00000000 ffffffff 00cf9a00 DPL=0 CS32 [-R-]
SS =0010 00000000 ffffffff 00cf9300 DPL=0 DS   [-WA]
DS =0010 00000000 ffffffff 00cf9300 DPL=0 DS   [-WA]
FS =0010 00000000 ffffffff 00cf9300 DPL=0 DS   [-WA]
GS =0010 00000000 ffffffff 00cf9300 DPL=0 DS   [-WA]
LDT=0000 00000000 0000ffff 00008200 DPL=0 LDT
TR =0000 00000000 0000ffff 00008b00 DPL=0 TSS32-busy
GDT=     00108008 00000017
IDT=     00108060 000007ff
CR0=80000011 CR2=00000000 CR3=00000000 CR4=00000000
DR0=00000000 DR1=00000000 DR2=00000000 DR3=00000000 
DR6=ffff0ff0 DR7=00000400
CCS=00000004 CCD=0000017b CCO=EFLAGS
EFER=0000000000000000
Servicing hardware INT=0x20
   498: v=20 e=0000 i=0 cpl=0 IP=0008:0010117e pc=0010117e SP=0010:00107fa4 env->regs[R_EAX]=00000730
EAX=00000730 EBX=0000004a ECX=0000036a EDX=0000000a
ESI=000b8000 EDI=00000700 EBP=00107fb0 ESP=00107fa4
EIP=0010117e EFL=00000206 [-----P-] CPL=0 II=0 A20=1 SMM=0 HLT=0
ES =0010 00000000 ffffffff 00cf9300 DPL=0 DS   [-WA]
CS =0008 00000000 ffffffff 00cf9a00 DPL=0 CS32 [-R-]
SS =0010 00000000 ffffffff 00cf9300 DPL=0 DS   [-WA]
DS =0010 00000000 ffffffff 00cf9300 DPL=0 DS   [-WA]
FS =0010 00000000 ffffffff 00cf9300 DPL=0 DS   [-WA]
GS =0010 00000000 ffffffff 00cf9300 DPL=0 DS   [-WA]
LDT=0000 00000000 0000ffff 00008200 DPL=0 LDT
TR =0000 00000000 0000ffff 00008b00 DPL=0 TSS32-busy
GDT=     00108008 00000017
IDT=     00108060 000007ff
CR0=80000011 CR2=00000000 CR3=00000000 CR4=00000000
DR0=00000000 DR1=00000000 DR2=00000000 DR3=00000000 
DR6=ffff0ff0 DR7=00000400
CCS=00000004 CCD=0000036a CCO=EFLAGS
EFER=0000000000000000
Servicing hardware INT=0x20
   499: v=20 e=0000 i=0 cpl=0 IP=0008:0010117e pc=0010117e SP=0010:d0000fa9 env->regs[R_EAX]=00000741
EAX=00000741 EBX=0000004e ECX=000006de EDX=00000015
ESI=000b8000 EDI=00000700 EBP=d0000fb5 ESP=d0000fa9
EIP=0010117e EFL=00000206 [-----P-] CPL=0 II=0 A20=1 SMM=0 HLT=0
ES =0010 00000000 ffffffff 00cf9300 DPL=0 DS   [-WA]
CS =0008 00000000 ffffffff 00cf9a00 DPL=0 CS32 [-R-]
SS =0010 00000000 ffffffff 00cf9300 DPL=0 DS   [-WA]
DS =0010 00000000 ffffffff 00cf9300 DPL=0 DS   [-WA]
FS =0010 00000000 ffffffff 00cf9300 DPL=0 DS   [-WA]
GS =0010 00000000 ffffffff 00cf9300 DPL=0 DS   [-WA]
LDT=0000 00000000 0000ffff 00008200 DPL=0 LDT
TR =0000 00000000 0000ffff 00008b00 DPL=0 TSS32-busy
GDT=     00108008 00000017
IDT=     00108060 000007ff
CR0=80000011 CR2=00000000 CR3=00000000 CR4=00000000
DR0=00000000 DR1=00000000 DR2=00000000 DR3=00000000 
DR6=ffff0ff0 DR7=00000400
CCS=00000004 CCD=000006de CCO=EFLAGS
EFER=0000000000000000
Servicing hardware INT=0x20
   500: v=20 e=0000 i=0 cpl=0 IP=0008:0010117e pc=0010117e SP=0010:d0001fb2 env->regs[R_EAX]=00000742
EAX=00000742 EBX=00000019 ECX=000001f9 EDX=00000006
ESI=000b8000 EDI=00000700 EBP=d0001fbe ESP=d0001fb2
EIP=0010117e EFL=00000206 [-----P-] CPL=0 II=0 A20=1 SMM=0 HLT=0
ES =0010 00000000 ffffffff 00cf9300 DPL=0 DS   [-WA]
CS =0008 00000000 ffffffff 00cf9a00 DPL=0 CS32 [-R-]
SS =0010 00000000 ffffffff 00cf9300 DPL=0 DS   [-WA]
DS =0010 00000000 ffffffff 00cf9300 DPL=0 DS   [-WA]
FS =0010 00000000 ffffffff 00cf9300 DPL=0 DS   [-WA]
GS =0010 00000000 ffffffff 00cf9300 DPL=0 DS   [-WA]
LDT=0000 00000000 0000ffff 00008200 DPL=0 LDT
TR =0000 00000000 0000ffff 00008b00 DPL=0 TSS32-busy
GDT=     00108008 00000017
IDT=     00108060 000007ff
CR0=80000011 CR2=00000000 CR3=00000000 CR4=00000000
DR0=00000000 DR1=00000000 DR2=00000000 DR3=00000000 
DR6=ffff0ff0 DR7=00000400
CCS=00000004 CCD=000001f9 CCO=EFLAGS
EFER=0000000000000000
Servicing hardware INT=0x20
   501: v=20 e=0000 i=0 cpl=0 IP=0008:0010117e pc=0010117e SP=0010:00107fa4 env->regs[R_EAX]=00000730
EAX=00000730 EBX=00000041 ECX=000001d1 EDX=00000005
ESI=000b8000 EDI=00000700 EBP=00107fb0 ESP=00107fa4
EIP=0010117e EFL=00000206 [-----P-] CPL=0 II=0 A20=1 SMM=0 HLT=0
ES =0010 00000000 ffffffff 00cf9300 DPL=0 DS   [-WA]
CS =0008 00000000 ffffffff 00cf9a00 DPL=0 CS32 [-R-]
SS =0010 00000000 ffffffff 00cf9300 DPL=0 DS   [-WA]
DS =0010 00000000 ffffffff 00cf9300 DPL=0 DS   [-WA]
FS =0010 00000000 ffffffff 00cf9300 DPL=0 DS   [-WA]
GS =0010 00000000 ffffffff 00cf9300 DPL=0 DS   [-WA]
LDT=0000 00000000 0000ffff 00008200 DPL=0 LDT
TR =0000 00000000 0000ffff 00008b00 DPL=0 TSS32-busy
GDT=     00108008 00000017
IDT=     00108060 000007ff
CR0=80000011 CR2=00000000 CR3=00000000 CR4=00000000
DR0=00000000 DR1=00000000 DR2=00000000 DR3=00000000 
DR6=ffff0ff0 DR7=00000400
CCS=00000004 CCD=000001d1 CCO=EFLAGS
EFER=0000000000000000
Servicing hardware INT=0x20
   502: v=20 e=0000 i=0 cpl=0 IP=0008:0010117e pc=0010117e SP=0010:d0000fa9 env->regs[R_EAX]=00000741
EAX=00000741 EBX=0000003d ECX=0000049d EDX=0000000e
ESI=000b8000 EDI=00000700 EBP=d0000fb5 ESP=d0000fa9
EIP=0010117e EFL=00000202 [-------] CPL=0 II=0 A20=1 SMM=0 HLT=0
ES =0010 00000000 ffffffff 00cf9300 DPL=0 DS   [-WA]
CS =0008 00000000 ffffffff 00cf9a00 DPL=0 CS32 [-R-]
SS =0010 00000000 ffffffff 00cf9300 DPL=0 DS   [-WA]
DS =0010 00000000 ffffffff 00cf9300 DPL=0 DS   [-WA]
FS =0010 00000000 ffffffff 00cf9300 DPL=0 DS   [-WA]
GS =0010 00000000 ffffffff 00cf9300 DPL=0 DS   [-WA]
LDT=0000 00000000 0000ffff 00008200 DPL=0 LDT
TR =0000 00000000 0000ffff 00008b00 DPL=0 TSS32-busy
GDT=     00108008 00000017
IDT=     00108060 000007ff
CR0=80000011 CR2=00000000 CR3=00000000 CR4=00000000
DR0=00000000 DR1=00000000 DR2=00000000 DR3=00000000 
DR6=ffff0ff0 DR7=00000400
CCS=00000000 CCD=0000049d CCO=EFLAGS
EFER=0000000000000000
Servicing hardware INT=0x20
   503: v=20 e=0000 i=0 cpl=0 IP=0008:0010117e pc=0010117e SP=0010:d0001fb2 env->regs[R_EAX]=00000742
EAX=00000742 EBX=00000039 ECX=00000629 EDX=00000013
ESI=000b8000 EDI=00000700 EBP=d0001fbe ESP=d0001fb2
EIP=0010117e EFL=00000202 [-------] CPL=0 II=0 A20=1 SMM=0 HLT=0
ES =0010 00000000 ffffffff 00cf9300 DPL=0 DS   [-WA]
CS =0008 00000000 ffffffff 00cf9a00 DPL=0 CS32 [-R-]
SS =0010 00000000 ffffffff 00cf9300 DPL=0 DS   [-WA]
DS =0010 00000000 ffffffff 00cf9300 DPL=0 DS   [-WA]
FS =0010 00000000 ffffffff 00cf9300 DPL=0 DS   [-WA]
GS =0010 00000000 ffffffff 00cf9300 DPL=0 DS   [-WA]
LDT=0000 00000000 0000ffff 00008200 DPL=0 LDT
TR =0000 00000000 0000ffff 00008b00 DPL=0 TSS32-busy
GDT=     00108008 00000017
IDT=     00108060 000007ff
CR0=80000011 CR2=00000000 CR3=00000000 CR4=00000000
DR0=00000000 DR1=00000000 DR2=00000000 DR3=00000000 
DR6=ffff0ff0 DR7=00000400
CCS=00000000 CCD=00000629 CCO=EFLAGS
EFER=0000000000000000
Servicing hardware INT=0x20
   504: v=20 e=0000 i=0 cpl=0 IP=0008:0010117e pc=0010117e SP=0010:00107fa4 env->regs[R_EAX]=00000730
EAX=00000730 EBX=0000000b ECX=000005fb EDX=00000013
ESI=000b8000 EDI=00000700 EBP=00107fb0 ESP=00107fa4
EIP=0010117e EFL=00000202 [-------] CPL=0 II=0 A20=1 SMM=0 HLT=0
ES =0010 00000000 ffffffff 00cf9300 DPL=0 DS   [-WA]
CS =0008 00000000 ffffffff 00cf9a00 DPL=0 CS32 [-R-]
SS =0010 00000000 ffffffff 00cf9300 DPL=0 DS   [-WA]
DS =0010 00000000 ffffffff 00cf9300 DPL=0 DS   [-WA]
FS =0010 00000000 ffffffff 00cf9300 DPL=0 DS   [-WA]
GS =0010 00000000 ffffffff 00cf9300 DPL=0 DS   [-WA]
LDT=0000 00000000 0000ffff 00008200 DPL=0 LDT
TR =0000 00000000 0000ffff 00008b00 DPL=0 TSS32-busy
GDT=     00108008 00000017
IDT=     00108060 000007ff
CR0=80000011 CR2=00000000 CR3=00000000 CR4=00000000
DR0=00000000 DR1=00000000 DR2=00000000 DR3=00000000 
DR6=ffff0ff0 DR7=00000400
CCS=00000000 CCD=000005fb CCO=EFLAGS
EFER=0000000000000000
Servicing hardware INT=0x20
   505: v=20 e=0000 i=0 cpl=0 IP=0008:0010117e pc=0010117e SP=0010:d0000fa9 env->regs[R_EAX]=00000741
EAX=00000741 EBX=0000003b ECX=000003ab EDX=0000000b
ESI=000b8000 EDI=00000700 EBP=d0000fb5 ESP=d0000fa9
EIP=0010117e EFL=00000202 [-------] CPL=0 II=0 A20=1 SMM=0 HLT=0
ES =0010 00000000 ffffffff 00cf9300 DPL=0 DS   [-WA]
CS =0008 00000000 ffffffff 00cf9a00 DPL=0 CS32 [-R-]
SS =0010 00000000 ffffffff 00cf9300 DPL=0 DS   [-WA]
DS =0010 00000000 ffffffff 00cf9300 DPL=0 DS   [-WA]
FS =0010 00000000 ffffffff 00cf9300 DPL=0 DS   [-WA]
GS =0010 00000000 ffffffff 00cf9300 DPL=0 DS   [-WA]
LDT=0000 00000000 0000ffff 00008200 DPL=0 LDT
TR =0000 00000000 0000ffff 00008b00 DPL=0 TSS32-busy
GDT=     00108008 00000017
IDT=     00108060 000007ff
CR0=80000011 CR2=00000000 CR3=00000000 CR4=00000000
DR0=00000000 DR1=00000000 DR2=00000000 DR3=00000000 
DR6=ffff0ff0 DR7=00000400
CCS=00000000 CCD=000003ab CCO=EFLAGS
EFER=0000000000000000
Servicing hardware INT=0x20
   506: v=20 e=0000 i=0 cpl=0 IP=0008:0010117a pc=0010117a SP=0010:d0001fb2 env->regs[R_EAX]=00000742
EAX=00000742 EBX=0000002d ECX=0000007d EDX=00000001
ESI=000b8000 EDI=00000700 EBP=d0001fbe ESP=d0001fb2
EIP=0010117a EFL=00000206 [-----P-] CPL=0 II=0 A20=1 SMM=0 HLT=0
ES =0010 00000000 ffffffff 00cf9300 DPL=0 DS   [-WA]
CS =0008 00000000 ffffffff 00cf9a00 DPL=0 CS32 [-R-]
SS =0010 00000000 ffffffff 00cf9300 DPL=0 DS   [-WA]
DS =0010 00000000 ffffffff 00cf9300 DPL=0 DS   [-WA]
FS =0010 00000000 ffffffff 00cf9300 DPL=0 DS   [-WA]
GS =0010 00000000 ffffffff 00cf9300 DPL=0 DS   [-WA]
LDT=0000 00000000 0000ffff 00008200 DPL=0 LDT
TR =0000 00000000 0000ffff 00008b00 DPL=0 TSS32-busy
GDT=     00108008 00000017
IDT=     00108060 000007ff
CR0=80000011 CR2=00000000 CR3=00000000 CR4=00000000
DR0=00000000 DR1=00000000 DR2=00000000 DR3=00000000 
DR6=ffff0ff0 DR7=00000400
CCS=00000004 CCD=0000007d CCO=EFLAGS
EFER=0000000000000000
Servicing hardware INT=0x20
   507: v=20 e=0000 i=0 cpl=0 IP=0008:0010117e pc=0010117e SP=0010:00107fa4 env->regs[R_EAX]=00000730
EAX=00000730 EBX=00000048 ECX=00000138 EDX=00000003
ESI=000b8000 EDI=00000700 EBP=00107fb0 ESP=00107fa4
EIP=0010117e EFL=00000202 [-------] CPL=0 II=0 A20=1 SMM=0 HLT=0
ES =0010 00000000 ffffffff 00cf9300 DPL=0 DS   [-WA]
CS =0008 00000000 ffffffff 00cf9a00 DPL=0 CS32 [-R-]
SS =0010 00000000 ffffffff 00cf9300 DPL=0 DS   [-WA]
DS =0010 00000000 ffffffff 00cf9300 DPL=0 DS   [-WA]
FS =0010 00000000 ffffffff 00cf9300 DPL=0 DS   [-WA]
GS =0010 00000000 ffffffff 00cf9300 DPL=0 DS   [-WA]
LDT=0000 00000000 0000ffff 00008200 DPL=0 LDT
TR =0000 00000000 0000ffff 00008b00 DPL=0 TSS32-busy
GDT=     00108008 00000017
IDT=     00108060 000007ff
CR0=80000011 CR2=00000000 CR3=00000000 CR4=00000000
DR0=00000000 DR1=00000000 DR2=00000000 DR3=00000000 
DR6=ffff0ff0 DR7=00000400
CCS=00000000 CCD=00000138 CCO=EFLAGS
EFER=0000000000000000
Servicing hardware INT=0x20
   508: v=20 e=0000 i=0 cpl=0 IP=0008:0010117e pc=0010117e SP=0010:d0000fa9 env->regs[R_EAX]=00000741
EAX=00000741 EBX=0000004a ECX=0000059a EDX=00000011
ESI=000b8000 EDI=00000700 EBP=d0000fb5 ESP=d0000fa9
EIP=0010117e EFL=00000206 [-----P-] CPL=0 II=0 A20=1 SMM=0 HLT=0
ES =0010 00000000 ffffffff 00cf9300 DPL=0 DS   [-WA]
CS =0008 00000000 ffffffff 00cf9a00 DPL=0 CS32 [-R-]
SS =0010 00000000 ffffffff 00cf9300 DPL=0 DS   [-WA]
DS =0010 00000000 ffffffff 00cf9300 DPL=0 DS   [-WA]
FS =0010 00000000 ffffffff 00cf9300 DPL=0 DS   [-WA]
GS =0010 00000000 ffffffff 00cf9300 DPL=0 DS   [-WA]
LDT=0000 00000000 0000ffff 00008200 DPL=0 LDT
TR =0000 00000000 0000ffff 00008b00 DPL=0 TSS32-busy
GDT=     00108008 00000017
IDT=     00108060 000007ff
CR0=80000011 CR2=00000000 CR3=00000000 CR4=00000000
DR0=00000000 DR1=00000000 DR2=00000000 DR3=00000000 
DR6=ffff0ff0 DR7=00000400
CCS=00000004 CCD=0000059a CCO=EFLAGS
EFER=0000000000000000
Servicing hardware INT=0x20
   509: v=20 e=0000 i=0 cpl=0 IP=0008:0010117e pc=0010117e SP=0010:d0001fb2 env->regs[R_EAX]=00000742
EAX=00000742 EBX=0000004b ECX=0000059b EDX=00000011
ESI=000b8000 EDI=00000700 EBP=d0001fbe ESP=d0001fb2
EIP=0010117e EFL=00000202 [-------] CPL=0 II=0 A20=1 SMM=0 HLT=0
ES =0010 00000000 ffffffff 00cf9300 DPL=0 DS   [-WA]
CS =0008 00000000 ffffffff 00cf9a00 DPL=0 CS32 [-R-]
SS =0010 00000000 ffffffff 00cf9300 DPL=0 DS   [-WA]
DS =0010 00000000 ffffffff 00cf9300 DPL=0 DS   [-WA]
FS =0010 00000000 ffffffff 00cf9300 DPL=0 DS   [-WA]
GS =0010 00000000 ffffffff 00cf9300 DPL=0 DS   [-WA]
LDT=0000 00000000 0000ffff 00008200 DPL=0 LDT
TR =0000 00000000 0000ffff 00008b00 DPL=0 TSS32-busy
GDT=     00108008 00000017
IDT=     00108060 000007ff
CR0=80000011 CR2=00000000 CR3=00000000 CR4=00000000
DR0=00000000 DR1=00000000 DR2=00000000 DR3=00000000 
DR6=ffff0ff0 DR7=00000400
CCS=00000000 CCD=0000059b CCO=EFLAGS
EFER=0000000000000000
Servicing hardware INT=0x20
   510: v=20 e=0000 i=0 cpl=0 IP=0008:0010117e pc=0010117e SP=0010:00107fa4 env->regs[R_EAX]=00000730
EAX=00000730 EBX=00000038 ECX=000003a8 EDX=0000000b
ESI=000b8000 EDI=00000700 EBP=00107fb0 ESP=00107fa4
EIP=0010117e EFL=00000202 [-------] CPL=0 II=0 A20=1 SMM=0 HLT=0
ES =0010 00000000 ffffffff 00cf9300 DPL=0 DS   [-WA]
CS =0008 00000000 ffffffff 00cf9a00 DPL=0 CS32 [-R-]
SS =0010 00000000 ffffffff 00cf9300 DPL=0 DS   [-WA]
DS =0010 00000000 ffffffff 00cf9300 DPL=0 DS   [-WA]
FS =0010 00000000 ffffffff 00cf9300 DPL=0 DS   [-WA]
GS =0010 00000000 ffffffff 00cf9300 DPL=0 DS   [-WA]
LDT=0000 00000000 0000ffff 00008200 DPL=0 LDT
TR =0000 00000000 0000ffff 00008b00 DPL=0 TSS32-busy
GDT=     00108008 00000017
IDT=     00108060 000007ff
CR0=80000011 CR2=00000000 CR3=00000000 CR4=00000000
DR0=00000000 DR1=00000000 DR2=00000000 DR3=00000000 
DR6=ffff0ff0 DR7=00000400
CCS=00000000 CCD=000003a8 CCO=EFLAGS
EFER=0000000000000000
Servicing hardware INT=0x20
   511: v=20 e=0000 i=0 cpl=0 IP=0008:0010117e pc=0010117e SP=0010:d0000fa9 env->regs[R_EAX]=00000741
EAX=00000741 EBX=00000040 ECX=000004a0 EDX=0000000e
ESI=000b8000 EDI=00000700 EBP=d0000fb5 ESP=d0000fa9
EIP=0010117e EFL=00000206 [-----P-] CPL=0 II=0 A20=1 SMM=0 HLT=0
ES =0010 00000000 ffffffff 00cf9300 DPL=0 DS   [-WA]
CS =0008 00000000 ffffffff 00cf9a00 DPL=0 CS32 [-R-]
SS =0010 00000000 ffffffff 00cf9300 DPL=0 DS   [-WA]
DS =0010 00000000 ffffffff 00cf9300 DPL=0 DS   [-WA]
FS =0010 00000000 ffffffff 00cf9300 DPL=0 DS   [-WA]
GS =0010 00000000 ffffffff 00cf9300 DPL=0 DS   [-WA]
LDT=0000 00000000 0000ffff 00008200 DPL=0 LDT
TR =0000 00000000 0000ffff 00008b00 DPL=0 TSS32-busy
GDT=     00108008 00000017
IDT=     00108060 000007ff
CR0=80000011 CR2=00000000 CR3=00000000 CR4=00000000
DR0=00000000 DR1=00000000 DR2=00000000 DR3=00000000 
DR6=ffff0ff0 DR7=00000400
CCS=00000004 CCD=000004a0 CCO=EFLAGS
EFER=0000000000000000
Servicing hardware INT=0x20
   512: v=20 e=0000 i=0 cpl=0 IP=0008:0010117e pc=0010117e SP=0010:d0001fb2 env->regs[R_EAX]=00000742
EAX=00000742 EBX=00000049 ECX=000000e9 EDX=00000002
ESI=000b8000 EDI=00000700 EBP=d0001fbe ESP=d0001fb2
EIP=0010117e EFL=00000202 [-------] CPL=0 II=0 A20=1 SMM=0 HLT=0
ES =0010 00000000 ffffffff 00cf9300 DPL=0 DS   [-WA]
CS =0008 00000000 ffffffff 00cf9a00 DPL=0 CS32 [-R-]
SS =0010 00000000 ffffffff 00cf9300 DPL=0 DS   [-WA]
DS =0010 00000000 ffffffff 00cf9300 DPL=0 DS   [-WA]
FS =0010 00000000 ffffffff 00cf9300 DPL=0 DS   [-WA]
GS =0010 00000000 ffffffff 00cf9300 DPL=0 DS   [-WA]
LDT=0000 00000000 0000ffff 00008200 DPL=0 LDT
TR =0000 00000000 0000ffff 00008b00 DPL=0 TSS32-busy
GDT=     00108008 00000017
IDT=     00108060 000007ff
CR0=80000011 CR2=00000000 CR3=00000000 CR4=00000000
DR0=00000000 DR1=00000000 DR2=00000000 DR3=00000000 
DR6=ffff0ff0 DR7=00000400
CCS=00000000 CCD=000000e9 CCO=EFLAGS
EFER=0000000000000000
Servicing hardware INT=0x20
   513: v=20 e=0000 i=0 cpl=0 IP=0008:0010117e pc=0010117e SP=0010:00107fa4 env->regs[R_EAX]=00000730
EAX=00000730 EBX=00000044 ECX=00000134 EDX=00000003
ESI=000b8000 EDI=00000700 EBP=00107fb0 ESP=00107fa4
EIP=0010117e EFL=00000202 [-------] CPL=0 II=0 A20=1 SMM=0 HLT=0
ES =0010 00000000 ffffffff 00cf9300 DPL=0 DS   [-WA]
CS =0008 00000000 ffffffff 00cf9a00 DPL=0 CS32 [-R-]
SS =0010 00000000 ffffffff 00cf9300 DPL=0 DS   [-WA]
DS =0010 00000000 ffffffff 00cf9300 DPL=0 DS   [-WA]
FS =0010 00000000 ffffffff 00cf9300 DPL=0 DS   [-WA]
GS =0010 00000000 ffffffff 00cf9300 DPL=0 DS   [-WA]
LDT=0000 00000000 0000ffff 00008200 DPL=0 LDT
TR =0000 00000000 0000ffff 00008b00 DPL=0 TSS32-busy
GDT=     00108008 00000017
IDT=     00108060 000007ff
CR0=80000011 CR2=00000000 CR3=00000000 CR4=00000000
DR0=00000000 DR1=00000000 DR2=00000000 DR3=00000000 
DR6=ffff0ff0 DR7=00000400
CCS=00000000 CCD=00000134 CCO=EFLAGS
EFER=0000000000000000
Servicing hardware INT=0x20
   514: v=20 e=0000 i=0 cpl=0 IP=0008:0010117e pc=0010117e SP=0010:d0000fa9 env->regs[R_EAX]=00000741
EAX=00000741 EBX=0000003f ECX=0000076f EDX=00000017
ESI=000b8000 EDI=00000700 EBP=d0000fb5 ESP=d0000fa9
EIP=0010117e EFL=00000206 [-----P-] CPL=0 II=0 A20=1 SMM=0 HLT=0
ES =0010 00000000 ffffffff 00cf9300 DPL=0 DS   [-WA]
CS =0008 00000000 ffffffff 00cf9a00 DPL=0 CS32 [-R-]
SS =0010 00000000 ffffffff 00cf9300 DPL=0 DS   [-WA]
DS =0010 00000000 ffffffff 00cf9300 DPL=0 DS   [-WA]
FS =0010 00000000 ffffffff 00cf9300 DPL=0 DS   [-WA]
GS =0010 00000000 ffffffff 00cf9300 DPL=0 DS   [-WA]
LDT=0000 00000000 0000ffff 00008200 DPL=0 LDT
TR =0000 00000000 0000ffff 00008b00 DPL=0 TSS32-busy
GDT=     00108008 00000017
IDT=     00108060 000007ff
CR0=80000011 CR2=00000000 CR3=00000000 CR4=00000000
DR0=00000000 DR1=00000000 DR2=00000000 DR3=00000000 
DR6=ffff0ff0 DR7=00000400
CCS=00000004 CCD=0000076f CCO=EFLAGS
EFER=0000000000000000
Servicing hardware INT=0x20
   515: v=20 e=0000 i=0 cpl=0 IP=0008:0010117e pc=0010117e SP=0010:d0001fb2 env->regs[R_EAX]=00000742
EAX=00000742 EBX=0000000e ECX=000002de EDX=00000009
ESI=000b8000 EDI=00000700 EBP=d0001fbe ESP=d0001fb2
EIP=0010117e EFL=00000206 [-----P-] CPL=0 II=0 A20=1 SMM=0 HLT=0
ES =0010 00000000 ffffffff 00cf9300 DPL=0 DS   [-WA]
CS =0008 00000000 ffffffff 00cf9a00 DPL=0 CS32 [-R-]
SS =0010 00000000 ffffffff 00cf9300 DPL=0 DS   [-WA]
DS =0010 00000000 ffffffff 00cf9300 DPL=0 DS   [-WA]
FS =0010 00000000 ffffffff 00cf9300 DPL=0 DS   [-WA]
GS =0010 00000000 ffffffff 00cf9300 DPL=0 DS   [-WA]
LDT=0000 00000000 0000ffff 00008200 DPL=0 LDT
TR =0000 00000000 0000ffff 00008b00 DPL=0 TSS32-busy
GDT=     00108008 00000017
IDT=     00108060 000007ff
CR0=80000011 CR2=00000000 CR3=00000000 CR4=00000000
DR0=00000000 DR1=00000000 DR2=00000000 DR3=00000000 
DR6=ffff0ff0 DR7=00000400
CCS=00000004 CCD=000002de CCO=EFLAGS
EFER=0000000000000000
Servicing hardware INT=0x20
   516: v=20 e=0000 i=0 cpl=0 IP=0008:0010117e pc=0010117e SP=0010:00107fa4 env->regs[R_EAX]=00000730
EAX=00000730 EBX=00000032 ECX=00000352 EDX=0000000a
ESI=000b8000 EDI=00000700 EBP=00107fb0 ESP=00107fa4
EIP=0010117e EFL=00000202 [-------] CPL=0 II=0 A20=1 SMM=0 HLT=0
ES =0010 00000000 ffffffff 00cf9300 DPL=0 DS   [-WA]
CS =0008 00000000 ffffffff 00cf9a00 DPL=0 CS32 [-R-]
SS =0010 00000000 ffffffff 00cf9300 DPL=0 DS   [-WA]
DS =0010 00000000 ffffffff 00cf9300 DPL=0 DS   [-WA]
FS =0010 00000000 ffffffff 00cf9300 DPL=0 DS   [-WA]
GS =0010 00000000 ffffffff 00cf9300 DPL=0 DS   [-WA]
LDT=0000 00000000 0000ffff 00008200 DPL=0 LDT
TR =0000 00000000 0000ffff 00008b00 DPL=0 TSS32-busy
GDT=     00108008 00000017
IDT=     00108060 000007ff
CR0=80000011 CR2=00000000 CR3=00000000 CR4=00000000
DR0=00000000 DR1=00000000 DR2=00000000 DR3=00000000 
DR6=ffff0ff0 DR7=00000400
CCS=00000000 CCD=00000352 CCO=EFLAGS
EFER=0000000000000000
Servicing hardware INT=0x20
   517: v=20 e=0000 i=0 cpl=0 IP=0008:0010117e pc=0010117e SP=0010:d0000fa9 env->regs[R_EAX]=00000741
EAX=00000741 EBX=00000033 ECX=000005d3 EDX=00000012
ESI=000b8000 EDI=00000700 EBP=d0000fb5 ESP=d0000fa9
EIP=0010117e EFL=00000202 [-------] CPL=0 II=0 A20=1 SMM=0 HLT=0
ES =0010 00000000 ffffffff 00cf9300 DPL=0 DS   [-WA]
CS =0008 00000000 ffffffff 00cf9a00 DPL=0 CS32 [-R-]
SS =0010 00000000 ffffffff 00cf9300 DPL=0 DS   [-WA]
DS =0010 00000000 ffffffff 00cf9300 DPL=0 DS   [-WA]
FS =0010 00000000 ffffffff 00cf9300 DPL=0 DS   [-WA]
GS =0010 00000000 ffffffff 00cf9300 DPL=0 DS   [-WA]
LDT=0000 00000000 0000ffff 00008200 DPL=0 LDT
TR =0000 00000000 0000ffff 00008b00 DPL=0 TSS32-busy
GDT=     00108008 00000017
IDT=     00108060 000007ff
CR0=80000011 CR2=00000000 CR3=00000000 CR4=00000000
DR0=00000000 DR1=00000000 DR2=00000000 DR3=00000000 
DR6=ffff0ff0 DR7=00000400
CCS=00000000 CCD=000005d3 CCO=EFLAGS
EFER=0000000000000000
Servicing hardware INT=0x20
   518: v=20 e=0000 i=0 cpl=0 IP=0008:0010117e pc=0010117e SP=0010:d0001fb2 env->regs[R_EAX]=00000742
EAX=00000742 EBX=0000000c ECX=0000032c EDX=0000000a
ESI=000b8000 EDI=00000700 EBP=d0001fbe ESP=d0001fb2
EIP=0010117e EFL=00000202 [-------] CPL=0 II=0 A20=1 SMM=0 HLT=0
ES =0010 00000000 ffffffff 00cf9300 DPL=0 DS   [-WA]
CS =0008 00000000 ffffffff 00cf9a00 DPL=0 CS32 [-R-]
SS =0010 00000000 ffffffff 00cf9300 DPL=0 DS   [-WA]
DS =0010 00000000 ffffffff 00cf9300 DPL=0 DS   [-WA]
FS =0010 00000000 ffffffff 00cf9300 DPL=0 DS   [-WA]
GS =0010 00000000 ffffffff 00cf9300 DPL=0 DS   [-WA]
LDT=0000 00000000 0000ffff 00008200 DPL=0 LDT
TR =0000 00000000 0000ffff 00008b00 DPL=0 TSS32-busy
GDT=     00108008 00000017
IDT=     00108060 000007ff
CR0=80000011 CR2=00000000 CR3=00000000 CR4=00000000
DR0=00000000 DR1=00000000 DR2=00000000 DR3=00000000 
DR6=ffff0ff0 DR7=00000400
CCS=00000000 CCD=0000032c CCO=EFLAGS
EFER=0000000000000000
Servicing hardware INT=0x20
   519: v=20 e=0000 i=0 cpl=0 IP=0008:0010117e pc=0010117e SP=0010:00107fa4 env->regs[R_EAX]=00000730
EAX=00000730 EBX=00000011 ECX=00000511 EDX=00000010
ESI=000b8000 EDI=00000700 EBP=00107fb0 ESP=00107fa4
EIP=0010117e EFL=00000206 [-----P-] CPL=0 II=0 A20=1 SMM=0 HLT=0
ES =0010 00000000 ffffffff 00cf9300 DPL=0 DS   [-WA]
CS =0008 00000000 ffffffff 00cf9a00 DPL=0 CS32 [-R-]
SS =0010 00000000 ffffffff 00cf9300 DPL=0 DS   [-WA]
DS =0010 00000000 ffffffff 00cf9300 DPL=0 DS   [-WA]
FS =0010 00000000 ffffffff 00cf9300 DPL=0 DS   [-WA]
GS =0010 00000000 ffffffff 00cf9300 DPL=0 DS   [-WA]
LDT=0000 00000000 0000ffff 00008200 DPL=0 LDT
TR =0000 00000000 0000ffff 00008b00 DPL=0 TSS32-busy
GDT=     00108008 00000017
IDT=     00108060 000007ff
CR0=80000011 CR2=00000000 CR3=00000000 CR4=00000000
DR0=00000000 DR1=00000000 DR2=00000000 DR3=00000000 
DR6=ffff0ff0 DR7=00000400
CCS=00000004 CCD=00000511 CCO=EFLAGS
EFER=0000000000000000
Servicing hardware INT=0x20
   520: v=20 e=0000 i=0 cpl=0 IP=0008:0010117e pc=0010117e SP=0010:d0000fa9 env->regs[R_EAX]=00000741
EAX=00000741 EBX=00000000 ECX=000000a0 EDX=00000002
ESI=000b8000 EDI=00000700 EBP=d0000fb5 ESP=d0000fa9
EIP=0010117e EFL=00000206 [-----P-] CPL=0 II=0 A20=1 SMM=0 HLT=0
ES =0010 00000000 ffffffff 00cf9300 DPL=0 DS   [-WA]
CS =0008 00000000 ffffffff 00cf9a00 DPL=0 CS32 [-R-]
SS =0010 00000000 ffffffff 00cf9300 DPL=0 DS   [-WA]
DS =0010 00000000 ffffffff 00cf9300 DPL=0 DS   [-WA]
FS =0010 00000000 ffffffff 00cf9300 DPL=0 DS   [-WA]
GS =0010 00000000 ffffffff 00cf9300 DPL=0 DS   [-WA]
LDT=0000 00000000 0000ffff 00008200 DPL=0 LDT
TR =0000 00000000 0000ffff 00008b00 DPL=0 TSS32-busy
GDT=     00108008 00000017
IDT=     00108060 000007ff
CR0=80000011 CR2=00000000 CR3=00000000 CR4=00000000
DR0=00000000 DR1=00000000 DR2=00000000 DR3=00000000 
DR6=ffff0ff0 DR7=00000400
CCS=00000004 CCD=000000a0 CCO=EFLAGS
EFER=0000000000000000
Servicing hardware INT=0x20
   521: v=20 e=0000 i=0 cpl=0 IP=0008:0010117e pc=0010117e SP=0010:d0001fb2 env->regs[R_EAX]=00000742
EAX=00000742 EBX=00000027 ECX=00000707 EDX=00000016
ESI=000b8000 EDI=00000700 EBP=d0001fbe ESP=d0001fb2
EIP=0010117e EFL=00000202 [-------] CPL=0 II=0 A20=1 SMM=0 HLT=0
ES =0010 00000000 ffffffff 00cf9300 DPL=0 DS   [-WA]
CS =0008 00000000 ffffffff 00cf9a00 DPL=0 CS32 [-R-]
SS =0010 00000000 ffffffff 00cf9300 DPL=0 DS   [-WA]
DS =0010 00000000 ffffffff 00cf9300 DPL=0 DS   [-WA]
FS =0010 00000000 ffffffff 00cf9300 DPL=0 DS   [-WA]
GS =0010 00000000 ffffffff 00cf9300 DPL=0 DS   [-WA]
LDT=0000 00000000 0000ffff 00008200 DPL=0 LDT
TR =0000 00000000 0000ffff 00008b00 DPL=0 TSS32-busy
GDT=     00108008 00000017
IDT=     00108060 000007ff
CR0=80000011 CR2=00000000 CR3=00000000 CR4=00000000
DR0=00000000 DR1=00000000 DR2=00000000 DR3=00000000 
DR6=ffff0ff0 DR7=00000400
CCS=00000000 CCD=00000707 CCO=EFLAGS
EFER=0000000000000000
Servicing hardware INT=0x20
   522: v=20 e=0000 i=0 cpl=0 IP=0008:0010117e pc=0010117e SP=0010:00107fa4 env->regs[R_EAX]=00000730
EAX=00000730 EBX=0000001f ECX=000001af EDX=00000005
ESI=000b8000 EDI=00000700 EBP=00107fb0 ESP=00107fa4
EIP=0010117e EFL=00000206 [-----P-] CPL=0 II=0 A20=1 SMM=0 HLT=0
ES =0010 00000000 ffffffff 00cf9300 DPL=0 DS   [-WA]
CS =0008 00000000 ffffffff 00cf9a00 DPL=0 CS32 [-R-]
SS =0010 00000000 ffffffff 00cf9300 DPL=0 DS   [-WA]
DS =0010 00000000 ffffffff 00cf9300 DPL=0 DS   [-WA]
FS =0010 00000000 ffffffff 00cf9300 DPL=0 DS   [-WA]
GS =0010 00000000 ffffffff 00cf9300 DPL=0 DS   [-WA]
LDT=0000 00000000 0000ffff 00008200 DPL=0 LDT
TR =0000 00000000 0000ffff 00008b00 DPL=0 TSS32-busy
GDT=     00108008 00000017
IDT=     00108060 000007ff
CR0=80000011 CR2=00000000 CR3=00000000 CR4=00000000
DR0=00000000 DR1=00000000 DR2=00000000 DR3=00000000 
DR6=ffff0ff0 DR7=00000400
CCS=00000004 CCD=000001af CCO=EFLAGS
EFER=0000000000000000
Servicing hardware INT=0x20
   523: v=20 e=0000 i=0 cpl=0 IP=0008:0010117e pc=0010117e SP=0010:d0000fa9 env->regs[R_EAX]=00000741
EAX=00000741 EBX=0000001c ECX=000003dc EDX=0000000c
ESI=000b8000 EDI=00000700 EBP=d0000fb5 ESP=d0000fa9
EIP=0010117e EFL=00000202 [-------] CPL=0 II=0 A20=1 SMM=0 HLT=0
ES =0010 00000000 ffffffff 00cf9300 DPL=0 DS   [-WA]
CS =0008 00000000 ffffffff 00cf9a00 DPL=0 CS32 [-R-]
SS =0010 00000000 ffffffff 00cf9300 DPL=0 DS   [-WA]
DS =0010 00000000 ffffffff 00cf9300 DPL=0 DS   [-WA]
FS =0010 00000000 ffffffff 00cf9300 DPL=0 DS   [-WA]
GS =0010 00000000 ffffffff 00cf9300 DPL=0 DS   [-WA]
LDT=0000 00000000 0000ffff 00008200 DPL=0 LDT
TR =0000 00000000 0000ffff 00008b00 DPL=0 TSS32-busy
GDT=     00108008 00000017
IDT=     00108060 000007ff
CR0=80000011 CR2=00000000 CR3=00000000 CR4=00000000
DR0=00000000 DR1=00000000 DR2=00000000 DR3=00000000 
DR6=ffff0ff0 DR7=00000400
CCS=00000000 CCD=000003dc CCO=EFLAGS
EFER=0000000000000000
Servicing hardware INT=0x20
   524: v=20 e=0000 i=0 cpl=0 IP=0008:0010117e pc=0010117e SP=0010:d0001fb2 env->regs[R_EAX]=00000742
EAX=00000742 EBX=00000039 ECX=000002b9 EDX=00000008
ESI=000b8000 EDI=00000700 EBP=d0001fbe ESP=d0001fb2
EIP=0010117e EFL=00000202 [-------] CPL=0 II=0 A20=1 SMM=0 HLT=0
ES =0010 00000000 ffffffff 00cf9300 DPL=0 DS   [-WA]
CS =0008 00000000 ffffffff 00cf9a00 DPL=0 CS32 [-R-]
SS =0010 00000000 ffffffff 00cf9300 DPL=0 DS   [-WA]
DS =0010 00000000 ffffffff 00cf9300 DPL=0 DS   [-WA]
FS =0010 00000000 ffffffff 00cf9300 DPL=0 DS   [-WA]
GS =0010 00000000 ffffffff 00cf9300 DPL=0 DS   [-WA]
LDT=0000 00000000 0000ffff 00008200 DPL=0 LDT
TR =0000 00000000 0000ffff 00008b00 DPL=0 TSS32-busy
GDT=     00108008 00000017
IDT=     00108060 000007ff
CR0=80000011 CR2=00000000 CR3=00000000 CR4=00000000
DR0=00000000 DR1=00000000 DR2=00000000 DR3=00000000 
DR6=ffff0ff0 DR7=00000400
CCS=00000000 CCD=000002b9 CCO=EFLAGS
EFER=0000000000000000
Servicing hardware INT=0x20
   525: v=20 e=0000 i=0 cpl=0 IP=0008:0010117e pc=0010117e SP=0010:00107fa4 env->regs[R_EAX]=00000730
EAX=00000730 EBX=00000038 ECX=00000038 EDX=00000000
ESI=000b8000 EDI=00000700 EBP=00107fb0 ESP=00107fa4
EIP=0010117e EFL=00000202 [-------] CPL=0 II=0 A20=1 SMM=0 HLT=0
ES =0010 00000000 ffffffff 00cf9300 DPL=0 DS   [-WA]
CS =0008 00000000 ffffffff 00cf9a00 DPL=0 CS32 [-R-]
SS =0010 00000000 ffffffff 00cf9300 DPL=0 DS   [-WA]
DS =0010 00000000 ffffffff 00cf9300 DPL=0 DS   [-WA]
FS =0010 00000000 ffffffff 00cf9300 DPL=0 DS   [-WA]
GS =0010 00000000 ffffffff 00cf9300 DPL=0 DS   [-WA]
LDT=0000 00000000 0000ffff 00008200 DPL=0 LDT
TR =0000 00000000 0000ffff 00008b00 DPL=0 TSS32-busy
GDT=     00108008 00000017
IDT=     00108060 000007ff
CR0=80000011 CR2=00000000 CR3=00000000 CR4=00000000
DR0=00000000 DR1=00000000 DR2=00000000 DR3=00000000 
DR6=ffff0ff0 DR7=00000400
CCS=00000000 CCD=00000038 CCO=EFLAGS
EFER=0000000000000000
Servicing hardware INT=0x20
   526: v=20 e=0000 i=0 cpl=0 IP=0008:0010117e pc=0010117e SP=0010:d0000fa9 env->regs[R_EAX]=00000741
EAX=00000741 EBX=0000002f ECX=0000057f EDX=00000011
ESI=000b8000 EDI=00000700 EBP=d0000fb5 ESP=d0000fa9
EIP=0010117e EFL=00000202 [-------] CPL=0 II=0 A20=1 SMM=0 HLT=0
ES =0010 00000000 ffffffff 00cf9300 DPL=0 DS   [-WA]
CS =0008 00000000 ffffffff 00cf9a00 DPL=0 CS32 [-R-]
SS =0010 00000000 ffffffff 00cf9300 DPL=0 DS   [-WA]
DS =0010 00000000 ffffffff 00cf9300 DPL=0 DS   [-WA]
FS =0010 00000000 ffffffff 00cf9300 DPL=0 DS   [-WA]
GS =0010 00000000 ffffffff 00cf9300 DPL=0 DS   [-WA]
LDT=0000 00000000 0000ffff 00008200 DPL=0 LDT
TR =0000 00000000 0000ffff 00008b00 DPL=0 TSS32-busy
GDT=     00108008 00000017
IDT=     00108060 000007ff
CR0=80000011 CR2=00000000 CR3=00000000 CR4=00000000
DR0=00000000 DR1=00000000 DR2=00000000 DR3=00000000 
DR6=ffff0ff0 DR7=00000400
CCS=00000000 CCD=0000057f CCO=EFLAGS
EFER=0000000000000000
Servicing hardware INT=0x20
   527: v=20 e=0000 i=0 cpl=0 IP=0008:0010117e pc=0010117e SP=0010:d0001fb2 env->regs[R_EAX]=00000742
EAX=00000742 EBX=0000002e ECX=0000048e EDX=0000000e
ESI=000b8000 EDI=00000700 EBP=d0001fbe ESP=d0001fb2
EIP=0010117e EFL=00000206 [-----P-] CPL=0 II=0 A20=1 SMM=0 HLT=0
ES =0010 00000000 ffffffff 00cf9300 DPL=0 DS   [-WA]
CS =0008 00000000 ffffffff 00cf9a00 DPL=0 CS32 [-R-]
SS =0010 00000000 ffffffff 00cf9300 DPL=0 DS   [-WA]
DS =0010 00000000 ffffffff 00cf9300 DPL=0 DS   [-WA]
FS =0010 00000000 ffffffff 00cf9300 DPL=0 DS   [-WA]
GS =0010 00000000 ffffffff 00cf9300 DPL=0 DS   [-WA]
LDT=0000 00000000 0000ffff 00008200 DPL=0 LDT
TR =0000 00000000 0000ffff 00008b00 DPL=0 TSS32-busy
GDT=     00108008 00000017
IDT=     00108060 000007ff
CR0=80000011 CR2=00000000 CR3=00000000 CR4=00000000
DR0=00000000 DR1=00000000 DR2=00000000 DR3=00000000 
DR6=ffff0ff0 DR7=00000400
CCS=00000004 CCD=0000048e CCO=EFLAGS
EFER=0000000000000000
Servicing hardware INT=0x20
   528: v=20 e=0000 i=0 cpl=0 IP=0008:0010117e pc=0010117e SP=0010:00107fa4 env->regs[R_EAX]=00000730
EAX=00000730 EBX=00000009 ECX=00000419 EDX=0000000d
ESI=000b8000 EDI=00000700 EBP=00107fb0 ESP=00107fa4
EIP=0010117e EFL=00000202 [-------] CPL=0 II=0 A20=1 SMM=0 HLT=0
ES =0010 00000000 ffffffff 00cf9300 DPL=0 DS   [-WA]
CS =0008 00000000 ffffffff 00cf9a00 DPL=0 CS32 [-R-]
SS =0010 00000000 ffffffff 00cf9300 DPL=0 DS   [-WA]
DS =0010 00000000 ffffffff 00cf9300 DPL=0 DS   [-WA]
FS =0010 00000000 ffffffff 00cf9300 DPL=0 DS   [-WA]
GS =0010 00000000 ffffffff 00cf9300 DPL=0 DS   [-WA]
LDT=0000 00000000 0000ffff 00008200 DPL=0 LDT
TR =0000 00000000 0000ffff 00008b00 DPL=0 TSS32-busy
GDT=     00108008 00000017
IDT=     00108060 000007ff
CR0=80000011 CR2=00000000 CR3=00000000 CR4=00000000
DR0=00000000 DR1=00000000 DR2=00000000 DR3=00000000 
DR6=ffff0ff0 DR7=00000400
CCS=00000000 CCD=00000419 CCO=EFLAGS
EFER=0000000000000000
Servicing hardware INT=0x20
   529: v=20 e=0000 i=0 cpl=0 IP=0008:0010117e pc=0010117e SP=0010:d0000fa9 env->regs[R_EAX]=00000741
EAX=00000741 EBX=00000037 ECX=000002b7 EDX=00000008
ESI=000b8000 EDI=00000700 EBP=d0000fb5 ESP=d0000fa9
EIP=0010117e EFL=00000206 [-----P-] CPL=0 II=0 A20=1 SMM=0 HLT=0
ES =0010 00000000 ffffffff 00cf9300 DPL=0 DS   [-WA]
CS =0008 00000000 ffffffff 00cf9a00 DPL=0 CS32 [-R-]
SS =0010 00000000 ffffffff 00cf9300 DPL=0 DS   [-WA]
DS =0010 00000000 ffffffff 00cf9300 DPL=0 DS   [-WA]
FS =0010 00000000 ffffffff 00cf9300 DPL=0 DS   [-WA]
GS =0010 00000000 ffffffff 00cf9300 DPL=0 DS   [-WA]
LDT=0000 00000000 0000ffff 00008200 DPL=0 LDT
TR =0000 00000000 0000ffff 00008b00 DPL=0 TSS32-busy
GDT=     00108008 00000017
IDT=     00108060 000007ff
CR0=80000011 CR2=00000000 CR3=00000000 CR4=00000000
DR0=00000000 DR1=00000000 DR2=00000000 DR3=00000000 
DR6=ffff0ff0 DR7=00000400
CCS=00000004 CCD=000002b7 CCO=EFLAGS
EFER=0000000000000000
Servicing hardware INT=0x20
   530: v=20 e=0000 i=0 cpl=0 IP=0008:0010117e pc=0010117e SP=0010:d0001fb2 env->regs[R_EAX]=00000742
EAX=00000742 EBX=00000038 ECX=00000588 EDX=00000011
ESI=000b8000 EDI=00000700 EBP=d0001fbe ESP=d0001fb2
EIP=0010117e EFL=00000206 [-----P-] CPL=0 II=0 A20=1 SMM=0 HLT=0
ES =0010 00000000 ffffffff 00cf9300 DPL=0 DS   [-WA]
CS =0008 00000000 ffffffff 00cf9a00 DPL=0 CS32 [-R-]
SS =0010 00000000 ffffffff 00cf9300 DPL=0 DS   [-WA]
DS =0010 00000000 ffffffff 00cf9300 DPL=0 DS   [-WA]
FS =0010 00000000 ffffffff 00cf9300 DPL=0 DS   [-WA]
GS =0010 00000000 ffffffff 00cf9300 DPL=0 DS   [-WA]
LDT=0000 00000000 0000ffff 00008200 DPL=0 LDT
TR =0000 00000000 0000ffff 00008b00 DPL=0 TSS32-busy
GDT=     00108008 00000017
IDT=     00108060 000007ff
CR0=80000011 CR2=00000000 CR3=00000000 CR4=00000000
DR0=00000000 DR1=00000000 DR2=00000000 DR3=00000000 
DR6=ffff0ff0 DR7=00000400
CCS=00000004 CCD=00000588 CCO=EFLAGS
EFER=0000000000000000
Servicing hardware INT=0x20
   531: v=20 e=0000 i=0 cpl=0 IP=0008:0010117e pc=0010117e SP=0010:00107fa4 env->regs[R_EAX]=00000730
EAX=00000730 EBX=00000031 ECX=00000351 EDX=0000000a
ESI=000b8000 EDI=00000700 EBP=00107fb0 ESP=00107fa4
EIP=0010117e EFL=00000202 [-------] CPL=0 II=0 A20=1 SMM=0 HLT=0
ES =0010 00000000 ffffffff 00cf9300 DPL=0 DS   [-WA]
CS =0008 00000000 ffffffff 00cf9a00 DPL=0 CS32 [-R-]
SS =0010 00000000 ffffffff 00cf9300 DPL=0 DS   [-WA]
DS =0010 00000000 ffffffff 00cf9300 DPL=0 DS   [-WA]
FS =0010 00000000 ffffffff 00cf9300 DPL=0 DS   [-WA]
GS =0010 00000000 ffffffff 00cf9300 DPL=0 DS   [-WA]
LDT=0000 00000000 0000ffff 00008200 DPL=0 LDT
TR =0000 00000000 0000ffff 00008b00 DPL=0 TSS32-busy
GDT=     00108008 00000017
IDT=     00108060 000007ff
CR0=80000011 CR2=00000000 CR3=00000000 CR4=00000000
DR0=00000000 DR1=00000000 DR2=00000000 DR3=00000000 
DR6=ffff0ff0 DR7=00000400
CCS=00000000 CCD=00000351 CCO=EFLAGS
EFER=0000000000000000
Servicing hardware INT=0x20
   532: v=20 e=0000 i=0 cpl=0 IP=0008:0010117e pc=0010117e SP=0010:d0000fa9 env->regs[R_EAX]=00000741
EAX=00000741 EBX=00000010 ECX=00000420 EDX=0000000d
ESI=000b8000 EDI=00000700 EBP=d0000fb5 ESP=d0000fa9
EIP=0010117e EFL=00000202 [-------] CPL=0 II=0 A20=1 SMM=0 HLT=0
ES =0010 00000000 ffffffff 00cf9300 DPL=0 DS   [-WA]
CS =0008 00000000 ffffffff 00cf9a00 DPL=0 CS32 [-R-]
SS =0010 00000000 ffffffff 00cf9300 DPL=0 DS   [-WA]
DS =0010 00000000 ffffffff 00cf9300 DPL=0 DS   [-WA]
FS =0010 00000000 ffffffff 00cf9300 DPL=0 DS   [-WA]
GS =0010 00000000 ffffffff 00cf9300 DPL=0 DS   [-WA]
LDT=0000 00000000 0000ffff 00008200 DPL=0 LDT
TR =0000 00000000 0000ffff 00008b00 DPL=0 TSS32-busy
GDT=     00108008 00000017
IDT=     00108060 000007ff
CR0=80000011 CR2=00000000 CR3=00000000 CR4=00000000
DR0=00000000 DR1=00000000 DR2=00000000 DR3=00000000 
DR6=ffff0ff0 DR7=00000400
CCS=00000000 CCD=00000420 CCO=EFLAGS
EFER=0000000000000000
Servicing hardware INT=0x20
   533: v=20 e=0000 i=0 cpl=0 IP=0008:0010117e pc=0010117e SP=0010:d0001fb2 env->regs[R_EAX]=00000742
EAX=00000742 EBX=00000018 ECX=00000428 EDX=0000000d
ESI=000b8000 EDI=00000700 EBP=d0001fbe ESP=d0001fb2
EIP=0010117e EFL=00000206 [-----P-] CPL=0 II=0 A20=1 SMM=0 HLT=0
ES =0010 00000000 ffffffff 00cf9300 DPL=0 DS   [-WA]
CS =0008 00000000 ffffffff 00cf9a00 DPL=0 CS32 [-R-]
SS =0010 00000000 ffffffff 00cf9300 DPL=0 DS   [-WA]
DS =0010 00000000 ffffffff 00cf9300 DPL=0 DS   [-WA]
FS =0010 00000000 ffffffff 00cf9300 DPL=0 DS   [-WA]
GS =0010 00000000 ffffffff 00cf9300 DPL=0 DS   [-WA]
LDT=0000 00000000 0000ffff 00008200 DPL=0 LDT
TR =0000 00000000 0000ffff 00008b00 DPL=0 TSS32-busy
GDT=     00108008 00000017
IDT=     00108060 000007ff
CR0=80000011 CR2=00000000 CR3=00000000 CR4=00000000
DR0=00000000 DR1=00000000 DR2=00000000 DR3=00000000 
DR6=ffff0ff0 DR7=00000400
CCS=00000004 CCD=00000428 CCO=EFLAGS
EFER=0000000000000000
Servicing hardware INT=0x20
   534: v=20 e=0000 i=0 cpl=0 IP=0008:0010117e pc=0010117e SP=0010:00107fa4 env->regs[R_EAX]=00000730
EAX=00000730 EBX=00000009 ECX=000000f9 EDX=00000003
ESI=000b8000 EDI=00000700 EBP=00107fb0 ESP=00107fa4
EIP=0010117e EFL=00000206 [-----P-] CPL=0 II=0 A20=1 SMM=0 HLT=0
ES =0010 00000000 ffffffff 00cf9300 DPL=0 DS   [-WA]
CS =0008 00000000 ffffffff 00cf9a00 DPL=0 CS32 [-R-]
SS =0010 00000000 ffffffff 00cf9300 DPL=0 DS   [-WA]
DS =0010 00000000 ffffffff 00cf9300 DPL=0 DS   [-WA]
FS =0010 00000000 ffffffff 00cf9300 DPL=0 DS   [-WA]
GS =0010 00000000 ffffffff 00cf9300 DPL=0 DS   [-WA]
LDT=0000 00000000 0000ffff 00008200 DPL=0 LDT
TR =0000 00000000 0000ffff 00008b00 DPL=0 TSS32-busy
GDT=     00108008 00000017
IDT=     00108060 000007ff
CR0=80000011 CR2=00000000 CR3=00000000 CR4=00000000
DR0=00000000 DR1=00000000 DR2=00000000 DR3=00000000 
DR6=ffff0ff0 DR7=00000400
CCS=00000004 CCD=000000f9 CCO=EFLAGS
EFER=0000000000000000
Servicing hardware INT=0x20
   535: v=20 e=0000 i=0 cpl=0 IP=0008:0010117e pc=0010117e SP=0010:d0000fa9 env->regs[R_EAX]=00000741
EAX=00000741 EBX=00000042 ECX=00000402 EDX=0000000c
ESI=000b8000 EDI=00000700 EBP=d0000fb5 ESP=d0000fa9
EIP=0010117e EFL=00000202 [-------] CPL=0 II=0 A20=1 SMM=0 HLT=0
ES =0010 00000000 ffffffff 00cf9300 DPL=0 DS   [-WA]
CS =0008 00000000 ffffffff 00cf9a00 DPL=0 CS32 [-R-]
SS =0010 00000000 ffffffff 00cf9300 DPL=0 DS   [-WA]
DS =0010 00000000 ffffffff 00cf9300 DPL=0 DS   [-WA]
FS =0010 00000000 ffffffff 00cf9300 DPL=0 DS   [-WA]
GS =0010 00000000 ffffffff 00cf9300 DPL=0 DS   [-WA]
LDT=0000 00000000 0000ffff 00008200 DPL=0 LDT
TR =0000 00000000 0000ffff 00008b00 DPL=0 TSS32-busy
GDT=     00108008 00000017
IDT=     00108060 000007ff
CR0=80000011 CR2=00000000 CR3=00000000 CR4=00000000
DR0=00000000 DR1=00000000 DR2=00000000 DR3=00000000 
DR6=ffff0ff0 DR7=00000400
CCS=00000000 CCD=00000402 CCO=EFLAGS
EFER=0000000000000000
Servicing hardware INT=0x20
   536: v=20 e=0000 i=0 cpl=0 IP=0008:0010117e pc=0010117e SP=0010:d0001fb2 env->regs[R_EAX]=00000742
EAX=00000742 EBX=00000034 ECX=000003f4 EDX=0000000c
ESI=000b8000 EDI=00000700 EBP=d0001fbe ESP=d0001fb2
EIP=0010117e EFL=00000202 [-------] CPL=0 II=0 A20=1 SMM=0 HLT=0
ES =0010 00000000 ffffffff 00cf9300 DPL=0 DS   [-WA]
CS =0008 00000000 ffffffff 00cf9a00 DPL=0 CS32 [-R-]
SS =0010 00000000 ffffffff 00cf9300 DPL=0 DS   [-WA]
DS =0010 00000000 ffffffff 00cf9300 DPL=0 DS   [-WA]
FS =0010 00000000 ffffffff 00cf9300 DPL=0 DS   [-WA]
GS =0010 00000000 ffffffff 00cf9300 DPL=0 DS   [-WA]
LDT=0000 00000000 0000ffff 00008200 DPL=0 LDT
TR =0000 00000000 0000ffff 00008b00 DPL=0 TSS32-busy
GDT=     00108008 00000017
IDT=     00108060 000007ff
CR0=80000011 CR2=00000000 CR3=00000000 CR4=00000000
DR0=00000000 DR1=00000000 DR2=00000000 DR3=00000000 
DR6=ffff0ff0 DR7=00000400
CCS=00000000 CCD=000003f4 CCO=EFLAGS
EFER=0000000000000000
Servicing hardware INT=0x20
   537: v=20 e=0000 i=0 cpl=0 IP=0008:0010117e pc=0010117e SP=0010:00107fa4 env->regs[R_EAX]=00000730
EAX=00000730 EBX=0000003e ECX=0000026e EDX=00000007
ESI=000b8000 EDI=00000700 EBP=00107fb0 ESP=00107fa4
EIP=0010117e EFL=00000202 [-------] CPL=0 II=0 A20=1 SMM=0 HLT=0
ES =0010 00000000 ffffffff 00cf9300 DPL=0 DS   [-WA]
CS =0008 00000000 ffffffff 00cf9a00 DPL=0 CS32 [-R-]
SS =0010 00000000 ffffffff 00cf9300 DPL=0 DS   [-WA]
DS =0010 00000000 ffffffff 00cf9300 DPL=0 DS   [-WA]
FS =0010 00000000 ffffffff 00cf9300 DPL=0 DS   [-WA]
GS =0010 00000000 ffffffff 00cf9300 DPL=0 DS   [-WA]
LDT=0000 00000000 0000ffff 00008200 DPL=0 LDT
TR =0000 00000000 0000ffff 00008b00 DPL=0 TSS32-busy
GDT=     00108008 00000017
IDT=     00108060 000007ff
CR0=80000011 CR2=00000000 CR3=00000000 CR4=00000000
DR0=00000000 DR1=00000000 DR2=00000000 DR3=00000000 
DR6=ffff0ff0 DR7=00000400
CCS=00000000 CCD=0000026e CCO=EFLAGS
EFER=0000000000000000
Servicing hardware INT=0x20
   538: v=20 e=0000 i=0 cpl=0 IP=0008:0010117e pc=0010117e SP=0010:d0000fa9 env->regs[R_EAX]=00000741
EAX=00000741 EBX=0000002e ECX=000002ae EDX=00000008
ESI=000b8000 EDI=00000700 EBP=d0000fb5 ESP=d0000fa9
EIP=0010117e EFL=00000202 [-------] CPL=0 II=0 A20=1 SMM=0 HLT=0
ES =0010 00000000 ffffffff 00cf9300 DPL=0 DS   [-WA]
CS =0008 00000000 ffffffff 00cf9a00 DPL=0 CS32 [-R-]
SS =0010 00000000 ffffffff 00cf9300 DPL=0 DS   [-WA]
DS =0010 00000000 ffffffff 00cf9300 DPL=0 DS   [-WA]
FS =0010 00000000 ffffffff 00cf9300 DPL=0 DS   [-WA]
GS =0010 00000000 ffffffff 00cf9300 DPL=0 DS   [-WA]
LDT=0000 00000000 0000ffff 00008200 DPL=0 LDT
TR =0000 00000000 0000ffff 00008b00 DPL=0 TSS32-busy
GDT=     00108008 00000017
IDT=     00108060 000007ff
CR0=80000011 CR2=00000000 CR3=00000000 CR4=00000000
DR0=00000000 DR1=00000000 DR2=00000000 DR3=00000000 
DR6=ffff0ff0 DR7=00000400
CCS=00000000 CCD=000002ae CCO=EFLAGS
EFER=0000000000000000
Servicing hardware INT=0x20
   539: v=20 e=0000 i=0 cpl=0 IP=0008:0010117e pc=0010117e SP=0010:d0001fb2 env->regs[R_EAX]=00000742
EAX=00000742 EBX=0000002b ECX=0000039b EDX=0000000b
ESI=000b8000 EDI=00000700 EBP=d0001fbe ESP=d0001fb2
EIP=0010117e EFL=00000202 [-------] CPL=0 II=0 A20=1 SMM=0 HLT=0
ES =0010 00000000 ffffffff 00cf9300 DPL=0 DS   [-WA]
CS =0008 00000000 ffffffff 00cf9a00 DPL=0 CS32 [-R-]
SS =0010 00000000 ffffffff 00cf9300 DPL=0 DS   [-WA]
DS =0010 00000000 ffffffff 00cf9300 DPL=0 DS   [-WA]
FS =0010 00000000 ffffffff 00cf9300 DPL=0 DS   [-WA]
GS =0010 00000000 ffffffff 00cf9300 DPL=0 DS   [-WA]
LDT=0000 00000000 0000ffff 00008200 DPL=0 LDT
TR =0000 00000000 0000ffff 00008b00 DPL=0 TSS32-busy
GDT=     00108008 00000017
IDT=     00108060 000007ff
CR0=80000011 CR2=00000000 CR3=00000000 CR4=00000000
DR0=00000000 DR1=00000000 DR2=00000000 DR3=00000000 
DR6=ffff0ff0 DR7=00000400
CCS=00000000 CCD=0000039b CCO=EFLAGS
EFER=0000000000000000
Servicing hardware INT=0x20
   540: v=20 e=0000 i=0 cpl=0 IP=0008:0010117e pc=0010117e SP=0010:00107fa4 env->regs[R_EAX]=00000730
EAX=00000730 EBX=0000002f ECX=000002af EDX=00000008
ESI=000b8000 EDI=00000700 EBP=00107fb0 ESP=00107fa4
EIP=0010117e EFL=00000206 [-----P-] CPL=0 II=0 A20=1 SMM=0 HLT=0
ES =0010 00000000 ffffffff 00cf9300 DPL=0 DS   [-WA]
CS =0008 00000000 ffffffff 00cf9a00 DPL=0 CS32 [-R-]
SS =0010 00000000 ffffffff 00cf9300 DPL=0 DS   [-WA]
DS =0010 00000000 ffffffff 00cf9300 DPL=0 DS   [-WA]
FS =0010 00000000 ffffffff 00cf9300 DPL=0 DS   [-WA]
GS =0010 00000000 ffffffff 00cf9300 DPL=0 DS   [-WA]
LDT=0000 00000000 0000ffff 00008200 DPL=0 LDT
TR =0000 00000000 0000ffff 00008b00 DPL=0 TSS32-busy
GDT=     00108008 00000017
IDT=     00108060 000007ff
CR0=80000011 CR2=00000000 CR3=00000000 CR4=00000000
DR0=00000000 DR1=00000000 DR2=00000000 DR3=00000000 
DR6=ffff0ff0 DR7=00000400
CCS=00000004 CCD=000002af CCO=EFLAGS
EFER=0000000000000000
Servicing hardware INT=0x20
   541: v=20 e=0000 i=0 cpl=0 IP=0008:0010117e pc=0010117e SP=0010:d0000fa9 env->regs[R_EAX]=00000741
EAX=00000741 EBX=0000002e ECX=0000075e EDX=00000017
ESI=000b8000 EDI=00000700 EBP=d0000fb5 ESP=d0000fa9
EIP=0010117e EFL=00000202 [-------] CPL=0 II=0 A20=1 SMM=0 HLT=0
ES =0010 00000000 ffffffff 00cf9300 DPL=0 DS   [-WA]
CS =0008 00000000 ffffffff 00cf9a00 DPL=0 CS32 [-R-]
SS =0010 00000000 ffffffff 00cf9300 DPL=0 DS   [-WA]
DS =0010 00000000 ffffffff 00cf9300 DPL=0 DS   [-WA]
FS =0010 00000000 ffffffff 00cf9300 DPL=0 DS   [-WA]
GS =0010 00000000 ffffffff 00cf9300 DPL=0 DS   [-WA]
LDT=0000 00000000 0000ffff 00008200 DPL=0 LDT
TR =0000 00000000 0000ffff 00008b00 DPL=0 TSS32-busy
GDT=     00108008 00000017
IDT=     00108060 000007ff
CR0=80000011 CR2=00000000 CR3=00000000 CR4=00000000
DR0=00000000 DR1=00000000 DR2=00000000 DR3=00000000 
DR6=ffff0ff0 DR7=00000400
CCS=00000000 CCD=0000075e CCO=EFLAGS
EFER=0000000000000000
Servicing hardware INT=0x20
   542: v=20 e=0000 i=0 cpl=0 IP=0008:0010117e pc=0010117e SP=0010:d0001fb2 env->regs[R_EAX]=00000742
EAX=00000742 EBX=00000033 ECX=00000623 EDX=00000013
ESI=000b8000 EDI=00000700 EBP=d0001fbe ESP=d0001fb2
EIP=0010117e EFL=00000202 [-------] CPL=0 II=0 A20=1 SMM=0 HLT=0
ES =0010 00000000 ffffffff 00cf9300 DPL=0 DS   [-WA]
CS =0008 00000000 ffffffff 00cf9a00 DPL=0 CS32 [-R-]
SS =0010 00000000 ffffffff 00cf9300 DPL=0 DS   [-WA]
DS =0010 00000000 ffffffff 00cf9300 DPL=0 DS   [-WA]
FS =0010 00000000 ffffffff 00cf9300 DPL=0 DS   [-WA]
GS =0010 00000000 ffffffff 00cf9300 DPL=0 DS   [-WA]
LDT=0000 00000000 0000ffff 00008200 DPL=0 LDT
TR =0000 00000000 0000ffff 00008b00 DPL=0 TSS32-busy
GDT=     00108008 00000017
IDT=     00108060 000007ff
CR0=80000011 CR2=00000000 CR3=00000000 CR4=00000000
DR0=00000000 DR1=00000000 DR2=00000000 DR3=00000000 
DR6=ffff0ff0 DR7=00000400
CCS=00000000 CCD=00000623 CCO=EFLAGS
EFER=0000000000000000
Servicing hardware INT=0x20
   543: v=20 e=0000 i=0 cpl=0 IP=0008:0010117e pc=0010117e SP=0010:00107fa4 env->regs[R_EAX]=00000730
EAX=00000730 EBX=0000003a ECX=000001ca EDX=00000005
ESI=000b8000 EDI=00000700 EBP=00107fb0 ESP=00107fa4
EIP=0010117e EFL=00000206 [-----P-] CPL=0 II=0 A20=1 SMM=0 HLT=0
ES =0010 00000000 ffffffff 00cf9300 DPL=0 DS   [-WA]
CS =0008 00000000 ffffffff 00cf9a00 DPL=0 CS32 [-R-]
SS =0010 00000000 ffffffff 00cf9300 DPL=0 DS   [-WA]
DS =0010 00000000 ffffffff 00cf9300 DPL=0 DS   [-WA]
FS =0010 00000000 ffffffff 00cf9300 DPL=0 DS   [-WA]
GS =0010 00000000 ffffffff 00cf9300 DPL=0 DS   [-WA]
LDT=0000 00000000 0000ffff 00008200 DPL=0 LDT
TR =0000 00000000 0000ffff 00008b00 DPL=0 TSS32-busy
GDT=     00108008 00000017
IDT=     00108060 000007ff
CR0=80000011 CR2=00000000 CR3=00000000 CR4=00000000
DR0=00000000 DR1=00000000 DR2=00000000 DR3=00000000 
DR6=ffff0ff0 DR7=00000400
CCS=00000004 CCD=000001ca CCO=EFLAGS
EFER=0000000000000000
Servicing hardware INT=0x20
   544: v=20 e=0000 i=0 cpl=0 IP=0008:0010117e pc=0010117e SP=0010:d0000fa9 env->regs[R_EAX]=00000741
EAX=00000741 EBX=00000040 ECX=00000450 EDX=0000000d
ESI=000b8000 EDI=00000700 EBP=d0000fb5 ESP=d0000fa9
EIP=0010117e EFL=00000206 [-----P-] CPL=0 II=0 A20=1 SMM=0 HLT=0
ES =0010 00000000 ffffffff 00cf9300 DPL=0 DS   [-WA]
CS =0008 00000000 ffffffff 00cf9a00 DPL=0 CS32 [-R-]
SS =0010 00000000 ffffffff 00cf9300 DPL=0 DS   [-WA]
DS =0010 00000000 ffffffff 00cf9300 DPL=0 DS   [-WA]
FS =0010 00000000 ffffffff 00cf9300 DPL=0 DS   [-WA]
GS =0010 00000000 ffffffff 00cf9300 DPL=0 DS   [-WA]
LDT=0000 00000000 0000ffff 00008200 DPL=0 LDT
TR =0000 00000000 0000ffff 00008b00 DPL=0 TSS32-busy
GDT=     00108008 00000017
IDT=     00108060 000007ff
CR0=80000011 CR2=00000000 CR3=00000000 CR4=00000000
DR0=00000000 DR1=00000000 DR2=00000000 DR3=00000000 
DR6=ffff0ff0 DR7=00000400
CCS=00000004 CCD=00000450 CCO=EFLAGS
EFER=0000000000000000
Servicing hardware INT=0x20
   545: v=20 e=0000 i=0 cpl=0 IP=0008:0010117e pc=0010117e SP=0010:d0001fb2 env->regs[R_EAX]=00000742
EAX=00000742 EBX=00000033 ECX=00000533 EDX=00000010
ESI=000b8000 EDI=00000700 EBP=d0001fbe ESP=d0001fb2
EIP=0010117e EFL=00000206 [-----P-] CPL=0 II=0 A20=1 SMM=0 HLT=0
ES =0010 00000000 ffffffff 00cf9300 DPL=0 DS   [-WA]
CS =0008 00000000 ffffffff 00cf9a00 DPL=0 CS32 [-R-]
SS =0010 00000000 ffffffff 00cf9300 DPL=0 DS   [-WA]
DS =0010 00000000 ffffffff 00cf9300 DPL=0 DS   [-WA]
FS =0010 00000000 ffffffff 00cf9300 DPL=0 DS   [-WA]
GS =0010 00000000 ffffffff 00cf9300 DPL=0 DS   [-WA]
LDT=0000 00000000 0000ffff 00008200 DPL=0 LDT
TR =0000 00000000 0000ffff 00008b00 DPL=0 TSS32-busy
GDT=     00108008 00000017
IDT=     00108060 000007ff
CR0=80000011 CR2=00000000 CR3=00000000 CR4=00000000
DR0=00000000 DR1=00000000 DR2=00000000 DR3=00000000 
DR6=ffff0ff0 DR7=00000400
CCS=00000004 CCD=00000533 CCO=EFLAGS
EFER=0000000000000000
Servicing hardware INT=0x20
   546: v=20 e=0000 i=0 cpl=0 IP=0008:0010117e pc=0010117e SP=0010:00107fa4 env->regs[R_EAX]=00000730
EAX=00000730 EBX=0000003e ECX=0000026e EDX=00000007
ESI=000b8000 EDI=00000700 EBP=00107fb0 ESP=00107fa4
EIP=0010117e EFL=00000202 [-------] CPL=0 II=0 A20=1 SMM=0 HLT=0
ES =0010 00000000 ffffffff 00cf9300 DPL=0 DS   [-WA]
CS =0008 00000000 ffffffff 00cf9a00 DPL=0 CS32 [-R-]
SS =0010 00000000 ffffffff 00cf9300 DPL=0 DS   [-WA]
DS =0010 00000000 ffffffff 00cf9300 DPL=0 DS   [-WA]
FS =0010 00000000 ffffffff 00cf9300 DPL=0 DS   [-WA]
GS =0010 00000000 ffffffff 00cf9300 DPL=0 DS   [-WA]
LDT=0000 00000000 0000ffff 00008200 DPL=0 LDT
TR =0000 00000000 0000ffff 00008b00 DPL=0 TSS32-busy
GDT=     00108008 00000017
IDT=     00108060 000007ff
CR0=80000011 CR2=00000000 CR3=00000000 CR4=00000000
DR0=00000000 DR1=00000000 DR2=00000000 DR3=00000000 
DR6=ffff0ff0 DR7=00000400
CCS=00000000 CCD=0000026e CCO=EFLAGS
EFER=0000000000000000
Servicing hardware INT=0x20
   547: v=20 e=0000 i=0 cpl=0 IP=0008:0010117e pc=0010117e SP=0010:d0000fa9 env->regs[R_EAX]=00000741
EAX=00000741 EBX=0000002f ECX=0000016f EDX=00000004
ESI=000b8000 EDI=00000700 EBP=d0000fb5 ESP=d0000fa9
EIP=0010117e EFL=00000206 [-----P-] CPL=0 II=0 A20=1 SMM=0 HLT=0
ES =0010 00000000 ffffffff 00cf9300 DPL=0 DS   [-WA]
CS =0008 00000000 ffffffff 00cf9a00 DPL=0 CS32 [-R-]
SS =0010 00000000 ffffffff 00cf9300 DPL=0 DS   [-WA]
DS =0010 00000000 ffffffff 00cf9300 DPL=0 DS   [-WA]
FS =0010 00000000 ffffffff 00cf9300 DPL=0 DS   [-WA]
GS =0010 00000000 ffffffff 00cf9300 DPL=0 DS   [-WA]
LDT=0000 00000000 0000ffff 00008200 DPL=0 LDT
TR =0000 00000000 0000ffff 00008b00 DPL=0 TSS32-busy
GDT=     00108008 00000017
IDT=     00108060 000007ff
CR0=80000011 CR2=00000000 CR3=00000000 CR4=00000000
DR0=00000000 DR1=00000000 DR2=00000000 DR3=00000000 
DR6=ffff0ff0 DR7=00000400
CCS=00000004 CCD=0000016f CCO=EFLAGS
EFER=0000000000000000
Servicing hardware INT=0x20
   548: v=20 e=0000 i=0 cpl=0 IP=0008:0010117e pc=0010117e SP=0010:d0001fb2 env->regs[R_EAX]=00000742
EAX=00000742 EBX=0000001f ECX=000001ff EDX=00000006
ESI=000b8000 EDI=00000700 EBP=d0001fbe ESP=d0001fb2
EIP=0010117e EFL=00000206 [-----P-] CPL=0 II=0 A20=1 SMM=0 HLT=0
ES =0010 00000000 ffffffff 00cf9300 DPL=0 DS   [-WA]
CS =0008 00000000 ffffffff 00cf9a00 DPL=0 CS32 [-R-]
SS =0010 00000000 ffffffff 00cf9300 DPL=0 DS   [-WA]
DS =0010 00000000 ffffffff 00cf9300 DPL=0 DS   [-WA]
FS =0010 00000000 ffffffff 00cf9300 DPL=0 DS   [-WA]
GS =0010 00000000 ffffffff 00cf9300 DPL=0 DS   [-WA]
LDT=0000 00000000 0000ffff 00008200 DPL=0 LDT
TR =0000 00000000 0000ffff 00008b00 DPL=0 TSS32-busy
GDT=     00108008 00000017
IDT=     00108060 000007ff
CR0=80000011 CR2=00000000 CR3=00000000 CR4=00000000
DR0=00000000 DR1=00000000 DR2=00000000 DR3=00000000 
DR6=ffff0ff0 DR7=00000400
CCS=00000004 CCD=000001ff CCO=EFLAGS
EFER=0000000000000000
Servicing hardware INT=0x20
   549: v=20 e=0000 i=0 cpl=0 IP=0008:0010117e pc=0010117e SP=0010:00107fa4 env->regs[R_EAX]=00000730
EAX=00000730 EBX=00000004 ECX=00000464 EDX=0000000e
ESI=000b8000 EDI=00000700 EBP=00107fb0 ESP=00107fa4
EIP=0010117e EFL=00000202 [-------] CPL=0 II=0 A20=1 SMM=0 HLT=0
ES =0010 00000000 ffffffff 00cf9300 DPL=0 DS   [-WA]
CS =0008 00000000 ffffffff 00cf9a00 DPL=0 CS32 [-R-]
SS =0010 00000000 ffffffff 00cf9300 DPL=0 DS   [-WA]
DS =0010 00000000 ffffffff 00cf9300 DPL=0 DS   [-WA]
FS =0010 00000000 ffffffff 00cf9300 DPL=0 DS   [-WA]
GS =0010 00000000 ffffffff 00cf9300 DPL=0 DS   [-WA]
LDT=0000 00000000 0000ffff 00008200 DPL=0 LDT
TR =0000 00000000 0000ffff 00008b00 DPL=0 TSS32-busy
GDT=     00108008 00000017
IDT=     00108060 000007ff
CR0=80000011 CR2=00000000 CR3=00000000 CR4=00000000
DR0=00000000 DR1=00000000 DR2=00000000 DR3=00000000 
DR6=ffff0ff0 DR7=00000400
CCS=00000000 CCD=00000464 CCO=EFLAGS
EFER=0000000000000000
Servicing hardware INT=0x20
   550: v=20 e=0000 i=0 cpl=0 IP=0008:0010117e pc=0010117e SP=0010:d0000fa9 env->regs[R_EAX]=00000741
EAX=00000741 EBX=00000006 ECX=00000376 EDX=0000000b
ESI=000b8000 EDI=00000700 EBP=d0000fb5 ESP=d0000fa9
EIP=0010117e EFL=00000202 [-------] CPL=0 II=0 A20=1 SMM=0 HLT=0
ES =0010 00000000 ffffffff 00cf9300 DPL=0 DS   [-WA]
CS =0008 00000000 ffffffff 00cf9a00 DPL=0 CS32 [-R-]
SS =0010 00000000 ffffffff 00cf9300 DPL=0 DS   [-WA]
DS =0010 00000000 ffffffff 00cf9300 DPL=0 DS   [-WA]
FS =0010 00000000 ffffffff 00cf9300 DPL=0 DS   [-WA]
GS =0010 00000000 ffffffff 00cf9300 DPL=0 DS   [-WA]
LDT=0000 00000000 0000ffff 00008200 DPL=0 LDT
TR =0000 00000000 0000ffff 00008b00 DPL=0 TSS32-busy
GDT=     00108008 00000017
IDT=     00108060 000007ff
CR0=80000011 CR2=00000000 CR3=00000000 CR4=00000000
DR0=00000000 DR1=00000000 DR2=00000000 DR3=00000000 
DR6=ffff0ff0 DR7=00000400
CCS=00000000 CCD=00000376 CCO=EFLAGS
EFER=0000000000000000
Servicing hardware INT=0x20
   551: v=20 e=0000 i=0 cpl=0 IP=0008:0010117e pc=0010117e SP=0010:d0001fb2 env->regs[R_EAX]=00000742
EAX=00000742 EBX=00000037 ECX=00000587 EDX=00000011
ESI=000b8000 EDI=00000700 EBP=d0001fbe ESP=d0001fb2
EIP=0010117e EFL=00000206 [-----P-] CPL=0 II=0 A20=1 SMM=0 HLT=0
ES =0010 00000000 ffffffff 00cf9300 DPL=0 DS   [-WA]
CS =0008 00000000 ffffffff 00cf9a00 DPL=0 CS32 [-R-]
SS =0010 00000000 ffffffff 00cf9300 DPL=0 DS   [-WA]
DS =0010 00000000 ffffffff 00cf9300 DPL=0 DS   [-WA]
FS =0010 00000000 ffffffff 00cf9300 DPL=0 DS   [-WA]
GS =0010 00000000 ffffffff 00cf9300 DPL=0 DS   [-WA]
LDT=0000 00000000 0000ffff 00008200 DPL=0 LDT
TR =0000 00000000 0000ffff 00008b00 DPL=0 TSS32-busy
GDT=     00108008 00000017
IDT=     00108060 000007ff
CR0=80000011 CR2=00000000 CR3=00000000 CR4=00000000
DR0=00000000 DR1=00000000 DR2=00000000 DR3=00000000 
DR6=ffff0ff0 DR7=00000400
CCS=00000004 CCD=00000587 CCO=EFLAGS
EFER=0000000000000000
Servicing hardware INT=0x20
   552: v=20 e=0000 i=0 cpl=0 IP=0008:0010117e pc=0010117e SP=0010:00107fa4 env->regs[R_EAX]=00000730
EAX=00000730 EBX=00000037 ECX=00000127 EDX=00000003
ESI=000b8000 EDI=00000700 EBP=00107fb0 ESP=00107fa4
EIP=0010117e EFL=00000206 [-----P-] CPL=0 II=0 A20=1 SMM=0 HLT=0
ES =0010 00000000 ffffffff 00cf9300 DPL=0 DS   [-WA]
CS =0008 00000000 ffffffff 00cf9a00 DPL=0 CS32 [-R-]
SS =0010 00000000 ffffffff 00cf9300 DPL=0 DS   [-WA]
DS =0010 00000000 ffffffff 00cf9300 DPL=0 DS   [-WA]
FS =0010 00000000 ffffffff 00cf9300 DPL=0 DS   [-WA]
GS =0010 00000000 ffffffff 00cf9300 DPL=0 DS   [-WA]
LDT=0000 00000000 0000ffff 00008200 DPL=0 LDT
TR =0000 00000000 0000ffff 00008b00 DPL=0 TSS32-busy
GDT=     00108008 00000017
IDT=     00108060 000007ff
CR0=80000011 CR2=00000000 CR3=00000000 CR4=00000000
DR0=00000000 DR1=00000000 DR2=00000000 DR3=00000000 
DR6=ffff0ff0 DR7=00000400
CCS=00000004 CCD=00000127 CCO=EFLAGS
EFER=0000000000000000
Servicing hardware INT=0x20
   553: v=20 e=0000 i=0 cpl=0 IP=0008:0010117e pc=0010117e SP=0010:d0000fa9 env->regs[R_EAX]=00000741
EAX=00000741 EBX=0000004f ECX=0000068f EDX=00000014
ESI=000b8000 EDI=00000700 EBP=d0000fb5 ESP=d0000fa9
EIP=0010117e EFL=00000202 [-------] CPL=0 II=0 A20=1 SMM=0 HLT=0
ES =0010 00000000 ffffffff 00cf9300 DPL=0 DS   [-WA]
CS =0008 00000000 ffffffff 00cf9a00 DPL=0 CS32 [-R-]
SS =0010 00000000 ffffffff 00cf9300 DPL=0 DS   [-WA]
DS =0010 00000000 ffffffff 00cf9300 DPL=0 DS   [-WA]
FS =0010 00000000 ffffffff 00cf9300 DPL=0 DS   [-WA]
GS =0010 00000000 ffffffff 00cf9300 DPL=0 DS   [-WA]
LDT=0000 00000000 0000ffff 00008200 DPL=0 LDT
TR =0000 00000000 0000ffff 00008b00 DPL=0 TSS32-busy
GDT=     00108008 00000017
IDT=     00108060 000007ff
CR0=80000011 CR2=00000000 CR3=00000000 CR4=00000000
DR0=00000000 DR1=00000000 DR2=00000000 DR3=00000000 
DR6=ffff0ff0 DR7=00000400
CCS=00000000 CCD=0000068f CCO=EFLAGS
EFER=0000000000000000
Servicing hardware INT=0x20
   554: v=20 e=0000 i=0 cpl=0 IP=0008:0010117e pc=0010117e SP=0010:d0001fb2 env->regs[R_EAX]=00000742
EAX=00000742 EBX=00000020 ECX=00000160 EDX=00000004
ESI=000b8000 EDI=00000700 EBP=d0001fbe ESP=d0001fb2
EIP=0010117e EFL=00000206 [-----P-] CPL=0 II=0 A20=1 SMM=0 HLT=0
ES =0010 00000000 ffffffff 00cf9300 DPL=0 DS   [-WA]
CS =0008 00000000 ffffffff 00cf9a00 DPL=0 CS32 [-R-]
SS =0010 00000000 ffffffff 00cf9300 DPL=0 DS   [-WA]
DS =0010 00000000 ffffffff 00cf9300 DPL=0 DS   [-WA]
FS =0010 00000000 ffffffff 00cf9300 DPL=0 DS   [-WA]
GS =0010 00000000 ffffffff 00cf9300 DPL=0 DS   [-WA]
LDT=0000 00000000 0000ffff 00008200 DPL=0 LDT
TR =0000 00000000 0000ffff 00008b00 DPL=0 TSS32-busy
GDT=     00108008 00000017
IDT=     00108060 000007ff
CR0=80000011 CR2=00000000 CR3=00000000 CR4=00000000
DR0=00000000 DR1=00000000 DR2=00000000 DR3=00000000 
DR6=ffff0ff0 DR7=00000400
CCS=00000004 CCD=00000160 CCO=EFLAGS
EFER=0000000000000000
Servicing hardware INT=0x20
   555: v=20 e=0000 i=0 cpl=0 IP=0008:0010117e pc=0010117e SP=0010:00107fa4 env->regs[R_EAX]=00000730
EAX=00000730 EBX=0000003a ECX=0000012a EDX=00000003
ESI=000b8000 EDI=00000700 EBP=00107fb0 ESP=00107fa4
EIP=0010117e EFL=00000202 [-------] CPL=0 II=0 A20=1 SMM=0 HLT=0
ES =0010 00000000 ffffffff 00cf9300 DPL=0 DS   [-WA]
CS =0008 00000000 ffffffff 00cf9a00 DPL=0 CS32 [-R-]
SS =0010 00000000 ffffffff 00cf9300 DPL=0 DS   [-WA]
DS =0010 00000000 ffffffff 00cf9300 DPL=0 DS   [-WA]
FS =0010 00000000 ffffffff 00cf9300 DPL=0 DS   [-WA]
GS =0010 00000000 ffffffff 00cf9300 DPL=0 DS   [-WA]
LDT=0000 00000000 0000ffff 00008200 DPL=0 LDT
TR =0000 00000000 0000ffff 00008b00 DPL=0 TSS32-busy
GDT=     00108008 00000017
IDT=     00108060 000007ff
CR0=80000011 CR2=00000000 CR3=00000000 CR4=00000000
DR0=00000000 DR1=00000000 DR2=00000000 DR3=00000000 
DR6=ffff0ff0 DR7=00000400
CCS=00000000 CCD=0000012a CCO=EFLAGS
EFER=0000000000000000
Servicing hardware INT=0x20
   556: v=20 e=0000 i=0 cpl=0 IP=0008:0010117e pc=0010117e SP=0010:d0000fa9 env->regs[R_EAX]=00000741
EAX=00000741 EBX=0000001a ECX=0000074a EDX=00000017
ESI=000b8000 EDI=00000700 EBP=d0000fb5 ESP=d0000fa9
EIP=0010117e EFL=00000202 [-------] CPL=0 II=0 A20=1 SMM=0 HLT=0
ES =0010 00000000 ffffffff 00cf9300 DPL=0 DS   [-WA]
CS =0008 00000000 ffffffff 00cf9a00 DPL=0 CS32 [-R-]
SS =0010 00000000 ffffffff 00cf9300 DPL=0 DS   [-WA]
DS =0010 00000000 ffffffff 00cf9300 DPL=0 DS   [-WA]
FS =0010 00000000 ffffffff 00cf9300 DPL=0 DS   [-WA]
GS =0010 00000000 ffffffff 00cf9300 DPL=0 DS   [-WA]
LDT=0000 00000000 0000ffff 00008200 DPL=0 LDT
TR =0000 00000000 0000ffff 00008b00 DPL=0 TSS32-busy
GDT=     00108008 00000017
IDT=     00108060 000007ff
CR0=80000011 CR2=00000000 CR3=00000000 CR4=00000000
DR0=00000000 DR1=00000000 DR2=00000000 DR3=00000000 
DR6=ffff0ff0 DR7=00000400
CCS=00000000 CCD=0000074a CCO=EFLAGS
EFER=0000000000000000
Servicing hardware INT=0x20
   557: v=20 e=0000 i=0 cpl=0 IP=0008:00100a4d pc=00100a4d SP=0010:d0001fe6 env->regs[R_EAX]=0000001b
EAX=0000001b EBX=aaaaaaab ECX=0000047a EDX=0000000e
ESI=00000000 EDI=00000000 EBP=d0001ffe ESP=d0001fe6
EIP=00100a4d EFL=00000246 [---Z-P-] CPL=0 II=0 A20=1 SMM=0 HLT=0
ES =0010 00000000 ffffffff 00cf9300 DPL=0 DS   [-WA]
CS =0008 00000000 ffffffff 00cf9a00 DPL=0 CS32 [-R-]
SS =0010 00000000 ffffffff 00cf9300 DPL=0 DS   [-WA]
DS =0010 00000000 ffffffff 00cf9300 DPL=0 DS   [-WA]
FS =0010 00000000 ffffffff 00cf9300 DPL=0 DS   [-WA]
GS =0010 00000000 ffffffff 00cf9300 DPL=0 DS   [-WA]
LDT=0000 00000000 0000ffff 00008200 DPL=0 LDT
TR =0000 00000000 0000ffff 00008b00 DPL=0 TSS32-busy
GDT=     00108008 00000017
IDT=     00108060 000007ff
CR0=80000011 CR2=00000000 CR3=00000000 CR4=00000000
DR0=00000000 DR1=00000000 DR2=00000000 DR3=00000000 
DR6=ffff0ff0 DR7=00000400
CCS=00000044 CCD=00000000 CCO=EFLAGS
EFER=0000000000000000
Servicing hardware INT=0x20
   558: v=20 e=0000 i=0 cpl=0 IP=0008:0010117e pc=0010117e SP=0010:00107fa4 env->regs[R_EAX]=00000730
EAX=00000730 EBX=0000004a ECX=0000068a EDX=00000014
ESI=000b8000 EDI=00000700 EBP=00107fb0 ESP=00107fa4
EIP=0010117e EFL=00000202 [-------] CPL=0 II=0 A20=1 SMM=0 HLT=0
ES =0010 00000000 ffffffff 00cf9300 DPL=0 DS   [-WA]
CS =0008 00000000 ffffffff 00cf9a00 DPL=0 CS32 [-R-]
SS =0010 00000000 ffffffff 00cf9300 DPL=0 DS   [-WA]
DS =0010 00000000 ffffffff 00cf9300 DPL=0 DS   [-WA]
FS =0010 00000000 ffffffff 00cf9300 DPL=0 DS   [-WA]
GS =0010 00000000 ffffffff 00cf9300 DPL=0 DS   [-WA]
LDT=0000 00000000 0000ffff 00008200 DPL=0 LDT
TR =0000 00000000 0000ffff 00008b00 DPL=0 TSS32-busy
GDT=     00108008 00000017
IDT=     00108060 000007ff
CR0=80000011 CR2=00000000 CR3=00000000 CR4=00000000
DR0=00000000 DR1=00000000 DR2=00000000 DR3=00000000 
DR6=ffff0ff0 DR7=00000400
CCS=00000000 CCD=0000068a CCO=EFLAGS
EFER=0000000000000000
Servicing hardware INT=0x20
   559: v=20 e=0000 i=0 cpl=0 IP=0008:0010117e pc=0010117e SP=0010:d0000fa9 env->regs[R_EAX]=00000741
EAX=00000741 EBX=0000002d ECX=0000061d EDX=00000013
ESI=000b8000 EDI=00000700 EBP=d0000fb5 ESP=d0000fa9
EIP=0010117e EFL=00000206 [-----P-] CPL=0 II=0 A20=1 SMM=0 HLT=0
ES =0010 00000000 ffffffff 00cf9300 DPL=0 DS   [-WA]
CS =0008 00000000 ffffffff 00cf9a00 DPL=0 CS32 [-R-]
SS =0010 00000000 ffffffff 00cf9300 DPL=0 DS   [-WA]
DS =0010 00000000 ffffffff 00cf9300 DPL=0 DS   [-WA]
FS =0010 00000000 ffffffff 00cf9300 DPL=0 DS   [-WA]
GS =0010 00000000 ffffffff 00cf9300 DPL=0 DS   [-WA]
LDT=0000 00000000 0000ffff 00008200 DPL=0 LDT
TR =0000 00000000 0000ffff 00008b00 DPL=0 TSS32-busy
GDT=     00108008 00000017
IDT=     00108060 000007ff
CR0=80000011 CR2=00000000 CR3=00000000 CR4=00000000
DR0=00000000 DR1=00000000 DR2=00000000 DR3=00000000 
DR6=ffff0ff0 DR7=00000400
CCS=00000004 CCD=0000061d CCO=EFLAGS
EFER=0000000000000000
Servicing hardware INT=0x20
   560: v=20 e=0000 i=0 cpl=0 IP=0008:0010117e pc=0010117e SP=0010:d0001fb2 env->regs[R_EAX]=00000742
EAX=00000742 EBX=0000003b ECX=000007bb EDX=00000018
ESI=000b8000 EDI=00000700 EBP=d0001fbe ESP=d0001fb2
EIP=0010117e EFL=00000206 [-----P-] CPL=0 II=0 A20=1 SMM=0 HLT=0
ES =0010 00000000 ffffffff 00cf9300 DPL=0 DS   [-WA]
CS =0008 00000000 ffffffff 00cf9a00 DPL=0 CS32 [-R-]
SS =0010 00000000 ffffffff 00cf9300 DPL=0 DS   [-WA]
DS =0010 00000000 ffffffff 00cf9300 DPL=0 DS   [-WA]
FS =0010 00000000 ffffffff 00cf9300 DPL=0 DS   [-WA]
GS =0010 00000000 ffffffff 00cf9300 DPL=0 DS   [-WA]
LDT=0000 00000000 0000ffff 00008200 DPL=0 LDT
TR =0000 00000000 0000ffff 00008b00 DPL=0 TSS32-busy
GDT=     00108008 00000017
IDT=     00108060 000007ff
CR0=80000011 CR2=00000000 CR3=00000000 CR4=00000000
DR0=00000000 DR1=00000000 DR2=00000000 DR3=00000000 
DR6=ffff0ff0 DR7=00000400
CCS=00000004 CCD=000007bb CCO=EFLAGS
EFER=0000000000000000
Servicing hardware INT=0x20
   561: v=20 e=0000 i=0 cpl=0 IP=0008:0010117e pc=0010117e SP=0010:00107fa4 env->regs[R_EAX]=00000730
EAX=00000730 EBX=00000029 ECX=000001b9 EDX=00000005
ESI=000b8000 EDI=00000700 EBP=00107fb0 ESP=00107fa4
EIP=0010117e EFL=00000202 [-------] CPL=0 II=0 A20=1 SMM=0 HLT=0
ES =0010 00000000 ffffffff 00cf9300 DPL=0 DS   [-WA]
CS =0008 00000000 ffffffff 00cf9a00 DPL=0 CS32 [-R-]
SS =0010 00000000 ffffffff 00cf9300 DPL=0 DS   [-WA]
DS =0010 00000000 ffffffff 00cf9300 DPL=0 DS   [-WA]
FS =0010 00000000 ffffffff 00cf9300 DPL=0 DS   [-WA]
GS =0010 00000000 ffffffff 00cf9300 DPL=0 DS   [-WA]
LDT=0000 00000000 0000ffff 00008200 DPL=0 LDT
TR =0000 00000000 0000ffff 00008b00 DPL=0 TSS32-busy
GDT=     00108008 00000017
IDT=     00108060 000007ff
CR0=80000011 CR2=00000000 CR3=00000000 CR4=00000000
DR0=00000000 DR1=00000000 DR2=00000000 DR3=00000000 
DR6=ffff0ff0 DR7=00000400
CCS=00000000 CCD=000001b9 CCO=EFLAGS
EFER=0000000000000000
Servicing hardware INT=0x20
   562: v=20 e=0000 i=0 cpl=0 IP=0008:0010117e pc=0010117e SP=0010:d0000fa9 env->regs[R_EAX]=00000741
EAX=00000741 EBX=00000029 ECX=00000669 EDX=00000014
ESI=000b8000 EDI=00000700 EBP=d0000fb5 ESP=d0000fa9
EIP=0010117e EFL=00000206 [-----P-] CPL=0 II=0 A20=1 SMM=0 HLT=0
ES =0010 00000000 ffffffff 00cf9300 DPL=0 DS   [-WA]
CS =0008 00000000 ffffffff 00cf9a00 DPL=0 CS32 [-R-]
SS =0010 00000000 ffffffff 00cf9300 DPL=0 DS   [-WA]
DS =0010 00000000 ffffffff 00cf9300 DPL=0 DS   [-WA]
FS =0010 00000000 ffffffff 00cf9300 DPL=0 DS   [-WA]
GS =0010 00000000 ffffffff 00cf9300 DPL=0 DS   [-WA]
LDT=0000 00000000 0000ffff 00008200 DPL=0 LDT
TR =0000 00000000 0000ffff 00008b00 DPL=0 TSS32-busy
GDT=     00108008 00000017
IDT=     00108060 000007ff
CR0=80000011 CR2=00000000 CR3=00000000 CR4=00000000
DR0=00000000 DR1=00000000 DR2=00000000 DR3=00000000 
DR6=ffff0ff0 DR7=00000400
CCS=00000004 CCD=00000669 CCO=EFLAGS
EFER=0000000000000000
Servicing hardware INT=0x20
   563: v=20 e=0000 i=0 cpl=0 IP=0008:0010117e pc=0010117e SP=0010:d0001fb2 env->regs[R_EAX]=00000742
EAX=00000742 EBX=0000000c ECX=0000014c EDX=00000004
ESI=000b8000 EDI=00000700 EBP=d0001fbe ESP=d0001fb2
EIP=0010117e EFL=00000202 [-------] CPL=0 II=0 A20=1 SMM=0 HLT=0
ES =0010 00000000 ffffffff 00cf9300 DPL=0 DS   [-WA]
CS =0008 00000000 ffffffff 00cf9a00 DPL=0 CS32 [-R-]
SS =0010 00000000 ffffffff 00cf9300 DPL=0 DS   [-WA]
DS =0010 00000000 ffffffff 00cf9300 DPL=0 DS   [-WA]
FS =0010 00000000 ffffffff 00cf9300 DPL=0 DS   [-WA]
GS =0010 00000000 ffffffff 00cf9300 DPL=0 DS   [-WA]
LDT=0000 00000000 0000ffff 00008200 DPL=0 LDT
TR =0000 00000000 0000ffff 00008b00 DPL=0 TSS32-busy
GDT=     00108008 00000017
IDT=     00108060 000007ff
CR0=80000011 CR2=00000000 CR3=00000000 CR4=00000000
DR0=00000000 DR1=00000000 DR2=00000000 DR3=00000000 
DR6=ffff0ff0 DR7=00000400
CCS=00000000 CCD=0000014c CCO=EFLAGS
EFER=0000000000000000
Servicing hardware INT=0x20
   564: v=20 e=0000 i=0 cpl=0 IP=0008:0010117e pc=0010117e SP=0010:00107fa4 env->regs[R_EAX]=00000730
EAX=00000730 EBX=00000026 ECX=00000116 EDX=00000003
ESI=000b8000 EDI=00000700 EBP=00107fb0 ESP=00107fa4
EIP=0010117e EFL=00000202 [-------] CPL=0 II=0 A20=1 SMM=0 HLT=0
ES =0010 00000000 ffffffff 00cf9300 DPL=0 DS   [-WA]
CS =0008 00000000 ffffffff 00cf9a00 DPL=0 CS32 [-R-]
SS =0010 00000000 ffffffff 00cf9300 DPL=0 DS   [-WA]
DS =0010 00000000 ffffffff 00cf9300 DPL=0 DS   [-WA]
FS =0010 00000000 ffffffff 00cf9300 DPL=0 DS   [-WA]
GS =0010 00000000 ffffffff 00cf9300 DPL=0 DS   [-WA]
LDT=0000 00000000 0000ffff 00008200 DPL=0 LDT
TR =0000 00000000 0000ffff 00008b00 DPL=0 TSS32-busy
GDT=     00108008 00000017
IDT=     00108060 000007ff
CR0=80000011 CR2=00000000 CR3=00000000 CR4=00000000
DR0=00000000 DR1=00000000 DR2=00000000 DR3=00000000 
DR6=ffff0ff0 DR7=00000400
CCS=00000000 CCD=00000116 CCO=EFLAGS
EFER=0000000000000000
Servicing hardware INT=0x20
   565: v=20 e=0000 i=0 cpl=0 IP=0008:0010117e pc=0010117e SP=0010:d0000fa9 env->regs[R_EAX]=00000741
EAX=00000741 EBX=00000021 ECX=00000251 EDX=00000007
ESI=000b8000 EDI=00000700 EBP=d0000fb5 ESP=d0000fa9
EIP=0010117e EFL=00000202 [-------] CPL=0 II=0 A20=1 SMM=0 HLT=0
ES =0010 00000000 ffffffff 00cf9300 DPL=0 DS   [-WA]
CS =0008 00000000 ffffffff 00cf9a00 DPL=0 CS32 [-R-]
SS =0010 00000000 ffffffff 00cf9300 DPL=0 DS   [-WA]
DS =0010 00000000 ffffffff 00cf9300 DPL=0 DS   [-WA]
FS =0010 00000000 ffffffff 00cf9300 DPL=0 DS   [-WA]
GS =0010 00000000 ffffffff 00cf9300 DPL=0 DS   [-WA]
LDT=0000 00000000 0000ffff 00008200 DPL=0 LDT
TR =0000 00000000 0000ffff 00008b00 DPL=0 TSS32-busy
GDT=     00108008 00000017
IDT=     00108060 000007ff
CR0=80000011 CR2=00000000 CR3=00000000 CR4=00000000
DR0=00000000 DR1=00000000 DR2=00000000 DR3=00000000 
DR6=ffff0ff0 DR7=00000400
CCS=00000000 CCD=00000251 CCO=EFLAGS
EFER=0000000000000000
Servicing hardware INT=0x20
   566: v=20 e=0000 i=0 cpl=0 IP=0008:0010117e pc=0010117e SP=0010:d0001fb2 env->regs[R_EAX]=00000742
EAX=00000742 EBX=0000003a ECX=0000053a EDX=00000010
ESI=000b8000 EDI=00000700 EBP=d0001fbe ESP=d0001fb2
EIP=0010117e EFL=00000206 [-----P-] CPL=0 II=0 A20=1 SMM=0 HLT=0
ES =0010 00000000 ffffffff 00cf9300 DPL=0 DS   [-WA]
CS =0008 00000000 ffffffff 00cf9a00 DPL=0 CS32 [-R-]
SS =0010 00000000 ffffffff 00cf9300 DPL=0 DS   [-WA]
DS =0010 00000000 ffffffff 00cf9300 DPL=0 DS   [-WA]
FS =0010 00000000 ffffffff 00cf9300 DPL=0 DS   [-WA]
GS =0010 00000000 ffffffff 00cf9300 DPL=0 DS   [-WA]
LDT=0000 00000000 0000ffff 00008200 DPL=0 LDT
TR =0000 00000000 0000ffff 00008b00 DPL=0 TSS32-busy
GDT=     00108008 00000017
IDT=     00108060 000007ff
CR0=80000011 CR2=00000000 CR3=00000000 CR4=00000000
DR0=00000000 DR1=00000000 DR2=00000000 DR3=00000000 
DR6=ffff0ff0 DR7=00000400
CCS=00000004 CCD=0000053a CCO=EFLAGS
EFER=0000000000000000
Servicing hardware INT=0x20
   567: v=20 e=0000 i=0 cpl=0 IP=0008:0010117e pc=0010117e SP=0010:00107fa4 env->regs[R_EAX]=00000730
EAX=00000730 EBX=00000028 ECX=00000438 EDX=0000000d
ESI=000b8000 EDI=00000700 EBP=00107fb0 ESP=00107fa4
EIP=0010117e EFL=00000202 [-------] CPL=0 II=0 A20=1 SMM=0 HLT=0
ES =0010 00000000 ffffffff 00cf9300 DPL=0 DS   [-WA]
CS =0008 00000000 ffffffff 00cf9a00 DPL=0 CS32 [-R-]
SS =0010 00000000 ffffffff 00cf9300 DPL=0 DS   [-WA]
DS =0010 00000000 ffffffff 00cf9300 DPL=0 DS   [-WA]
FS =0010 00000000 ffffffff 00cf9300 DPL=0 DS   [-WA]
GS =0010 00000000 ffffffff 00cf9300 DPL=0 DS   [-WA]
LDT=0000 00000000 0000ffff 00008200 DPL=0 LDT
TR =0000 00000000 0000ffff 00008b00 DPL=0 TSS32-busy
GDT=     00108008 00000017
IDT=     00108060 000007ff
CR0=80000011 CR2=00000000 CR3=00000000 CR4=00000000
DR0=00000000 DR1=00000000 DR2=00000000 DR3=00000000 
DR6=ffff0ff0 DR7=00000400
CCS=00000000 CCD=00000438 CCO=EFLAGS
EFER=0000000000000000
Servicing hardware INT=0x20
   568: v=20 e=0000 i=0 cpl=0 IP=0008:0010117e pc=0010117e SP=0010:d0000fa9 env->regs[R_EAX]=00000741
EAX=00000741 EBX=00000027 ECX=00000757 EDX=00000017
ESI=000b8000 EDI=00000700 EBP=d0000fb5 ESP=d0000fa9
EIP=0010117e EFL=00000202 [-------] CPL=0 II=0 A20=1 SMM=0 HLT=0
ES =0010 00000000 ffffffff 00cf9300 DPL=0 DS   [-WA]
CS =0008 00000000 ffffffff 00cf9a00 DPL=0 CS32 [-R-]
SS =0010 00000000 ffffffff 00cf9300 DPL=0 DS   [-WA]
DS =0010 00000000 ffffffff 00cf9300 DPL=0 DS   [-WA]
FS =0010 00000000 ffffffff 00cf9300 DPL=0 DS   [-WA]
GS =0010 00000000 ffffffff 00cf9300 DPL=0 DS   [-WA]
LDT=0000 00000000 0000ffff 00008200 DPL=0 LDT
TR =0000 00000000 0000ffff 00008b00 DPL=0 TSS32-busy
GDT=     00108008 00000017
IDT=     00108060 000007ff
CR0=80000011 CR2=00000000 CR3=00000000 CR4=00000000
DR0=00000000 DR1=00000000 DR2=00000000 DR3=00000000 
DR6=ffff0ff0 DR7=00000400
CCS=00000000 CCD=00000757 CCO=EFLAGS
EFER=0000000000000000
Servicing hardware INT=0x20
   569: v=20 e=0000 i=0 cpl=0 IP=0008:0010117e pc=0010117e SP=0010:d0001fb2 env->regs[R_EAX]=00000742
EAX=00000742 EBX=0000001e ECX=0000047e EDX=0000000e
ESI=000b8000 EDI=00000700 EBP=d0001fbe ESP=d0001fb2
EIP=0010117e EFL=00000206 [-----P-] CPL=0 II=0 A20=1 SMM=0 HLT=0
ES =0010 00000000 ffffffff 00cf9300 DPL=0 DS   [-WA]
CS =0008 00000000 ffffffff 00cf9a00 DPL=0 CS32 [-R-]
SS =0010 00000000 ffffffff 00cf9300 DPL=0 DS   [-WA]
DS =0010 00000000 ffffffff 00cf9300 DPL=0 DS   [-WA]
FS =0010 00000000 ffffffff 00cf9300 DPL=0 DS   [-WA]
GS =0010 00000000 ffffffff 00cf9300 DPL=0 DS   [-WA]
LDT=0000 00000000 0000ffff 00008200 DPL=0 LDT
TR =0000 00000000 0000ffff 00008b00 DPL=0 TSS32-busy
GDT=     00108008 00000017
IDT=     00108060 000007ff
CR0=80000011 CR2=00000000 CR3=00000000 CR4=00000000
DR0=00000000 DR1=00000000 DR2=00000000 DR3=00000000 
DR6=ffff0ff0 DR7=00000400
CCS=00000004 CCD=0000047e CCO=EFLAGS
EFER=0000000000000000
Servicing hardware INT=0x20
   570: v=20 e=0000 i=0 cpl=0 IP=0008:0010117e pc=0010117e SP=0010:00107fa4 env->regs[R_EAX]=00000730
EAX=00000730 EBX=00000018 ECX=00000478 EDX=0000000e
ESI=000b8000 EDI=00000700 EBP=00107fb0 ESP=00107fa4
EIP=0010117e EFL=00000206 [-----P-] CPL=0 II=0 A20=1 SMM=0 HLT=0
ES =0010 00000000 ffffffff 00cf9300 DPL=0 DS   [-WA]
CS =0008 00000000 ffffffff 00cf9a00 DPL=0 CS32 [-R-]
SS =0010 00000000 ffffffff 00cf9300 DPL=0 DS   [-WA]
DS =0010 00000000 ffffffff 00cf9300 DPL=0 DS   [-WA]
FS =0010 00000000 ffffffff 00cf9300 DPL=0 DS   [-WA]
GS =0010 00000000 ffffffff 00cf9300 DPL=0 DS   [-WA]
LDT=0000 00000000 0000ffff 00008200 DPL=0 LDT
TR =0000 00000000 0000ffff 00008b00 DPL=0 TSS32-busy
GDT=     00108008 00000017
IDT=     00108060 000007ff
CR0=80000011 CR2=00000000 CR3=00000000 CR4=00000000
DR0=00000000 DR1=00000000 DR2=00000000 DR3=00000000 
DR6=ffff0ff0 DR7=00000400
CCS=00000004 CCD=00000478 CCO=EFLAGS
EFER=0000000000000000
Servicing hardware INT=0x20
   571: v=20 e=0000 i=0 cpl=0 IP=0008:0010117e pc=0010117e SP=0010:d0000fa9 env->regs[R_EAX]=00000741
EAX=00000741 EBX=00000008 ECX=00000008 EDX=00000000
ESI=000b8000 EDI=00000700 EBP=d0000fb5 ESP=d0000fa9
EIP=0010117e EFL=00000202 [-------] CPL=0 II=0 A20=1 SMM=0 HLT=0
ES =0010 00000000 ffffffff 00cf9300 DPL=0 DS   [-WA]
CS =0008 00000000 ffffffff 00cf9a00 DPL=0 CS32 [-R-]
SS =0010 00000000 ffffffff 00cf9300 DPL=0 DS   [-WA]
DS =0010 00000000 ffffffff 00cf9300 DPL=0 DS   [-WA]
FS =0010 00000000 ffffffff 00cf9300 DPL=0 DS   [-WA]
GS =0010 00000000 ffffffff 00cf9300 DPL=0 DS   [-WA]
LDT=0000 00000000 0000ffff 00008200 DPL=0 LDT
TR =0000 00000000 0000ffff 00008b00 DPL=0 TSS32-busy
GDT=     00108008 00000017
IDT=     00108060 000007ff
CR0=80000011 CR2=00000000 CR3=00000000 CR4=00000000
DR0=00000000 DR1=00000000 DR2=00000000 DR3=00000000 
DR6=ffff0ff0 DR7=00000400
CCS=00000000 CCD=00000008 CCO=EFLAGS
EFER=0000000000000000
Servicing hardware INT=0x20
   572: v=20 e=0000 i=0 cpl=0 IP=0008:0010117e pc=0010117e SP=0010:d0001fb2 env->regs[R_EAX]=00000742
EAX=00000742 EBX=00000046 ECX=00000456 EDX=0000000d
ESI=000b8000 EDI=00000700 EBP=d0001fbe ESP=d0001fb2
EIP=0010117e EFL=00000206 [-----P-] CPL=0 II=0 A20=1 SMM=0 HLT=0
ES =0010 00000000 ffffffff 00cf9300 DPL=0 DS   [-WA]
CS =0008 00000000 ffffffff 00cf9a00 DPL=0 CS32 [-R-]
SS =0010 00000000 ffffffff 00cf9300 DPL=0 DS   [-WA]
DS =0010 00000000 ffffffff 00cf9300 DPL=0 DS   [-WA]
FS =0010 00000000 ffffffff 00cf9300 DPL=0 DS   [-WA]
GS =0010 00000000 ffffffff 00cf9300 DPL=0 DS   [-WA]
LDT=0000 00000000 0000ffff 00008200 DPL=0 LDT
TR =0000 00000000 0000ffff 00008b00 DPL=0 TSS32-busy
GDT=     00108008 00000017
IDT=     00108060 000007ff
CR0=80000011 CR2=00000000 CR3=00000000 CR4=00000000
DR0=00000000 DR1=00000000 DR2=00000000 DR3=00000000 
DR6=ffff0ff0 DR7=00000400
CCS=00000004 CCD=00000456 CCO=EFLAGS
EFER=0000000000000000
Servicing hardware INT=0x20
   573: v=20 e=0000 i=0 cpl=0 IP=0008:0010117e pc=0010117e SP=0010:00107fa4 env->regs[R_EAX]=00000730
EAX=00000730 EBX=00000037 ECX=00000537 EDX=00000010
ESI=000b8000 EDI=00000700 EBP=00107fb0 ESP=00107fa4
EIP=0010117e EFL=00000202 [-------] CPL=0 II=0 A20=1 SMM=0 HLT=0
ES =0010 00000000 ffffffff 00cf9300 DPL=0 DS   [-WA]
CS =0008 00000000 ffffffff 00cf9a00 DPL=0 CS32 [-R-]
SS =0010 00000000 ffffffff 00cf9300 DPL=0 DS   [-WA]
DS =0010 00000000 ffffffff 00cf9300 DPL=0 DS   [-WA]
FS =0010 00000000 ffffffff 00cf9300 DPL=0 DS   [-WA]
GS =0010 00000000 ffffffff 00cf9300 DPL=0 DS   [-WA]
LDT=0000 00000000 0000ffff 00008200 DPL=0 LDT
TR =0000 00000000 0000ffff 00008b00 DPL=0 TSS32-busy
GDT=     00108008 00000017
IDT=     00108060 000007ff
CR0=80000011 CR2=00000000 CR3=00000000 CR4=00000000
DR0=00000000 DR1=00000000 DR2=00000000 DR3=00000000 
DR6=ffff0ff0 DR7=00000400
CCS=00000000 CCD=00000537 CCO=EFLAGS
EFER=0000000000000000
Servicing hardware INT=0x20
   574: v=20 e=0000 i=0 cpl=0 IP=0008:0010117e pc=0010117e SP=0010:d0000fa9 env->regs[R_EAX]=00000741
EAX=00000741 EBX=0000000c ECX=000005ac EDX=00000012
ESI=000b8000 EDI=00000700 EBP=d0000fb5 ESP=d0000fa9
EIP=0010117e EFL=00000206 [-----P-] CPL=0 II=0 A20=1 SMM=0 HLT=0
ES =0010 00000000 ffffffff 00cf9300 DPL=0 DS   [-WA]
CS =0008 00000000 ffffffff 00cf9a00 DPL=0 CS32 [-R-]
SS =0010 00000000 ffffffff 00cf9300 DPL=0 DS   [-WA]
DS =0010 00000000 ffffffff 00cf9300 DPL=0 DS   [-WA]
FS =0010 00000000 ffffffff 00cf9300 DPL=0 DS   [-WA]
GS =0010 00000000 ffffffff 00cf9300 DPL=0 DS   [-WA]
LDT=0000 00000000 0000ffff 00008200 DPL=0 LDT
TR =0000 00000000 0000ffff 00008b00 DPL=0 TSS32-busy
GDT=     00108008 00000017
IDT=     00108060 000007ff
CR0=80000011 CR2=00000000 CR3=00000000 CR4=00000000
DR0=00000000 DR1=00000000 DR2=00000000 DR3=00000000 
DR6=ffff0ff0 DR7=00000400
CCS=00000004 CCD=000005ac CCO=EFLAGS
EFER=0000000000000000
Servicing hardware INT=0x20
   575: v=20 e=0000 i=0 cpl=0 IP=0008:0010117e pc=0010117e SP=0010:d0001fb2 env->regs[R_EAX]=00000742
EAX=00000742 EBX=00000021 ECX=00000341 EDX=0000000a
ESI=000b8000 EDI=00000700 EBP=d0001fbe ESP=d0001fb2
EIP=0010117e EFL=00000206 [-----P-] CPL=0 II=0 A20=1 SMM=0 HLT=0
ES =0010 00000000 ffffffff 00cf9300 DPL=0 DS   [-WA]
CS =0008 00000000 ffffffff 00cf9a00 DPL=0 CS32 [-R-]
SS =0010 00000000 ffffffff 00cf9300 DPL=0 DS   [-WA]
DS =0010 00000000 ffffffff 00cf9300 DPL=0 DS   [-WA]
FS =0010 00000000 ffffffff 00cf9300 DPL=0 DS   [-WA]
GS =0010 00000000 ffffffff 00cf9300 DPL=0 DS   [-WA]
LDT=0000 00000000 0000ffff 00008200 DPL=0 LDT
TR =0000 00000000 0000ffff 00008b00 DPL=0 TSS32-busy
GDT=     00108008 00000017
IDT=     00108060 000007ff
CR0=80000011 CR2=00000000 CR3=00000000 CR4=00000000
DR0=00000000 DR1=00000000 DR2=00000000 DR3=00000000 
DR6=ffff0ff0 DR7=00000400
CCS=00000004 CCD=00000341 CCO=EFLAGS
EFER=0000000000000000
Servicing hardware INT=0x20
   576: v=20 e=0000 i=0 cpl=0 IP=0008:0010117e pc=0010117e SP=0010:00107fa4 env->regs[R_EAX]=00000730
EAX=00000730 EBX=0000001e ECX=0000056e EDX=00000011
ESI=000b8000 EDI=00000700 EBP=00107fb0 ESP=00107fa4
EIP=0010117e EFL=00000202 [-------] CPL=0 II=0 A20=1 SMM=0 HLT=0
ES =0010 00000000 ffffffff 00cf9300 DPL=0 DS   [-WA]
CS =0008 00000000 ffffffff 00cf9a00 DPL=0 CS32 [-R-]
SS =0010 00000000 ffffffff 00cf9300 DPL=0 DS   [-WA]
DS =0010 00000000 ffffffff 00cf9300 DPL=0 DS   [-WA]
FS =0010 00000000 ffffffff 00cf9300 DPL=0 DS   [-WA]
GS =0010 00000000 ffffffff 00cf9300 DPL=0 DS   [-WA]
LDT=0000 00000000 0000ffff 00008200 DPL=0 LDT
TR =0000 00000000 0000ffff 00008b00 DPL=0 TSS32-busy
GDT=     00108008 00000017
IDT=     00108060 000007ff
CR0=80000011 CR2=00000000 CR3=00000000 CR4=00000000
DR0=00000000 DR1=00000000 DR2=00000000 DR3=00000000 
DR6=ffff0ff0 DR7=00000400
CCS=00000000 CCD=0000056e CCO=EFLAGS
EFER=0000000000000000
Servicing hardware INT=0x20
   577: v=20 e=0000 i=0 cpl=0 IP=0008:0010117e pc=0010117e SP=0010:d0000fa9 env->regs[R_EAX]=00000741
EAX=00000741 EBX=0000000c ECX=0000019c EDX=00000005
ESI=000b8000 EDI=00000700 EBP=d0000fb5 ESP=d0000fa9
EIP=0010117e EFL=00000206 [-----P-] CPL=0 II=0 A20=1 SMM=0 HLT=0
ES =0010 00000000 ffffffff 00cf9300 DPL=0 DS   [-WA]
CS =0008 00000000 ffffffff 00cf9a00 DPL=0 CS32 [-R-]
SS =0010 00000000 ffffffff 00cf9300 DPL=0 DS   [-WA]
DS =0010 00000000 ffffffff 00cf9300 DPL=0 DS   [-WA]
FS =0010 00000000 ffffffff 00cf9300 DPL=0 DS   [-WA]
GS =0010 00000000 ffffffff 00cf9300 DPL=0 DS   [-WA]
LDT=0000 00000000 0000ffff 00008200 DPL=0 LDT
TR =0000 00000000 0000ffff 00008b00 DPL=0 TSS32-busy
GDT=     00108008 00000017
IDT=     00108060 000007ff
CR0=80000011 CR2=00000000 CR3=00000000 CR4=00000000
DR0=00000000 DR1=00000000 DR2=00000000 DR3=00000000 
DR6=ffff0ff0 DR7=00000400
CCS=00000004 CCD=0000019c CCO=EFLAGS
EFER=0000000000000000
Servicing hardware INT=0x20
   578: v=20 e=0000 i=0 cpl=0 IP=0008:0010117e pc=0010117e SP=0010:d0001fb2 env->regs[R_EAX]=00000742
EAX=00000742 EBX=0000002f ECX=000000cf EDX=00000002
ESI=000b8000 EDI=00000700 EBP=d0001fbe ESP=d0001fb2
EIP=0010117e EFL=00000206 [-----P-] CPL=0 II=0 A20=1 SMM=0 HLT=0
ES =0010 00000000 ffffffff 00cf9300 DPL=0 DS   [-WA]
CS =0008 00000000 ffffffff 00cf9a00 DPL=0 CS32 [-R-]
SS =0010 00000000 ffffffff 00cf9300 DPL=0 DS   [-WA]
DS =0010 00000000 ffffffff 00cf9300 DPL=0 DS   [-WA]
FS =0010 00000000 ffffffff 00cf9300 DPL=0 DS   [-WA]
GS =0010 00000000 ffffffff 00cf9300 DPL=0 DS   [-WA]
LDT=0000 00000000 0000ffff 00008200 DPL=0 LDT
TR =0000 00000000 0000ffff 00008b00 DPL=0 TSS32-busy
GDT=     00108008 00000017
IDT=     00108060 000007ff
CR0=80000011 CR2=00000000 CR3=00000000 CR4=00000000
DR0=00000000 DR1=00000000 DR2=00000000 DR3=00000000 
DR6=ffff0ff0 DR7=00000400
CCS=00000004 CCD=000000cf CCO=EFLAGS
EFER=0000000000000000
Servicing hardware INT=0x20
   579: v=20 e=0000 i=0 cpl=0 IP=0008:0010117e pc=0010117e SP=0010:00107fa4 env->regs[R_EAX]=00000730
EAX=00000730 EBX=0000003e ECX=0000067e EDX=00000014
ESI=000b8000 EDI=00000700 EBP=00107fb0 ESP=00107fa4
EIP=0010117e EFL=00000206 [-----P-] CPL=0 II=0 A20=1 SMM=0 HLT=0
ES =0010 00000000 ffffffff 00cf9300 DPL=0 DS   [-WA]
CS =0008 00000000 ffffffff 00cf9a00 DPL=0 CS32 [-R-]
SS =0010 00000000 ffffffff 00cf9300 DPL=0 DS   [-WA]
DS =0010 00000000 ffffffff 00cf9300 DPL=0 DS   [-WA]
FS =0010 00000000 ffffffff 00cf9300 DPL=0 DS   [-WA]
GS =0010 00000000 ffffffff 00cf9300 DPL=0 DS   [-WA]
LDT=0000 00000000 0000ffff 00008200 DPL=0 LDT
TR =0000 00000000 0000ffff 00008b00 DPL=0 TSS32-busy
GDT=     00108008 00000017
IDT=     00108060 000007ff
CR0=80000011 CR2=00000000 CR3=00000000 CR4=00000000
DR0=00000000 DR1=00000000 DR2=00000000 DR3=00000000 
DR6=ffff0ff0 DR7=00000400
CCS=00000004 CCD=0000067e CCO=EFLAGS
EFER=0000000000000000
Servicing hardware INT=0x20
   580: v=20 e=0000 i=0 cpl=0 IP=0008:0010117e pc=0010117e SP=0010:d0000fa9 env->regs[R_EAX]=00000741
EAX=00000741 EBX=00000021 ECX=00000611 EDX=00000013
ESI=000b8000 EDI=00000700 EBP=d0000fb5 ESP=d0000fa9
EIP=0010117e EFL=00000206 [-----P-] CPL=0 II=0 A20=1 SMM=0 HLT=0
ES =0010 00000000 ffffffff 00cf9300 DPL=0 DS   [-WA]
CS =0008 00000000 ffffffff 00cf9a00 DPL=0 CS32 [-R-]
SS =0010 00000000 ffffffff 00cf9300 DPL=0 DS   [-WA]
DS =0010 00000000 ffffffff 00cf9300 DPL=0 DS   [-WA]
FS =0010 00000000 ffffffff 00cf9300 DPL=0 DS   [-WA]
GS =0010 00000000 ffffffff 00cf9300 DPL=0 DS   [-WA]
LDT=0000 00000000 0000ffff 00008200 DPL=0 LDT
TR =0000 00000000 0000ffff 00008b00 DPL=0 TSS32-busy
GDT=     00108008 00000017
IDT=     00108060 000007ff
CR0=80000011 CR2=00000000 CR3=00000000 CR4=00000000
DR0=00000000 DR1=00000000 DR2=00000000 DR3=00000000 
DR6=ffff0ff0 DR7=00000400
CCS=00000004 CCD=00000611 CCO=EFLAGS
EFER=0000000000000000
Servicing hardware INT=0x20
   581: v=20 e=0000 i=0 cpl=0 IP=0008:0010117e pc=0010117e SP=0010:d0001fb2 env->regs[R_EAX]=00000742
EAX=00000742 EBX=0000001e ECX=0000065e EDX=00000014
ESI=000b8000 EDI=00000700 EBP=d0001fbe ESP=d0001fb2
EIP=0010117e EFL=00000202 [-------] CPL=0 II=0 A20=1 SMM=0 HLT=0
ES =0010 00000000 ffffffff 00cf9300 DPL=0 DS   [-WA]
CS =0008 00000000 ffffffff 00cf9a00 DPL=0 CS32 [-R-]
SS =0010 00000000 ffffffff 00cf9300 DPL=0 DS   [-WA]
DS =0010 00000000 ffffffff 00cf9300 DPL=0 DS   [-WA]
FS =0010 00000000 ffffffff 00cf9300 DPL=0 DS   [-WA]
GS =0010 00000000 ffffffff 00cf9300 DPL=0 DS   [-WA]
LDT=0000 00000000 0000ffff 00008200 DPL=0 LDT
TR =0000 00000000 0000ffff 00008b00 DPL=0 TSS32-busy
GDT=     00108008 00000017
IDT=     00108060 000007ff
CR0=80000011 CR2=00000000 CR3=00000000 CR4=00000000
DR0=00000000 DR1=00000000 DR2=00000000 DR3=00000000 
DR6=ffff0ff0 DR7=00000400
CCS=00000000 CCD=0000065e CCO=EFLAGS
EFER=0000000000000000
Servicing hardware INT=0x20
   582: v=20 e=0000 i=0 cpl=0 IP=0008:0010117e pc=0010117e SP=0010:00107fa4 env->regs[R_EAX]=00000730
EAX=00000730 EBX=00000014 ECX=00000244 EDX=00000007
ESI=000b8000 EDI=00000700 EBP=00107fb0 ESP=00107fa4
EIP=0010117e EFL=00000206 [-----P-] CPL=0 II=0 A20=1 SMM=0 HLT=0
ES =0010 00000000 ffffffff 00cf9300 DPL=0 DS   [-WA]
CS =0008 00000000 ffffffff 00cf9a00 DPL=0 CS32 [-R-]
SS =0010 00000000 ffffffff 00cf9300 DPL=0 DS   [-WA]
DS =0010 00000000 ffffffff 00cf9300 DPL=0 DS   [-WA]
FS =0010 00000000 ffffffff 00cf9300 DPL=0 DS   [-WA]
GS =0010 00000000 ffffffff 00cf9300 DPL=0 DS   [-WA]
LDT=0000 00000000 0000ffff 00008200 DPL=0 LDT
TR =0000 00000000 0000ffff 00008b00 DPL=0 TSS32-busy
GDT=     00108008 00000017
IDT=     00108060 000007ff
CR0=80000011 CR2=00000000 CR3=00000000 CR4=00000000
DR0=00000000 DR1=00000000 DR2=00000000 DR3=00000000 
DR6=ffff0ff0 DR7=00000400
CCS=00000004 CCD=00000244 CCO=EFLAGS
EFER=0000000000000000
Servicing hardware INT=0x20
   583: v=20 e=0000 i=0 cpl=0 IP=0008:0010117e pc=0010117e SP=0010:d0000fa9 env->regs[R_EAX]=00000741
EAX=00000741 EBX=00000007 ECX=00000417 EDX=0000000d
ESI=000b8000 EDI=00000700 EBP=d0000fb5 ESP=d0000fa9
EIP=0010117e EFL=00000206 [-----P-] CPL=0 II=0 A20=1 SMM=0 HLT=0
ES =0010 00000000 ffffffff 00cf9300 DPL=0 DS   [-WA]
CS =0008 00000000 ffffffff 00cf9a00 DPL=0 CS32 [-R-]
SS =0010 00000000 ffffffff 00cf9300 DPL=0 DS   [-WA]
DS =0010 00000000 ffffffff 00cf9300 DPL=0 DS   [-WA]
FS =0010 00000000 ffffffff 00cf9300 DPL=0 DS   [-WA]
GS =0010 00000000 ffffffff 00cf9300 DPL=0 DS   [-WA]
LDT=0000 00000000 0000ffff 00008200 DPL=0 LDT
TR =0000 00000000 0000ffff 00008b00 DPL=0 TSS32-busy
GDT=     00108008 00000017
IDT=     00108060 000007ff
CR0=80000011 CR2=00000000 CR3=00000000 CR4=00000000
DR0=00000000 DR1=00000000 DR2=00000000 DR3=00000000 
DR6=ffff0ff0 DR7=00000400
CCS=00000004 CCD=00000417 CCO=EFLAGS
EFER=0000000000000000
Servicing hardware INT=0x20
   584: v=20 e=0000 i=0 cpl=0 IP=0008:0010117e pc=0010117e SP=0010:d0001fb2 env->regs[R_EAX]=00000742
EAX=00000742 EBX=0000002b ECX=0000007b EDX=00000001
ESI=000b8000 EDI=00000700 EBP=d0001fbe ESP=d0001fb2
EIP=0010117e EFL=00000206 [-----P-] CPL=0 II=0 A20=1 SMM=0 HLT=0
ES =0010 00000000 ffffffff 00cf9300 DPL=0 DS   [-WA]
CS =0008 00000000 ffffffff 00cf9a00 DPL=0 CS32 [-R-]
SS =0010 00000000 ffffffff 00cf9300 DPL=0 DS   [-WA]
DS =0010 00000000 ffffffff 00cf9300 DPL=0 DS   [-WA]
FS =0010 00000000 ffffffff 00cf9300 DPL=0 DS   [-WA]
GS =0010 00000000 ffffffff 00cf9300 DPL=0 DS   [-WA]
LDT=0000 00000000 0000ffff 00008200 DPL=0 LDT
TR =0000 00000000 0000ffff 00008b00 DPL=0 TSS32-busy
GDT=     00108008 00000017
IDT=     00108060 000007ff
CR0=80000011 CR2=00000000 CR3=00000000 CR4=00000000
DR0=00000000 DR1=00000000 DR2=00000000 DR3=00000000 
DR6=ffff0ff0 DR7=00000400
CCS=00000004 CCD=0000007b CCO=EFLAGS
EFER=0000000000000000
Servicing hardware INT=0x20
   585: v=20 e=0000 i=0 cpl=0 IP=0008:0010117e pc=0010117e SP=0010:00107fa4 env->regs[R_EAX]=00000730
EAX=00000730 EBX=00000049 ECX=00000229 EDX=00000006
ESI=000b8000 EDI=00000700 EBP=00107fb0 ESP=00107fa4
EIP=0010117e EFL=00000202 [-------] CPL=0 II=0 A20=1 SMM=0 HLT=0
ES =0010 00000000 ffffffff 00cf9300 DPL=0 DS   [-WA]
CS =0008 00000000 ffffffff 00cf9a00 DPL=0 CS32 [-R-]
SS =0010 00000000 ffffffff 00cf9300 DPL=0 DS   [-WA]
DS =0010 00000000 ffffffff 00cf9300 DPL=0 DS   [-WA]
FS =0010 00000000 ffffffff 00cf9300 DPL=0 DS   [-WA]
GS =0010 00000000 ffffffff 00cf9300 DPL=0 DS   [-WA]
LDT=0000 00000000 0000ffff 00008200 DPL=0 LDT
TR =0000 00000000 0000ffff 00008b00 DPL=0 TSS32-busy
GDT=     00108008 00000017
IDT=     00108060 000007ff
CR0=80000011 CR2=00000000 CR3=00000000 CR4=00000000
DR0=00000000 DR1=00000000 DR2=00000000 DR3=00000000 
DR6=ffff0ff0 DR7=00000400
CCS=00000000 CCD=00000229 CCO=EFLAGS
EFER=0000000000000000
Servicing hardware INT=0x20
   586: v=20 e=0000 i=0 cpl=0 IP=0008:0010117e pc=0010117e SP=0010:d0000fa9 env->regs[R_EAX]=00000741
EAX=00000741 EBX=00000047 ECX=00000727 EDX=00000016
ESI=000b8000 EDI=00000700 EBP=d0000fb5 ESP=d0000fa9
EIP=0010117e EFL=00000206 [-----P-] CPL=0 II=0 A20=1 SMM=0 HLT=0
ES =0010 00000000 ffffffff 00cf9300 DPL=0 DS   [-WA]
CS =0008 00000000 ffffffff 00cf9a00 DPL=0 CS32 [-R-]
SS =0010 00000000 ffffffff 00cf9300 DPL=0 DS   [-WA]
DS =0010 00000000 ffffffff 00cf9300 DPL=0 DS   [-WA]
FS =0010 00000000 ffffffff 00cf9300 DPL=0 DS   [-WA]
GS =0010 00000000 ffffffff 00cf9300 DPL=0 DS   [-WA]
LDT=0000 00000000 0000ffff 00008200 DPL=0 LDT
TR =0000 00000000 0000ffff 00008b00 DPL=0 TSS32-busy
GDT=     00108008 00000017
IDT=     00108060 000007ff
CR0=80000011 CR2=00000000 CR3=00000000 CR4=00000000
DR0=00000000 DR1=00000000 DR2=00000000 DR3=00000000 
DR6=ffff0ff0 DR7=00000400
CCS=00000004 CCD=00000727 CCO=EFLAGS
EFER=0000000000000000
Servicing hardware INT=0x20
   587: v=20 e=0000 i=0 cpl=0 IP=0008:0010117e pc=0010117e SP=0010:d0001fb2 env->regs[R_EAX]=00000742
EAX=00000742 EBX=0000001a ECX=0000001a EDX=00000000
ESI=000b8000 EDI=00000700 EBP=d0001fbe ESP=d0001fb2
EIP=0010117e EFL=00000202 [-------] CPL=0 II=0 A20=1 SMM=0 HLT=0
ES =0010 00000000 ffffffff 00cf9300 DPL=0 DS   [-WA]
CS =0008 00000000 ffffffff 00cf9a00 DPL=0 CS32 [-R-]
SS =0010 00000000 ffffffff 00cf9300 DPL=0 DS   [-WA]
DS =0010 00000000 ffffffff 00cf9300 DPL=0 DS   [-WA]
FS =0010 00000000 ffffffff 00cf9300 DPL=0 DS   [-WA]
GS =0010 00000000 ffffffff 00cf9300 DPL=0 DS   [-WA]
LDT=0000 00000000 0000ffff 00008200 DPL=0 LDT
TR =0000 00000000 0000ffff 00008b00 DPL=0 TSS32-busy
GDT=     00108008 00000017
IDT=     00108060 000007ff
CR0=80000011 CR2=00000000 CR3=00000000 CR4=00000000
DR0=00000000 DR1=00000000 DR2=00000000 DR3=00000000 
DR6=ffff0ff0 DR7=00000400
CCS=00000000 CCD=0000001a CCO=EFLAGS
EFER=0000000000000000
Servicing hardware INT=0x20
   588: v=20 e=0000 i=0 cpl=0 IP=0008:0010117e pc=0010117e SP=0010:00107fa4 env->regs[R_EAX]=00000730
EAX=00000730 EBX=00000003 ECX=000005f3 EDX=00000013
ESI=000b8000 EDI=00000700 EBP=00107fb0 ESP=00107fa4
EIP=0010117e EFL=00000206 [-----P-] CPL=0 II=0 A20=1 SMM=0 HLT=0
ES =0010 00000000 ffffffff 00cf9300 DPL=0 DS   [-WA]
CS =0008 00000000 ffffffff 00cf9a00 DPL=0 CS32 [-R-]
SS =0010 00000000 ffffffff 00cf9300 DPL=0 DS   [-WA]
DS =0010 00000000 ffffffff 00cf9300 DPL=0 DS   [-WA]
FS =0010 00000000 ffffffff 00cf9300 DPL=0 DS   [-WA]
GS =0010 00000000 ffffffff 00cf9300 DPL=0 DS   [-WA]
LDT=0000 00000000 0000ffff 00008200 DPL=0 LDT
TR =0000 00000000 0000ffff 00008b00 DPL=0 TSS32-busy
GDT=     00108008 00000017
IDT=     00108060 000007ff
CR0=80000011 CR2=00000000 CR3=00000000 CR4=00000000
DR0=00000000 DR1=00000000 DR2=00000000 DR3=00000000 
DR6=ffff0ff0 DR7=00000400
CCS=00000004 CCD=000005f3 CCO=EFLAGS
EFER=0000000000000000
Servicing hardware INT=0x20
   589: v=20 e=0000 i=0 cpl=0 IP=0008:0010117e pc=0010117e SP=0010:d0000fa9 env->regs[R_EAX]=00000741
EAX=00000741 EBX=0000003e ECX=0000049e EDX=0000000e
ESI=000b8000 EDI=00000700 EBP=d0000fb5 ESP=d0000fa9
EIP=0010117e EFL=00000202 [-------] CPL=0 II=0 A20=1 SMM=0 HLT=0
ES =0010 00000000 ffffffff 00cf9300 DPL=0 DS   [-WA]
CS =0008 00000000 ffffffff 00cf9a00 DPL=0 CS32 [-R-]
SS =0010 00000000 ffffffff 00cf9300 DPL=0 DS   [-WA]
DS =0010 00000000 ffffffff 00cf9300 DPL=0 DS   [-WA]
FS =0010 00000000 ffffffff 00cf9300 DPL=0 DS   [-WA]
GS =0010 00000000 ffffffff 00cf9300 DPL=0 DS   [-WA]
LDT=0000 00000000 0000ffff 00008200 DPL=0 LDT
TR =0000 00000000 0000ffff 00008b00 DPL=0 TSS32-busy
GDT=     00108008 00000017
IDT=     00108060 000007ff
CR0=80000011 CR2=00000000 CR3=00000000 CR4=00000000
DR0=00000000 DR1=00000000 DR2=00000000 DR3=00000000 
DR6=ffff0ff0 DR7=00000400
CCS=00000000 CCD=0000049e CCO=EFLAGS
EFER=0000000000000000
Servicing hardware INT=0x20
   590: v=20 e=0000 i=0 cpl=0 IP=0008:0010117e pc=0010117e SP=0010:d0001fb2 env->regs[R_EAX]=00000742
EAX=00000742 EBX=00000039 ECX=00000589 EDX=00000011
ESI=000b8000 EDI=00000700 EBP=d0001fbe ESP=d0001fb2
EIP=0010117e EFL=00000202 [-------] CPL=0 II=0 A20=1 SMM=0 HLT=0
ES =0010 00000000 ffffffff 00cf9300 DPL=0 DS   [-WA]
CS =0008 00000000 ffffffff 00cf9a00 DPL=0 CS32 [-R-]
SS =0010 00000000 ffffffff 00cf9300 DPL=0 DS   [-WA]
DS =0010 00000000 ffffffff 00cf9300 DPL=0 DS   [-WA]
FS =0010 00000000 ffffffff 00cf9300 DPL=0 DS   [-WA]
GS =0010 00000000 ffffffff 00cf9300 DPL=0 DS   [-WA]
LDT=0000 00000000 0000ffff 00008200 DPL=0 LDT
TR =0000 00000000 0000ffff 00008b00 DPL=0 TSS32-busy
GDT=     00108008 00000017
IDT=     00108060 000007ff
CR0=80000011 CR2=00000000 CR3=00000000 CR4=00000000
DR0=00000000 DR1=00000000 DR2=00000000 DR3=00000000 
DR6=ffff0ff0 DR7=00000400
CCS=00000000 CCD=00000589 CCO=EFLAGS
EFER=0000000000000000
Servicing hardware INT=0x20
   591: v=20 e=0000 i=0 cpl=0 IP=0008:0010117e pc=0010117e SP=0010:00107fa4 env->regs[R_EAX]=00000730
EAX=00000730 EBX=00000015 ECX=00000425 EDX=0000000d
ESI=000b8000 EDI=00000700 EBP=00107fb0 ESP=00107fa4
EIP=0010117e EFL=00000202 [-------] CPL=0 II=0 A20=1 SMM=0 HLT=0
ES =0010 00000000 ffffffff 00cf9300 DPL=0 DS   [-WA]
CS =0008 00000000 ffffffff 00cf9a00 DPL=0 CS32 [-R-]
SS =0010 00000000 ffffffff 00cf9300 DPL=0 DS   [-WA]
DS =0010 00000000 ffffffff 00cf9300 DPL=0 DS   [-WA]
FS =0010 00000000 ffffffff 00cf9300 DPL=0 DS   [-WA]
GS =0010 00000000 ffffffff 00cf9300 DPL=0 DS   [-WA]
LDT=0000 00000000 0000ffff 00008200 DPL=0 LDT
TR =0000 00000000 0000ffff 00008b00 DPL=0 TSS32-busy
GDT=     00108008 00000017
IDT=     00108060 000007ff
CR0=80000011 CR2=00000000 CR3=00000000 CR4=00000000
DR0=00000000 DR1=00000000 DR2=00000000 DR3=00000000 
DR6=ffff0ff0 DR7=00000400
CCS=00000000 CCD=00000425 CCO=EFLAGS
EFER=0000000000000000
Servicing hardware INT=0x20
   592: v=20 e=0000 i=0 cpl=0 IP=0008:0010117e pc=0010117e SP=0010:d0000fa9 env->regs[R_EAX]=00000741
EAX=00000741 EBX=00000005 ECX=00000235 EDX=00000007
ESI=000b8000 EDI=00000700 EBP=d0000fb5 ESP=d0000fa9
EIP=0010117e EFL=00000206 [-----P-] CPL=0 II=0 A20=1 SMM=0 HLT=0
ES =0010 00000000 ffffffff 00cf9300 DPL=0 DS   [-WA]
CS =0008 00000000 ffffffff 00cf9a00 DPL=0 CS32 [-R-]
SS =0010 00000000 ffffffff 00cf9300 DPL=0 DS   [-WA]
DS =0010 00000000 ffffffff 00cf9300 DPL=0 DS   [-WA]
FS =0010 00000000 ffffffff 00cf9300 DPL=0 DS   [-WA]
GS =0010 00000000 ffffffff 00cf9300 DPL=0 DS   [-WA]
LDT=0000 00000000 0000ffff 00008200 DPL=0 LDT
TR =0000 00000000 0000ffff 00008b00 DPL=0 TSS32-busy
GDT=     00108008 00000017
IDT=     00108060 000007ff
CR0=80000011 CR2=00000000 CR3=00000000 CR4=00000000
DR0=00000000 DR1=00000000 DR2=00000000 DR3=00000000 
DR6=ffff0ff0 DR7=00000400
CCS=00000004 CCD=00000235 CCO=EFLAGS
EFER=0000000000000000
Servicing hardware INT=0x20
   593: v=20 e=0000 i=0 cpl=0 IP=0008:0010117e pc=0010117e SP=0010:d0001fb2 env->regs[R_EAX]=00000742
EAX=00000742 EBX=00000018 ECX=00000388 EDX=0000000b
ESI=000b8000 EDI=00000700 EBP=d0001fbe ESP=d0001fb2
EIP=0010117e EFL=00000206 [-----P-] CPL=0 II=0 A20=1 SMM=0 HLT=0
ES =0010 00000000 ffffffff 00cf9300 DPL=0 DS   [-WA]
CS =0008 00000000 ffffffff 00cf9a00 DPL=0 CS32 [-R-]
SS =0010 00000000 ffffffff 00cf9300 DPL=0 DS   [-WA]
DS =0010 00000000 ffffffff 00cf9300 DPL=0 DS   [-WA]
FS =0010 00000000 ffffffff 00cf9300 DPL=0 DS   [-WA]
GS =0010 00000000 ffffffff 00cf9300 DPL=0 DS   [-WA]
LDT=0000 00000000 0000ffff 00008200 DPL=0 LDT
TR =0000 00000000 0000ffff 00008b00 DPL=0 TSS32-busy
GDT=     00108008 00000017
IDT=     00108060 000007ff
CR0=80000011 CR2=00000000 CR3=00000000 CR4=00000000
DR0=00000000 DR1=00000000 DR2=00000000 DR3=00000000 
DR6=ffff0ff0 DR7=00000400
CCS=00000004 CCD=00000388 CCO=EFLAGS
EFER=0000000000000000
Servicing hardware INT=0x20
   594: v=20 e=0000 i=0 cpl=0 IP=0008:0010117e pc=0010117e SP=0010:00107fa4 env->regs[R_EAX]=00000730
EAX=00000730 EBX=0000000d ECX=000005ad EDX=00000012
ESI=000b8000 EDI=00000700 EBP=00107fb0 ESP=00107fa4
EIP=0010117e EFL=00000202 [-------] CPL=0 II=0 A20=1 SMM=0 HLT=0
ES =0010 00000000 ffffffff 00cf9300 DPL=0 DS   [-WA]
CS =0008 00000000 ffffffff 00cf9a00 DPL=0 CS32 [-R-]
SS =0010 00000000 ffffffff 00cf9300 DPL=0 DS   [-WA]
DS =0010 00000000 ffffffff 00cf9300 DPL=0 DS   [-WA]
FS =0010 00000000 ffffffff 00cf9300 DPL=0 DS   [-WA]
GS =0010 00000000 ffffffff 00cf9300 DPL=0 DS   [-WA]
LDT=0000 00000000 0000ffff 00008200 DPL=0 LDT
TR =0000 00000000 0000ffff 00008b00 DPL=0 TSS32-busy
GDT=     00108008 00000017
IDT=     00108060 000007ff
CR0=80000011 CR2=00000000 CR3=00000000 CR4=00000000
DR0=00000000 DR1=00000000 DR2=00000000 DR3=00000000 
DR6=ffff0ff0 DR7=00000400
CCS=00000000 CCD=000005ad CCO=EFLAGS
EFER=0000000000000000
Servicing hardware INT=0x20
   595: v=20 e=0000 i=0 cpl=0 IP=0008:0010117e pc=0010117e SP=0010:d0000fa9 env->regs[R_EAX]=00000741
EAX=00000741 EBX=0000002a ECX=000002aa EDX=00000008
ESI=000b8000 EDI=00000700 EBP=d0000fb5 ESP=d0000fa9
EIP=0010117e EFL=00000206 [-----P-] CPL=0 II=0 A20=1 SMM=0 HLT=0
ES =0010 00000000 ffffffff 00cf9300 DPL=0 DS   [-WA]
CS =0008 00000000 ffffffff 00cf9a00 DPL=0 CS32 [-R-]
SS =0010 00000000 ffffffff 00cf9300 DPL=0 DS   [-WA]
DS =0010 00000000 ffffffff 00cf9300 DPL=0 DS   [-WA]
FS =0010 00000000 ffffffff 00cf9300 DPL=0 DS   [-WA]
GS =0010 00000000 ffffffff 00cf9300 DPL=0 DS   [-WA]
LDT=0000 00000000 0000ffff 00008200 DPL=0 LDT
TR =0000 00000000 0000ffff 00008b00 DPL=0 TSS32-busy
GDT=     00108008 00000017
IDT=     00108060 000007ff
CR0=80000011 CR2=00000000 CR3=00000000 CR4=00000000
DR0=00000000 DR1=00000000 DR2=00000000 DR3=00000000 
DR6=ffff0ff0 DR7=00000400
CCS=00000004 CCD=000002aa CCO=EFLAGS
EFER=0000000000000000
Servicing hardware INT=0x20
   596: v=20 e=0000 i=0 cpl=0 IP=0008:0010117e pc=0010117e SP=0010:d0001fb2 env->regs[R_EAX]=00000742
EAX=00000742 EBX=00000007 ECX=000002d7 EDX=00000009
ESI=000b8000 EDI=00000700 EBP=d0001fbe ESP=d0001fb2
EIP=0010117e EFL=00000206 [-----P-] CPL=0 II=0 A20=1 SMM=0 HLT=0
ES =0010 00000000 ffffffff 00cf9300 DPL=0 DS   [-WA]
CS =0008 00000000 ffffffff 00cf9a00 DPL=0 CS32 [-R-]
SS =0010 00000000 ffffffff 00cf9300 DPL=0 DS   [-WA]
DS =0010 00000000 ffffffff 00cf9300 DPL=0 DS   [-WA]
FS =0010 00000000 ffffffff 00cf9300 DPL=0 DS   [-WA]
GS =0010 00000000 ffffffff 00cf9300 DPL=0 DS   [-WA]
LDT=0000 00000000 0000ffff 00008200 DPL=0 LDT
TR =0000 00000000 0000ffff 00008b00 DPL=0 TSS32-busy
GDT=     00108008 00000017
IDT=     00108060 000007ff
CR0=80000011 CR2=00000000 CR3=00000000 CR4=00000000
DR0=00000000 DR1=00000000 DR2=00000000 DR3=00000000 
DR6=ffff0ff0 DR7=00000400
CCS=00000004 CCD=000002d7 CCO=EFLAGS
EFER=0000000000000000
Servicing hardware INT=0x20
   597: v=20 e=0000 i=0 cpl=0 IP=0008:0010117e pc=0010117e SP=0010:00107fa4 env->regs[R_EAX]=00000730
EAX=00000730 EBX=00000000 ECX=00000730 EDX=00000017
ESI=000b8000 EDI=00000700 EBP=00107fb0 ESP=00107fa4
EIP=0010117e EFL=00000206 [-----P-] CPL=0 II=0 A20=1 SMM=0 HLT=0
ES =0010 00000000 ffffffff 00cf9300 DPL=0 DS   [-WA]
CS =0008 00000000 ffffffff 00cf9a00 DPL=0 CS32 [-R-]
SS =0010 00000000 ffffffff 00cf9300 DPL=0 DS   [-WA]
DS =0010 00000000 ffffffff 00cf9300 DPL=0 DS   [-WA]
FS =0010 00000000 ffffffff 00cf9300 DPL=0 DS   [-WA]
GS =0010 00000000 ffffffff 00cf9300 DPL=0 DS   [-WA]
LDT=0000 00000000 0000ffff 00008200 DPL=0 LDT
TR =0000 00000000 0000ffff 00008b00 DPL=0 TSS32-busy
GDT=     00108008 00000017
IDT=     00108060 000007ff
CR0=80000011 CR2=00000000 CR3=00000000 CR4=00000000
DR0=00000000 DR1=00000000 DR2=00000000 DR3=00000000 
DR6=ffff0ff0 DR7=00000400
CCS=00000004 CCD=00000730 CCO=EFLAGS
EFER=0000000000000000
Servicing hardware INT=0x20
   598: v=20 e=0000 i=0 cpl=0 IP=0008:0010117e pc=0010117e SP=0010:d0000fa9 env->regs[R_EAX]=00000741
EAX=00000741 EBX=00000036 ECX=00000716 EDX=00000016
ESI=000b8000 EDI=00000700 EBP=d0000fb5 ESP=d0000fa9
EIP=0010117e EFL=00000202 [-------] CPL=0 II=0 A20=1 SMM=0 HLT=0
ES =0010 00000000 ffffffff 00cf9300 DPL=0 DS   [-WA]
CS =0008 00000000 ffffffff 00cf9a00 DPL=0 CS32 [-R-]
SS =0010 00000000 ffffffff 00cf9300 DPL=0 DS   [-WA]
DS =0010 00000000 ffffffff 00cf9300 DPL=0 DS   [-WA]
FS =0010 00000000 ffffffff 00cf9300 DPL=0 DS   [-WA]
GS =0010 00000000 ffffffff 00cf9300 DPL=0 DS   [-WA]
LDT=0000 00000000 0000ffff 00008200 DPL=0 LDT
TR =0000 00000000 0000ffff 00008b00 DPL=0 TSS32-busy
GDT=     00108008 00000017
IDT=     00108060 000007ff
CR0=80000011 CR2=00000000 CR3=00000000 CR4=00000000
DR0=00000000 DR1=00000000 DR2=00000000 DR3=00000000 
DR6=ffff0ff0 DR7=00000400
CCS=00000000 CCD=00000716 CCO=EFLAGS
EFER=0000000000000000
Servicing hardware INT=0x20
   599: v=20 e=0000 i=0 cpl=0 IP=0008:0010117e pc=0010117e SP=0010:d0001fb2 env->regs[R_EAX]=00000742
EAX=00000742 EBX=00000009 ECX=00000329 EDX=0000000a
ESI=000b8000 EDI=00000700 EBP=d0001fbe ESP=d0001fb2
EIP=0010117e EFL=00000202 [-------] CPL=0 II=0 A20=1 SMM=0 HLT=0
ES =0010 00000000 ffffffff 00cf9300 DPL=0 DS   [-WA]
CS =0008 00000000 ffffffff 00cf9a00 DPL=0 CS32 [-R-]
SS =0010 00000000 ffffffff 00cf9300 DPL=0 DS   [-WA]
DS =0010 00000000 ffffffff 00cf9300 DPL=0 DS   [-WA]
FS =0010 00000000 ffffffff 00cf9300 DPL=0 DS   [-WA]
GS =0010 00000000 ffffffff 00cf9300 DPL=0 DS   [-WA]
LDT=0000 00000000 0000ffff 00008200 DPL=0 LDT
TR =0000 00000000 0000ffff 00008b00 DPL=0 TSS32-busy
GDT=     00108008 00000017
IDT=     00108060 000007ff
CR0=80000011 CR2=00000000 CR3=00000000 CR4=00000000
DR0=00000000 DR1=00000000 DR2=00000000 DR3=00000000 
DR6=ffff0ff0 DR7=00000400
CCS=00000000 CCD=00000329 CCO=EFLAGS
EFER=0000000000000000
Servicing hardware INT=0x20
   600: v=20 e=0000 i=0 cpl=0 IP=0008:0010117e pc=0010117e SP=0010:00107fa4 env->regs[R_EAX]=00000730
EAX=00000730 EBX=0000002a ECX=0000070a EDX=00000016
ESI=000b8000 EDI=00000700 EBP=00107fb0 ESP=00107fa4
EIP=0010117e EFL=00000206 [-----P-] CPL=0 II=0 A20=1 SMM=0 HLT=0
ES =0010 00000000 ffffffff 00cf9300 DPL=0 DS   [-WA]
CS =0008 00000000 ffffffff 00cf9a00 DPL=0 CS32 [-R-]
SS =0010 00000000 ffffffff 00cf9300 DPL=0 DS   [-WA]
DS =0010 00000000 ffffffff 00cf9300 DPL=0 DS   [-WA]
FS =0010 00000000 ffffffff 00cf9300 DPL=0 DS   [-WA]
GS =0010 00000000 ffffffff 00cf9300 DPL=0 DS   [-WA]
LDT=0000 00000000 0000ffff 00008200 DPL=0 LDT
TR =0000 00000000 0000ffff 00008b00 DPL=0 TSS32-busy
GDT=     00108008 00000017
IDT=     00108060 000007ff
CR0=80000011 CR2=00000000 CR3=00000000 CR4=00000000
DR0=00000000 DR1=00000000 DR2=00000000 DR3=00000000 
DR6=ffff0ff0 DR7=00000400
CCS=00000004 CCD=0000070a CCO=EFLAGS
EFER=0000000000000000
Servicing hardware INT=0x20
   601: v=20 e=0000 i=0 cpl=0 IP=0008:0010117e pc=0010117e SP=0010:d0000fa9 env->regs[R_EAX]=00000741
EAX=00000741 EBX=0000000e ECX=0000005e EDX=00000001
ESI=000b8000 EDI=00000700 EBP=d0000fb5 ESP=d0000fa9
EIP=0010117e EFL=00000202 [-------] CPL=0 II=0 A20=1 SMM=0 HLT=0
ES =0010 00000000 ffffffff 00cf9300 DPL=0 DS   [-WA]
CS =0008 00000000 ffffffff 00cf9a00 DPL=0 CS32 [-R-]
SS =0010 00000000 ffffffff 00cf9300 DPL=0 DS   [-WA]
DS =0010 00000000 ffffffff 00cf9300 DPL=0 DS   [-WA]
FS =0010 00000000 ffffffff 00cf9300 DPL=0 DS   [-WA]
GS =0010 00000000 ffffffff 00cf9300 DPL=0 DS   [-WA]
LDT=0000 00000000 0000ffff 00008200 DPL=0 LDT
TR =0000 00000000 0000ffff 00008b00 DPL=0 TSS32-busy
GDT=     00108008 00000017
IDT=     00108060 000007ff
CR0=80000011 CR2=00000000 CR3=00000000 CR4=00000000
DR0=00000000 DR1=00000000 DR2=00000000 DR3=00000000 
DR6=ffff0ff0 DR7=00000400
CCS=00000000 CCD=0000005e CCO=EFLAGS
EFER=0000000000000000
Servicing hardware INT=0x20
   602: v=20 e=0000 i=0 cpl=0 IP=0008:0010117e pc=0010117e SP=0010:d0001fb2 env->regs[R_EAX]=00000742
EAX=00000742 EBX=0000004b ECX=000005eb EDX=00000012
ESI=000b8000 EDI=00000700 EBP=d0001fbe ESP=d0001fb2
EIP=0010117e EFL=00000206 [-----P-] CPL=0 II=0 A20=1 SMM=0 HLT=0
ES =0010 00000000 ffffffff 00cf9300 DPL=0 DS   [-WA]
CS =0008 00000000 ffffffff 00cf9a00 DPL=0 CS32 [-R-]
SS =0010 00000000 ffffffff 00cf9300 DPL=0 DS   [-WA]
DS =0010 00000000 ffffffff 00cf9300 DPL=0 DS   [-WA]
FS =0010 00000000 ffffffff 00cf9300 DPL=0 DS   [-WA]
GS =0010 00000000 ffffffff 00cf9300 DPL=0 DS   [-WA]
LDT=0000 00000000 0000ffff 00008200 DPL=0 LDT
TR =0000 00000000 0000ffff 00008b00 DPL=0 TSS32-busy
GDT=     00108008 00000017
IDT=     00108060 000007ff
CR0=80000011 CR2=00000000 CR3=00000000 CR4=00000000
DR0=00000000 DR1=00000000 DR2=00000000 DR3=00000000 
DR6=ffff0ff0 DR7=00000400
CCS=00000004 CCD=000005eb CCO=EFLAGS
EFER=0000000000000000
Servicing hardware INT=0x20
   603: v=20 e=0000 i=0 cpl=0 IP=0008:0010117e pc=0010117e SP=0010:00107fa4 env->regs[R_EAX]=00000730
EAX=00000730 EBX=0000003c ECX=000007bc EDX=00000018
ESI=000b8000 EDI=00000700 EBP=00107fb0 ESP=00107fa4
EIP=0010117e EFL=00000202 [-------] CPL=0 II=0 A20=1 SMM=0 HLT=0
ES =0010 00000000 ffffffff 00cf9300 DPL=0 DS   [-WA]
CS =0008 00000000 ffffffff 00cf9a00 DPL=0 CS32 [-R-]
SS =0010 00000000 ffffffff 00cf9300 DPL=0 DS   [-WA]
DS =0010 00000000 ffffffff 00cf9300 DPL=0 DS   [-WA]
FS =0010 00000000 ffffffff 00cf9300 DPL=0 DS   [-WA]
GS =0010 00000000 ffffffff 00cf9300 DPL=0 DS   [-WA]
LDT=0000 00000000 0000ffff 00008200 DPL=0 LDT
TR =0000 00000000 0000ffff 00008b00 DPL=0 TSS32-busy
GDT=     00108008 00000017
IDT=     00108060 000007ff
CR0=80000011 CR2=00000000 CR3=00000000 CR4=00000000
DR0=00000000 DR1=00000000 DR2=00000000 DR3=00000000 
DR6=ffff0ff0 DR7=00000400
CCS=00000000 CCD=000007bc CCO=EFLAGS
EFER=0000000000000000
Servicing hardware INT=0x20
   604: v=20 e=0000 i=0 cpl=0 IP=0008:0010117e pc=0010117e SP=0010:d0000fa9 env->regs[R_EAX]=00000741
EAX=00000741 EBX=0000002d ECX=0000057d EDX=00000011
ESI=000b8000 EDI=00000700 EBP=d0000fb5 ESP=d0000fa9
EIP=0010117e EFL=00000206 [-----P-] CPL=0 II=0 A20=1 SMM=0 HLT=0
ES =0010 00000000 ffffffff 00cf9300 DPL=0 DS   [-WA]
CS =0008 00000000 ffffffff 00cf9a00 DPL=0 CS32 [-R-]
SS =0010 00000000 ffffffff 00cf9300 DPL=0 DS   [-WA]
DS =0010 00000000 ffffffff 00cf9300 DPL=0 DS   [-WA]
FS =0010 00000000 ffffffff 00cf9300 DPL=0 DS   [-WA]
GS =0010 00000000 ffffffff 00cf9300 DPL=0 DS   [-WA]
LDT=0000 00000000 0000ffff 00008200 DPL=0 LDT
TR =0000 00000000 0000ffff 00008b00 DPL=0 TSS32-busy
GDT=     00108008 00000017
IDT=     00108060 000007ff
CR0=80000011 CR2=00000000 CR3=00000000 CR4=00000000
DR0=00000000 DR1=00000000 DR2=00000000 DR3=00000000 
DR6=ffff0ff0 DR7=00000400
CCS=00000004 CCD=0000057d CCO=EFLAGS
EFER=0000000000000000
Servicing hardware INT=0x20
   605: v=20 e=0000 i=0 cpl=0 IP=0008:0010117e pc=0010117e SP=0010:d0001fb2 env->regs[R_EAX]=00000742
EAX=00000742 EBX=0000000e ECX=000005fe EDX=00000013
ESI=000b8000 EDI=00000700 EBP=d0001fbe ESP=d0001fb2
EIP=0010117e EFL=00000202 [-------] CPL=0 II=0 A20=1 SMM=0 HLT=0
ES =0010 00000000 ffffffff 00cf9300 DPL=0 DS   [-WA]
CS =0008 00000000 ffffffff 00cf9a00 DPL=0 CS32 [-R-]
SS =0010 00000000 ffffffff 00cf9300 DPL=0 DS   [-WA]
DS =0010 00000000 ffffffff 00cf9300 DPL=0 DS   [-WA]
FS =0010 00000000 ffffffff 00cf9300 DPL=0 DS   [-WA]
GS =0010 00000000 ffffffff 00cf9300 DPL=0 DS   [-WA]
LDT=0000 00000000 0000ffff 00008200 DPL=0 LDT
TR =0000 00000000 0000ffff 00008b00 DPL=0 TSS32-busy
GDT=     00108008 00000017
IDT=     00108060 000007ff
CR0=80000011 CR2=00000000 CR3=00000000 CR4=00000000
DR0=00000000 DR1=00000000 DR2=00000000 DR3=00000000 
DR6=ffff0ff0 DR7=00000400
CCS=00000000 CCD=000005fe CCO=EFLAGS
EFER=0000000000000000
Servicing hardware INT=0x20
   606: v=20 e=0000 i=0 cpl=0 IP=0008:0010117e pc=0010117e SP=0010:00107fa4 env->regs[R_EAX]=00000730
EAX=00000730 EBX=00000013 ECX=000002e3 EDX=00000009
ESI=000b8000 EDI=00000700 EBP=00107fb0 ESP=00107fa4
EIP=0010117e EFL=00000202 [-------] CPL=0 II=0 A20=1 SMM=0 HLT=0
ES =0010 00000000 ffffffff 00cf9300 DPL=0 DS   [-WA]
CS =0008 00000000 ffffffff 00cf9a00 DPL=0 CS32 [-R-]
SS =0010 00000000 ffffffff 00cf9300 DPL=0 DS   [-WA]
DS =0010 00000000 ffffffff 00cf9300 DPL=0 DS   [-WA]
FS =0010 00000000 ffffffff 00cf9300 DPL=0 DS   [-WA]
GS =0010 00000000 ffffffff 00cf9300 DPL=0 DS   [-WA]
LDT=0000 00000000 0000ffff 00008200 DPL=0 LDT
TR =0000 00000000 0000ffff 00008b00 DPL=0 TSS32-busy
GDT=     00108008 00000017
IDT=     00108060 000007ff
CR0=80000011 CR2=00000000 CR3=00000000 CR4=00000000
DR0=00000000 DR1=00000000 DR2=00000000 DR3=00000000 
DR6=ffff0ff0 DR7=00000400
CCS=00000000 CCD=000002e3 CCO=EFLAGS
EFER=0000000000000000
Servicing hardware INT=0x20
   607: v=20 e=0000 i=0 cpl=0 IP=0008:0010117e pc=0010117e SP=0010:d0000fa9 env->regs[R_EAX]=00000741
EAX=00000741 EBX=0000002c ECX=0000048c EDX=0000000e
ESI=000b8000 EDI=00000700 EBP=d0000fb5 ESP=d0000fa9
EIP=0010117e EFL=00000202 [-------] CPL=0 II=0 A20=1 SMM=0 HLT=0
ES =0010 00000000 ffffffff 00cf9300 DPL=0 DS   [-WA]
CS =0008 00000000 ffffffff 00cf9a00 DPL=0 CS32 [-R-]
SS =0010 00000000 ffffffff 00cf9300 DPL=0 DS   [-WA]
DS =0010 00000000 ffffffff 00cf9300 DPL=0 DS   [-WA]
FS =0010 00000000 ffffffff 00cf9300 DPL=0 DS   [-WA]
GS =0010 00000000 ffffffff 00cf9300 DPL=0 DS   [-WA]
LDT=0000 00000000 0000ffff 00008200 DPL=0 LDT
TR =0000 00000000 0000ffff 00008b00 DPL=0 TSS32-busy
GDT=     00108008 00000017
IDT=     00108060 000007ff
CR0=80000011 CR2=00000000 CR3=00000000 CR4=00000000
DR0=00000000 DR1=00000000 DR2=00000000 DR3=00000000 
DR6=ffff0ff0 DR7=00000400
CCS=00000000 CCD=0000048c CCO=EFLAGS
EFER=0000000000000000
Servicing hardware INT=0x20
   608: v=20 e=0000 i=0 cpl=0 IP=0008:0010117e pc=0010117e SP=0010:d0001fb2 env->regs[R_EAX]=00000742
EAX=00000742 EBX=00000043 ECX=000003b3 EDX=0000000b
ESI=000b8000 EDI=00000700 EBP=d0001fbe ESP=d0001fb2
EIP=0010117e EFL=00000202 [-------] CPL=0 II=0 A20=1 SMM=0 HLT=0
ES =0010 00000000 ffffffff 00cf9300 DPL=0 DS   [-WA]
CS =0008 00000000 ffffffff 00cf9a00 DPL=0 CS32 [-R-]
SS =0010 00000000 ffffffff 00cf9300 DPL=0 DS   [-WA]
DS =0010 00000000 ffffffff 00cf9300 DPL=0 DS   [-WA]
FS =0010 00000000 ffffffff 00cf9300 DPL=0 DS   [-WA]
GS =0010 00000000 ffffffff 00cf9300 DPL=0 DS   [-WA]
LDT=0000 00000000 0000ffff 00008200 DPL=0 LDT
TR =0000 00000000 0000ffff 00008b00 DPL=0 TSS32-busy
GDT=     00108008 00000017
IDT=     00108060 000007ff
CR0=80000011 CR2=00000000 CR3=00000000 CR4=00000000
DR0=00000000 DR1=00000000 DR2=00000000 DR3=00000000 
DR6=ffff0ff0 DR7=00000400
CCS=00000000 CCD=000003b3 CCO=EFLAGS
EFER=0000000000000000
Servicing hardware INT=0x20
   609: v=20 e=0000 i=0 cpl=0 IP=0008:0010117e pc=0010117e SP=0010:00107fa4 env->regs[R_EAX]=00000730
EAX=00000730 EBX=0000000a ECX=000004ba EDX=0000000f
ESI=000b8000 EDI=00000700 EBP=00107fb0 ESP=00107fa4
EIP=0010117e EFL=00000202 [-------] CPL=0 II=0 A20=1 SMM=0 HLT=0
ES =0010 00000000 ffffffff 00cf9300 DPL=0 DS   [-WA]
CS =0008 00000000 ffffffff 00cf9a00 DPL=0 CS32 [-R-]
SS =0010 00000000 ffffffff 00cf9300 DPL=0 DS   [-WA]
DS =0010 00000000 ffffffff 00cf9300 DPL=0 DS   [-WA]
FS =0010 00000000 ffffffff 00cf9300 DPL=0 DS   [-WA]
GS =0010 00000000 ffffffff 00cf9300 DPL=0 DS   [-WA]
LDT=0000 00000000 0000ffff 00008200 DPL=0 LDT
TR =0000 00000000 0000ffff 00008b00 DPL=0 TSS32-busy
GDT=     00108008 00000017
IDT=     00108060 000007ff
CR0=80000011 CR2=00000000 CR3=00000000 CR4=00000000
DR0=00000000 DR1=00000000 DR2=00000000 DR3=00000000 
DR6=ffff0ff0 DR7=00000400
CCS=00000000 CCD=000004ba CCO=EFLAGS
EFER=0000000000000000
Servicing hardware INT=0x20
   610: v=20 e=0000 i=0 cpl=0 IP=0008:0010117e pc=0010117e SP=0010:d0000fa9 env->regs[R_EAX]=00000741
EAX=00000741 EBX=00000005 ECX=00000415 EDX=0000000d
ESI=000b8000 EDI=00000700 EBP=d0000fb5 ESP=d0000fa9
EIP=0010117e EFL=00000202 [-------] CPL=0 II=0 A20=1 SMM=0 HLT=0
ES =0010 00000000 ffffffff 00cf9300 DPL=0 DS   [-WA]
CS =0008 00000000 ffffffff 00cf9a00 DPL=0 CS32 [-R-]
SS =0010 00000000 ffffffff 00cf9300 DPL=0 DS   [-WA]
DS =0010 00000000 ffffffff 00cf9300 DPL=0 DS   [-WA]
FS =0010 00000000 ffffffff 00cf9300 DPL=0 DS   [-WA]
GS =0010 00000000 ffffffff 00cf9300 DPL=0 DS   [-WA]
LDT=0000 00000000 0000ffff 00008200 DPL=0 LDT
TR =0000 00000000 0000ffff 00008b00 DPL=0 TSS32-busy
GDT=     00108008 00000017
IDT=     00108060 000007ff
CR0=80000011 CR2=00000000 CR3=00000000 CR4=00000000
DR0=00000000 DR1=00000000 DR2=00000000 DR3=00000000 
DR6=ffff0ff0 DR7=00000400
CCS=00000000 CCD=00000415 CCO=EFLAGS
EFER=0000000000000000
Servicing hardware INT=0x20
   611: v=20 e=0000 i=0 cpl=0 IP=0008:0010117e pc=0010117e SP=0010:d0001fb2 env->regs[R_EAX]=00000742
EAX=00000742 EBX=00000046 ECX=00000096 EDX=00000001
ESI=000b8000 EDI=00000700 EBP=d0001fbe ESP=d0001fb2
EIP=0010117e EFL=00000206 [-----P-] CPL=0 II=0 A20=1 SMM=0 HLT=0
ES =0010 00000000 ffffffff 00cf9300 DPL=0 DS   [-WA]
CS =0008 00000000 ffffffff 00cf9a00 DPL=0 CS32 [-R-]
SS =0010 00000000 ffffffff 00cf9300 DPL=0 DS   [-WA]
DS =0010 00000000 ffffffff 00cf9300 DPL=0 DS   [-WA]
FS =0010 00000000 ffffffff 00cf9300 DPL=0 DS   [-WA]
GS =0010 00000000 ffffffff 00cf9300 DPL=0 DS   [-WA]
LDT=0000 00000000 0000ffff 00008200 DPL=0 LDT
TR =0000 00000000 0000ffff 00008b00 DPL=0 TSS32-busy
GDT=     00108008 00000017
IDT=     00108060 000007ff
CR0=80000011 CR2=00000000 CR3=00000000 CR4=00000000
DR0=00000000 DR1=00000000 DR2=00000000 DR3=00000000 
DR6=ffff0ff0 DR7=00000400
CCS=00000004 CCD=00000096 CCO=EFLAGS
EFER=0000000000000000
Servicing hardware INT=0x20
   612: v=20 e=0000 i=0 cpl=0 IP=0008:0010117e pc=0010117e SP=0010:00107fa4 env->regs[R_EAX]=00000730
EAX=00000730 EBX=0000001c ECX=000003dc EDX=0000000c
ESI=000b8000 EDI=00000700 EBP=00107fb0 ESP=00107fa4
EIP=0010117e EFL=00000202 [-------] CPL=0 II=0 A20=1 SMM=0 HLT=0
ES =0010 00000000 ffffffff 00cf9300 DPL=0 DS   [-WA]
CS =0008 00000000 ffffffff 00cf9a00 DPL=0 CS32 [-R-]
SS =0010 00000000 ffffffff 00cf9300 DPL=0 DS   [-WA]
DS =0010 00000000 ffffffff 00cf9300 DPL=0 DS   [-WA]
FS =0010 00000000 ffffffff 00cf9300 DPL=0 DS   [-WA]
GS =0010 00000000 ffffffff 00cf9300 DPL=0 DS   [-WA]
LDT=0000 00000000 0000ffff 00008200 DPL=0 LDT
TR =0000 00000000 0000ffff 00008b00 DPL=0 TSS32-busy
GDT=     00108008 00000017
IDT=     00108060 000007ff
CR0=80000011 CR2=00000000 CR3=00000000 CR4=00000000
DR0=00000000 DR1=00000000 DR2=00000000 DR3=00000000 
DR6=ffff0ff0 DR7=00000400
CCS=00000000 CCD=000003dc CCO=EFLAGS
EFER=0000000000000000
Servicing hardware INT=0x20
   613: v=20 e=0000 i=0 cpl=0 IP=0008:0010117e pc=0010117e SP=0010:d0000fa9 env->regs[R_EAX]=00000741
EAX=00000741 EBX=00000001 ECX=00000051 EDX=00000001
ESI=000b8000 EDI=00000700 EBP=d0000fb5 ESP=d0000fa9
EIP=0010117e EFL=00000202 [-------] CPL=0 II=0 A20=1 SMM=0 HLT=0
ES =0010 00000000 ffffffff 00cf9300 DPL=0 DS   [-WA]
CS =0008 00000000 ffffffff 00cf9a00 DPL=0 CS32 [-R-]
SS =0010 00000000 ffffffff 00cf9300 DPL=0 DS   [-WA]
DS =0010 00000000 ffffffff 00cf9300 DPL=0 DS   [-WA]
FS =0010 00000000 ffffffff 00cf9300 DPL=0 DS   [-WA]
GS =0010 00000000 ffffffff 00cf9300 DPL=0 DS   [-WA]
LDT=0000 00000000 0000ffff 00008200 DPL=0 LDT
TR =0000 00000000 0000ffff 00008b00 DPL=0 TSS32-busy
GDT=     00108008 00000017
IDT=     00108060 000007ff
CR0=80000011 CR2=00000000 CR3=00000000 CR4=00000000
DR0=00000000 DR1=00000000 DR2=00000000 DR3=00000000 
DR6=ffff0ff0 DR7=00000400
CCS=00000000 CCD=00000051 CCO=EFLAGS
EFER=0000000000000000
Servicing hardware INT=0x20
   614: v=20 e=0000 i=0 cpl=0 IP=0008:0010117e pc=0010117e SP=0010:d0001fb2 env->regs[R_EAX]=00000742
EAX=00000742 EBX=00000040 ECX=00000040 EDX=00000000
ESI=000b8000 EDI=00000700 EBP=d0001fbe ESP=d0001fb2
EIP=0010117e EFL=00000202 [-------] CPL=0 II=0 A20=1 SMM=0 HLT=0
ES =0010 00000000 ffffffff 00cf9300 DPL=0 DS   [-WA]
CS =0008 00000000 ffffffff 00cf9a00 DPL=0 CS32 [-R-]
SS =0010 00000000 ffffffff 00cf9300 DPL=0 DS   [-WA]
DS =0010 00000000 ffffffff 00cf9300 DPL=0 DS   [-WA]
FS =0010 00000000 ffffffff 00cf9300 DPL=0 DS   [-WA]
GS =0010 00000000 ffffffff 00cf9300 DPL=0 DS   [-WA]
LDT=0000 00000000 0000ffff 00008200 DPL=0 LDT
TR =0000 00000000 0000ffff 00008b00 DPL=0 TSS32-busy
GDT=     00108008 00000017
IDT=     00108060 000007ff
CR0=80000011 CR2=00000000 CR3=00000000 CR4=00000000
DR0=00000000 DR1=00000000 DR2=00000000 DR3=00000000 
DR6=ffff0ff0 DR7=00000400
CCS=00000000 CCD=00000040 CCO=EFLAGS
EFER=0000000000000000
Servicing hardware INT=0x20
   615: v=20 e=0000 i=0 cpl=0 IP=0008:0010117e pc=0010117e SP=0010:00107fa4 env->regs[R_EAX]=00000730
EAX=00000730 EBX=0000001e ECX=0000010e EDX=00000003
ESI=000b8000 EDI=00000700 EBP=00107fb0 ESP=00107fa4
EIP=0010117e EFL=00000202 [-------] CPL=0 II=0 A20=1 SMM=0 HLT=0
ES =0010 00000000 ffffffff 00cf9300 DPL=0 DS   [-WA]
CS =0008 00000000 ffffffff 00cf9a00 DPL=0 CS32 [-R-]
SS =0010 00000000 ffffffff 00cf9300 DPL=0 DS   [-WA]
DS =0010 00000000 ffffffff 00cf9300 DPL=0 DS   [-WA]
FS =0010 00000000 ffffffff 00cf9300 DPL=0 DS   [-WA]
GS =0010 00000000 ffffffff 00cf9300 DPL=0 DS   [-WA]
LDT=0000 00000000 0000ffff 00008200 DPL=0 LDT
TR =0000 00000000 0000ffff 00008b00 DPL=0 TSS32-busy
GDT=     00108008 00000017
IDT=     00108060 000007ff
CR0=80000011 CR2=00000000 CR3=00000000 CR4=00000000
DR0=00000000 DR1=00000000 DR2=00000000 DR3=00000000 
DR6=ffff0ff0 DR7=00000400
CCS=00000000 CCD=0000010e CCO=EFLAGS
EFER=0000000000000000
Servicing hardware INT=0x20
   616: v=20 e=0000 i=0 cpl=0 IP=0008:0010117e pc=0010117e SP=0010:d0000fa9 env->regs[R_EAX]=00000741
EAX=00000741 EBX=0000000b ECX=000003cb EDX=0000000c
ESI=000b8000 EDI=00000700 EBP=d0000fb5 ESP=d0000fa9
EIP=0010117e EFL=00000202 [-------] CPL=0 II=0 A20=1 SMM=0 HLT=0
ES =0010 00000000 ffffffff 00cf9300 DPL=0 DS   [-WA]
CS =0008 00000000 ffffffff 00cf9a00 DPL=0 CS32 [-R-]
SS =0010 00000000 ffffffff 00cf9300 DPL=0 DS   [-WA]
DS =0010 00000000 ffffffff 00cf9300 DPL=0 DS   [-WA]
FS =0010 00000000 ffffffff 00cf9300 DPL=0 DS   [-WA]
GS =0010 00000000 ffffffff 00cf9300 DPL=0 DS   [-WA]
LDT=0000 00000000 0000ffff 00008200 DPL=0 LDT
TR =0000 00000000 0000ffff 00008b00 DPL=0 TSS32-busy
GDT=     00108008 00000017
IDT=     00108060 000007ff
CR0=80000011 CR2=00000000 CR3=00000000 CR4=00000000
DR0=00000000 DR1=00000000 DR2=00000000 DR3=00000000 
DR6=ffff0ff0 DR7=00000400
CCS=00000000 CCD=000003cb CCO=EFLAGS
EFER=0000000000000000
Servicing hardware INT=0x20
   617: v=20 e=0000 i=0 cpl=0 IP=0008:0010117e pc=0010117e SP=0010:d0001fb2 env->regs[R_EAX]=00000742
EAX=00000742 EBX=00000000 ECX=00000000 EDX=00000000
ESI=000b8000 EDI=00000700 EBP=d0001fbe ESP=d0001fb2
EIP=0010117e EFL=00000246 [---Z-P-] CPL=0 II=0 A20=1 SMM=0 HLT=0
ES =0010 00000000 ffffffff 00cf9300 DPL=0 DS   [-WA]
CS =0008 00000000 ffffffff 00cf9a00 DPL=0 CS32 [-R-]
SS =0010 00000000 ffffffff 00cf9300 DPL=0 DS   [-WA]
DS =0010 00000000 ffffffff 00cf9300 DPL=0 DS   [-WA]
FS =0010 00000000 ffffffff 00cf9300 DPL=0 DS   [-WA]
GS =0010 00000000 ffffffff 00cf9300 DPL=0 DS   [-WA]
LDT=0000 00000000 0000ffff 00008200 DPL=0 LDT
TR =0000 00000000 0000ffff 00008b00 DPL=0 TSS32-busy
GDT=     00108008 00000017
IDT=     00108060 000007ff
CR0=80000011 CR2=00000000 CR3=00000000 CR4=00000000
DR0=00000000 DR1=00000000 DR2=00000000 DR3=00000000 
DR6=ffff0ff0 DR7=00000400
CCS=00000044 CCD=00000000 CCO=EFLAGS
EFER=0000000000000000
Servicing hardware INT=0x20
   618: v=20 e=0000 i=0 cpl=0 IP=0008:0010117e pc=0010117e SP=0010:00107fa4 env->regs[R_EAX]=00000730
EAX=00000730 EBX=00000030 ECX=000003a0 EDX=0000000b
ESI=000b8000 EDI=00000700 EBP=00107fb0 ESP=00107fa4
EIP=0010117e EFL=00000206 [-----P-] CPL=0 II=0 A20=1 SMM=0 HLT=0
ES =0010 00000000 ffffffff 00cf9300 DPL=0 DS   [-WA]
CS =0008 00000000 ffffffff 00cf9a00 DPL=0 CS32 [-R-]
SS =0010 00000000 ffffffff 00cf9300 DPL=0 DS   [-WA]
DS =0010 00000000 ffffffff 00cf9300 DPL=0 DS   [-WA]
FS =0010 00000000 ffffffff 00cf9300 DPL=0 DS   [-WA]
GS =0010 00000000 ffffffff 00cf9300 DPL=0 DS   [-WA]
LDT=0000 00000000 0000ffff 00008200 DPL=0 LDT
TR =0000 00000000 0000ffff 00008b00 DPL=0 TSS32-busy
GDT=     00108008 00000017
IDT=     00108060 000007ff
CR0=80000011 CR2=00000000 CR3=00000000 CR4=00000000
DR0=00000000 DR1=00000000 DR2=00000000 DR3=00000000 
DR6=ffff0ff0 DR7=00000400
CCS=00000004 CCD=000003a0 CCO=EFLAGS
EFER=0000000000000000
Servicing hardware INT=0x20
   619: v=20 e=0000 i=0 cpl=0 IP=0008:0010117e pc=0010117e SP=0010:d0000fa9 env->regs[R_EAX]=00000741
EAX=00000741 EBX=00000033 ECX=00000673 EDX=00000014
ESI=000b8000 EDI=00000700 EBP=d0000fb5 ESP=d0000fa9
EIP=0010117e EFL=00000202 [-------] CPL=0 II=0 A20=1 SMM=0 HLT=0
ES =0010 00000000 ffffffff 00cf9300 DPL=0 DS   [-WA]
CS =0008 00000000 ffffffff 00cf9a00 DPL=0 CS32 [-R-]
SS =0010 00000000 ffffffff 00cf9300 DPL=0 DS   [-WA]
DS =0010 00000000 ffffffff 00cf9300 DPL=0 DS   [-WA]
FS =0010 00000000 ffffffff 00cf9300 DPL=0 DS   [-WA]
GS =0010 00000000 ffffffff 00cf9300 DPL=0 DS   [-WA]
LDT=0000 00000000 0000ffff 00008200 DPL=0 LDT
TR =0000 00000000 0000ffff 00008b00 DPL=0 TSS32-busy
GDT=     00108008 00000017
IDT=     00108060 000007ff
CR0=80000011 CR2=00000000 CR3=00000000 CR4=00000000
DR0=00000000 DR1=00000000 DR2=00000000 DR3=00000000 
DR6=ffff0ff0 DR7=00000400
CCS=00000000 CCD=00000673 CCO=EFLAGS
EFER=0000000000000000
Servicing hardware INT=0x20
   620: v=20 e=0000 i=0 cpl=0 IP=0008:0010117e pc=0010117e SP=0010:d0001fb2 env->regs[R_EAX]=00000742
EAX=00000742 EBX=00000003 ECX=00000143 EDX=00000004
ESI=000b8000 EDI=00000700 EBP=d0001fbe ESP=d0001fb2
EIP=0010117e EFL=00000202 [-------] CPL=0 II=0 A20=1 SMM=0 HLT=0
ES =0010 00000000 ffffffff 00cf9300 DPL=0 DS   [-WA]
CS =0008 00000000 ffffffff 00cf9a00 DPL=0 CS32 [-R-]
SS =0010 00000000 ffffffff 00cf9300 DPL=0 DS   [-WA]
DS =0010 00000000 ffffffff 00cf9300 DPL=0 DS   [-WA]
FS =0010 00000000 ffffffff 00cf9300 DPL=0 DS   [-WA]
GS =0010 00000000 ffffffff 00cf9300 DPL=0 DS   [-WA]
LDT=0000 00000000 0000ffff 00008200 DPL=0 LDT
TR =0000 00000000 0000ffff 00008b00 DPL=0 TSS32-busy
GDT=     00108008 00000017
IDT=     00108060 000007ff
CR0=80000011 CR2=00000000 CR3=00000000 CR4=00000000
DR0=00000000 DR1=00000000 DR2=00000000 DR3=00000000 
DR6=ffff0ff0 DR7=00000400
CCS=00000000 CCD=00000143 CCO=EFLAGS
EFER=0000000000000000
Servicing hardware INT=0x20
   621: v=20 e=0000 i=0 cpl=0 IP=0008:0010117e pc=0010117e SP=0010:00107fa4 env->regs[R_EAX]=00000730
EAX=00000730 EBX=00000000 ECX=00000640 EDX=00000014
ESI=000b8000 EDI=00000700 EBP=00107fb0 ESP=00107fa4
EIP=0010117e EFL=00000202 [-------] CPL=0 II=0 A20=1 SMM=0 HLT=0
ES =0010 00000000 ffffffff 00cf9300 DPL=0 DS   [-WA]
CS =0008 00000000 ffffffff 00cf9a00 DPL=0 CS32 [-R-]
SS =0010 00000000 ffffffff 00cf9300 DPL=0 DS   [-WA]
DS =0010 00000000 ffffffff 00cf9300 DPL=0 DS   [-WA]
FS =0010 00000000 ffffffff 00cf9300 DPL=0 DS   [-WA]
GS =0010 00000000 ffffffff 00cf9300 DPL=0 DS   [-WA]
LDT=0000 00000000 0000ffff 00008200 DPL=0 LDT
TR =0000 00000000 0000ffff 00008b00 DPL=0 TSS32-busy
GDT=     00108008 00000017
IDT=     00108060 000007ff
CR0=80000011 CR2=00000000 CR3=00000000 CR4=00000000
DR0=00000000 DR1=00000000 DR2=00000000 DR3=00000000 
DR6=ffff0ff0 DR7=00000400
CCS=00000000 CCD=00000640 CCO=EFLAGS
EFER=0000000000000000
Servicing hardware INT=0x20
   622: v=20 e=0000 i=0 cpl=0 IP=0008:0010117e pc=0010117e SP=0010:d0000fa9 env->regs[R_EAX]=00000741
EAX=00000741 EBX=0000004f ECX=0000022f EDX=00000006
ESI=000b8000 EDI=00000700 EBP=d0000fb5 ESP=d0000fa9
EIP=0010117e EFL=00000202 [-------] CPL=0 II=0 A20=1 SMM=0 HLT=0
ES =0010 00000000 ffffffff 00cf9300 DPL=0 DS   [-WA]
CS =0008 00000000 ffffffff 00cf9a00 DPL=0 CS32 [-R-]
SS =0010 00000000 ffffffff 00cf9300 DPL=0 DS   [-WA]
DS =0010 00000000 ffffffff 00cf9300 DPL=0 DS   [-WA]
FS =0010 00000000 ffffffff 00cf9300 DPL=0 DS   [-WA]
GS =0010 00000000 ffffffff 00cf9300 DPL=0 DS   [-WA]
LDT=0000 00000000 0000ffff 00008200 DPL=0 LDT
TR =0000 00000000 0000ffff 00008b00 DPL=0 TSS32-busy
GDT=     00108008 00000017
IDT=     00108060 000007ff
CR0=80000011 CR2=00000000 CR3=00000000 CR4=00000000
DR0=00000000 DR1=00000000 DR2=00000000 DR3=00000000 
DR6=ffff0ff0 DR7=00000400
CCS=00000000 CCD=0000022f CCO=EFLAGS
EFER=0000000000000000
Servicing hardware INT=0x20
   623: v=20 e=0000 i=0 cpl=0 IP=0008:0010117e pc=0010117e SP=0010:d0001fb2 env->regs[R_EAX]=00000742
EAX=00000742 EBX=00000000 ECX=000005f0 EDX=00000013
ESI=000b8000 EDI=00000700 EBP=d0001fbe ESP=d0001fb2
EIP=0010117e EFL=00000206 [-----P-] CPL=0 II=0 A20=1 SMM=0 HLT=0
ES =0010 00000000 ffffffff 00cf9300 DPL=0 DS   [-WA]
CS =0008 00000000 ffffffff 00cf9a00 DPL=0 CS32 [-R-]
SS =0010 00000000 ffffffff 00cf9300 DPL=0 DS   [-WA]
DS =0010 00000000 ffffffff 00cf9300 DPL=0 DS   [-WA]
FS =0010 00000000 ffffffff 00cf9300 DPL=0 DS   [-WA]
GS =0010 00000000 ffffffff 00cf9300 DPL=0 DS   [-WA]
LDT=0000 00000000 0000ffff 00008200 DPL=0 LDT
TR =0000 00000000 0000ffff 00008b00 DPL=0 TSS32-busy
GDT=     00108008 00000017
IDT=     00108060 000007ff
CR0=80000011 CR2=00000000 CR3=00000000 CR4=00000000
DR0=00000000 DR1=00000000 DR2=00000000 DR3=00000000 
DR6=ffff0ff0 DR7=00000400
CCS=00000004 CCD=000005f0 CCO=EFLAGS
EFER=0000000000000000
Servicing hardware INT=0x20
   624: v=20 e=0000 i=0 cpl=0 IP=0008:0010117e pc=0010117e SP=0010:00107fa4 env->regs[R_EAX]=00000730
EAX=00000730 EBX=00000022 ECX=00000252 EDX=00000007
ESI=000b8000 EDI=00000700 EBP=00107fb0 ESP=00107fa4
EIP=0010117e EFL=00000202 [-------] CPL=0 II=0 A20=1 SMM=0 HLT=0
ES =0010 00000000 ffffffff 00cf9300 DPL=0 DS   [-WA]
CS =0008 00000000 ffffffff 00cf9a00 DPL=0 CS32 [-R-]
SS =0010 00000000 ffffffff 00cf9300 DPL=0 DS   [-WA]
DS =0010 00000000 ffffffff 00cf9300 DPL=0 DS   [-WA]
FS =0010 00000000 ffffffff 00cf9300 DPL=0 DS   [-WA]
GS =0010 00000000 ffffffff 00cf9300 DPL=0 DS   [-WA]
LDT=0000 00000000 0000ffff 00008200 DPL=0 LDT
TR =0000 00000000 0000ffff 00008b00 DPL=0 TSS32-busy
GDT=     00108008 00000017
IDT=     00108060 000007ff
CR0=80000011 CR2=00000000 CR3=00000000 CR4=00000000
DR0=00000000 DR1=00000000 DR2=00000000 DR3=00000000 
DR6=ffff0ff0 DR7=00000400
CCS=00000000 CCD=00000252 CCO=EFLAGS
EFER=0000000000000000
Servicing hardware INT=0x20
   625: v=20 e=0000 i=0 cpl=0 IP=0008:0010117e pc=0010117e SP=0010:d0000fa9 env->regs[R_EAX]=00000741
EAX=00000741 EBX=0000004b ECX=0000027b EDX=00000007
ESI=000b8000 EDI=00000700 EBP=d0000fb5 ESP=d0000fa9
EIP=0010117e EFL=00000206 [-----P-] CPL=0 II=0 A20=1 SMM=0 HLT=0
ES =0010 00000000 ffffffff 00cf9300 DPL=0 DS   [-WA]
CS =0008 00000000 ffffffff 00cf9a00 DPL=0 CS32 [-R-]
SS =0010 00000000 ffffffff 00cf9300 DPL=0 DS   [-WA]
DS =0010 00000000 ffffffff 00cf9300 DPL=0 DS   [-WA]
FS =0010 00000000 ffffffff 00cf9300 DPL=0 DS   [-WA]
GS =0010 00000000 ffffffff 00cf9300 DPL=0 DS   [-WA]
LDT=0000 00000000 0000ffff 00008200 DPL=0 LDT
TR =0000 00000000 0000ffff 00008b00 DPL=0 TSS32-busy
GDT=     00108008 00000017
IDT=     00108060 000007ff
CR0=80000011 CR2=00000000 CR3=00000000 CR4=00000000
DR0=00000000 DR1=00000000 DR2=00000000 DR3=00000000 
DR6=ffff0ff0 DR7=00000400
CCS=00000004 CCD=0000027b CCO=EFLAGS
EFER=0000000000000000
Servicing hardware INT=0x20
   626: v=20 e=0000 i=0 cpl=0 IP=0008:0010117e pc=0010117e SP=0010:d0001fb2 env->regs[R_EAX]=00000742
EAX=00000742 EBX=00000011 ECX=00000061 EDX=00000001
ESI=000b8000 EDI=00000700 EBP=d0001fbe ESP=d0001fb2
EIP=0010117e EFL=00000202 [-------] CPL=0 II=0 A20=1 SMM=0 HLT=0
ES =0010 00000000 ffffffff 00cf9300 DPL=0 DS   [-WA]
CS =0008 00000000 ffffffff 00cf9a00 DPL=0 CS32 [-R-]
SS =0010 00000000 ffffffff 00cf9300 DPL=0 DS   [-WA]
DS =0010 00000000 ffffffff 00cf9300 DPL=0 DS   [-WA]
FS =0010 00000000 ffffffff 00cf9300 DPL=0 DS   [-WA]
GS =0010 00000000 ffffffff 00cf9300 DPL=0 DS   [-WA]
LDT=0000 00000000 0000ffff 00008200 DPL=0 LDT
TR =0000 00000000 0000ffff 00008b00 DPL=0 TSS32-busy
GDT=     00108008 00000017
IDT=     00108060 000007ff
CR0=80000011 CR2=00000000 CR3=00000000 CR4=00000000
DR0=00000000 DR1=00000000 DR2=00000000 DR3=00000000 
DR6=ffff0ff0 DR7=00000400
CCS=00000000 CCD=00000061 CCO=EFLAGS
EFER=0000000000000000
Servicing hardware INT=0x20
   627: v=20 e=0000 i=0 cpl=0 IP=0008:0010117e pc=0010117e SP=0010:00107fa4 env->regs[R_EAX]=00000730
EAX=00000730 EBX=00000039 ECX=000002b9 EDX=00000008
ESI=000b8000 EDI=00000700 EBP=00107fb0 ESP=00107fa4
EIP=0010117e EFL=00000202 [-------] CPL=0 II=0 A20=1 SMM=0 HLT=0
ES =0010 00000000 ffffffff 00cf9300 DPL=0 DS   [-WA]
CS =0008 00000000 ffffffff 00cf9a00 DPL=0 CS32 [-R-]
SS =0010 00000000 ffffffff 00cf9300 DPL=0 DS   [-WA]
DS =0010 00000000 ffffffff 00cf9300 DPL=0 DS   [-WA]
FS =0010 00000000 ffffffff 00cf9300 DPL=0 DS   [-WA]
GS =0010 00000000 ffffffff 00cf9300 DPL=0 DS   [-WA]
LDT=0000 00000000 0000ffff 00008200 DPL=0 LDT
TR =0000 00000000 0000ffff 00008b00 DPL=0 TSS32-busy
GDT=     00108008 00000017
IDT=     00108060 000007ff
CR0=80000011 CR2=00000000 CR3=00000000 CR4=00000000
DR0=00000000 DR1=00000000 DR2=00000000 DR3=00000000 
DR6=ffff0ff0 DR7=00000400
CCS=00000000 CCD=000002b9 CCO=EFLAGS
EFER=0000000000000000
Servicing hardware INT=0x20
   628: v=20 e=0000 i=0 cpl=0 IP=0008:0010117e pc=0010117e SP=0010:d0000fa9 env->regs[R_EAX]=00000741
EAX=00000741 EBX=0000004f ECX=0000009f EDX=00000001
ESI=000b8000 EDI=00000700 EBP=d0000fb5 ESP=d0000fa9
EIP=0010117e EFL=00000206 [-----P-] CPL=0 II=0 A20=1 SMM=0 HLT=0
ES =0010 00000000 ffffffff 00cf9300 DPL=0 DS   [-WA]
CS =0008 00000000 ffffffff 00cf9a00 DPL=0 CS32 [-R-]
SS =0010 00000000 ffffffff 00cf9300 DPL=0 DS   [-WA]
DS =0010 00000000 ffffffff 00cf9300 DPL=0 DS   [-WA]
FS =0010 00000000 ffffffff 00cf9300 DPL=0 DS   [-WA]
GS =0010 00000000 ffffffff 00cf9300 DPL=0 DS   [-WA]
LDT=0000 00000000 0000ffff 00008200 DPL=0 LDT
TR =0000 00000000 0000ffff 00008b00 DPL=0 TSS32-busy
GDT=     00108008 00000017
IDT=     00108060 000007ff
CR0=80000011 CR2=00000000 CR3=00000000 CR4=00000000
DR0=00000000 DR1=00000000 DR2=00000000 DR3=00000000 
DR6=ffff0ff0 DR7=00000400
CCS=00000004 CCD=0000009f CCO=EFLAGS
EFER=0000000000000000
Servicing hardware INT=0x20
   629: v=20 e=0000 i=0 cpl=0 IP=0008:0010117e pc=0010117e SP=0010:d0001fb2 env->regs[R_EAX]=00000742
EAX=00000742 EBX=00000029 ECX=000004d9 EDX=0000000f
ESI=000b8000 EDI=00000700 EBP=d0001fbe ESP=d0001fb2
EIP=0010117e EFL=00000202 [-------] CPL=0 II=0 A20=1 SMM=0 HLT=0
ES =0010 00000000 ffffffff 00cf9300 DPL=0 DS   [-WA]
CS =0008 00000000 ffffffff 00cf9a00 DPL=0 CS32 [-R-]
SS =0010 00000000 ffffffff 00cf9300 DPL=0 DS   [-WA]
DS =0010 00000000 ffffffff 00cf9300 DPL=0 DS   [-WA]
FS =0010 00000000 ffffffff 00cf9300 DPL=0 DS   [-WA]
GS =0010 00000000 ffffffff 00cf9300 DPL=0 DS   [-WA]
LDT=0000 00000000 0000ffff 00008200 DPL=0 LDT
TR =0000 00000000 0000ffff 00008b00 DPL=0 TSS32-busy
GDT=     00108008 00000017
IDT=     00108060 000007ff
CR0=80000011 CR2=00000000 CR3=00000000 CR4=00000000
DR0=00000000 DR1=00000000 DR2=00000000 DR3=00000000 
DR6=ffff0ff0 DR7=00000400
CCS=00000000 CCD=000004d9 CCO=EFLAGS
EFER=0000000000000000
Servicing hardware INT=0x20
   630: v=20 e=0000 i=0 cpl=0 IP=0008:0010117e pc=0010117e SP=0010:00107fa4 env->regs[R_EAX]=00000730
EAX=00000730 EBX=0000004b ECX=0000009b EDX=00000001
ESI=000b8000 EDI=00000700 EBP=00107fb0 ESP=00107fa4
EIP=0010117e EFL=00000202 [-------] CPL=0 II=0 A20=1 SMM=0 HLT=0
ES =0010 00000000 ffffffff 00cf9300 DPL=0 DS   [-WA]
CS =0008 00000000 ffffffff 00cf9a00 DPL=0 CS32 [-R-]
SS =0010 00000000 ffffffff 00cf9300 DPL=0 DS   [-WA]
DS =0010 00000000 ffffffff 00cf9300 DPL=0 DS   [-WA]
FS =0010 00000000 ffffffff 00cf9300 DPL=0 DS   [-WA]
GS =0010 00000000 ffffffff 00cf9300 DPL=0 DS   [-WA]
LDT=0000 00000000 0000ffff 00008200 DPL=0 LDT
TR =0000 00000000 0000ffff 00008b00 DPL=0 TSS32-busy
GDT=     00108008 00000017
IDT=     00108060 000007ff
CR0=80000011 CR2=00000000 CR3=00000000 CR4=00000000
DR0=00000000 DR1=00000000 DR2=00000000 DR3=00000000 
DR6=ffff0ff0 DR7=00000400
CCS=00000000 CCD=0000009b CCO=EFLAGS
EFER=0000000000000000
Servicing hardware INT=0x21
   631: v=21 e=0000 i=0 cpl=0 IP=0008:0010117e pc=0010117e SP=0010:d0000fa9 env->regs[R_EAX]=00000741
EAX=00000741 EBX=0000002c ECX=000000cc EDX=00000002
ESI=000b8000 EDI=00000700 EBP=d0000fb5 ESP=d0000fa9
EIP=0010117e EFL=00000206 [-----P-] CPL=0 II=0 A20=1 SMM=0 HLT=0
ES =0010 00000000 ffffffff 00cf9300 DPL=0 DS   [-WA]
CS =0008 00000000 ffffffff 00cf9a00 DPL=0 CS32 [-R-]
SS =0010 00000000 ffffffff 00cf9300 DPL=0 DS   [-WA]
DS =0010 00000000 ffffffff 00cf9300 DPL=0 DS   [-WA]
FS =0010 00000000 ffffffff 00cf9300 DPL=0 DS   [-WA]
GS =0010 00000000 ffffffff 00cf9300 DPL=0 DS   [-WA]
LDT=0000 00000000 0000ffff 00008200 DPL=0 LDT
TR =0000 00000000 0000ffff 00008b00 DPL=0 TSS32-busy
GDT=     00108008 00000017
IDT=     00108060 000007ff
CR0=80000011 CR2=00000000 CR3=00000000 CR4=00000000
DR0=00000000 DR1=00000000 DR2=00000000 DR3=00000000 
DR6=ffff0ff0 DR7=00000400
CCS=0000002c CCD=000000cc CCO=ADDL
EFER=0000000000000000
Servicing hardware INT=0x20
   632: v=20 e=0000 i=0 cpl=0 IP=0008:0010117e pc=0010117e SP=0010:d0000fa9 env->regs[R_EAX]=00000741
EAX=00000741 EBX=00000043 ECX=00000273 EDX=00000007
ESI=000b8000 EDI=00000700 EBP=d0000fb5 ESP=d0000fa9
EIP=0010117e EFL=00000202 [-------] CPL=0 II=0 A20=1 SMM=0 HLT=0
ES =0010 00000000 ffffffff 00cf9300 DPL=0 DS   [-WA]
CS =0008 00000000 ffffffff 00cf9a00 DPL=0 CS32 [-R-]
SS =0010 00000000 ffffffff 00cf9300 DPL=0 DS   [-WA]
DS =0010 00000000 ffffffff 00cf9300 DPL=0 DS   [-WA]
FS =0010 00000000 ffffffff 00cf9300 DPL=0 DS   [-WA]
GS =0010 00000000 ffffffff 00cf9300 DPL=0 DS   [-WA]
LDT=0000 00000000 0000ffff 00008200 DPL=0 LDT
TR =0000 00000000 0000ffff 00008b00 DPL=0 TSS32-busy
GDT=     00108008 00000017
IDT=     00108060 000007ff
CR0=80000011 CR2=00000000 CR3=00000000 CR4=00000000
DR0=00000000 DR1=00000000 DR2=00000000 DR3=00000000 
DR6=ffff0ff0 DR7=00000400
CCS=00000000 CCD=00000273 CCO=EFLAGS
EFER=0000000000000000
Servicing hardware INT=0x20
   633: v=20 e=0000 i=0 cpl=0 IP=0008:0010117e pc=0010117e SP=0010:d0001fb2 env->regs[R_EAX]=00000742
EAX=00000742 EBX=00000018 ECX=00000298 EDX=00000008
ESI=000b8000 EDI=00000700 EBP=d0001fbe ESP=d0001fb2
EIP=0010117e EFL=00000202 [-------] CPL=0 II=0 A20=1 SMM=0 HLT=0
ES =0010 00000000 ffffffff 00cf9300 DPL=0 DS   [-WA]
CS =0008 00000000 ffffffff 00cf9a00 DPL=0 CS32 [-R-]
SS =0010 00000000 ffffffff 00cf9300 DPL=0 DS   [-WA]
DS =0010 00000000 ffffffff 00cf9300 DPL=0 DS   [-WA]
FS =0010 00000000 ffffffff 00cf9300 DPL=0 DS   [-WA]
GS =0010 00000000 ffffffff 00cf9300 DPL=0 DS   [-WA]
LDT=0000 00000000 0000ffff 00008200 DPL=0 LDT
TR =0000 00000000 0000ffff 00008b00 DPL=0 TSS32-busy
GDT=     00108008 00000017
IDT=     00108060 000007ff
CR0=80000011 CR2=00000000 CR3=00000000 CR4=00000000
DR0=00000000 DR1=00000000 DR2=00000000 DR3=00000000 
DR6=ffff0ff0 DR7=00000400
CCS=00000000 CCD=00000298 CCO=EFLAGS
EFER=0000000000000000
Servicing hardware INT=0x20
   634: v=20 e=0000 i=0 cpl=0 IP=0008:0010117e pc=0010117e SP=0010:00107fa4 env->regs[R_EAX]=00000730
EAX=00000730 EBX=00000012 ECX=00000652 EDX=00000014
ESI=000b8000 EDI=00000700 EBP=00107fb0 ESP=00107fa4
EIP=0010117e EFL=00000202 [-------] CPL=0 II=0 A20=1 SMM=0 HLT=0
ES =0010 00000000 ffffffff 00cf9300 DPL=0 DS   [-WA]
CS =0008 00000000 ffffffff 00cf9a00 DPL=0 CS32 [-R-]
SS =0010 00000000 ffffffff 00cf9300 DPL=0 DS   [-WA]
DS =0010 00000000 ffffffff 00cf9300 DPL=0 DS   [-WA]
FS =0010 00000000 ffffffff 00cf9300 DPL=0 DS   [-WA]
GS =0010 00000000 ffffffff 00cf9300 DPL=0 DS   [-WA]
LDT=0000 00000000 0000ffff 00008200 DPL=0 LDT
TR =0000 00000000 0000ffff 00008b00 DPL=0 TSS32-busy
GDT=     00108008 00000017
IDT=     00108060 000007ff
CR0=80000011 CR2=00000000 CR3=00000000 CR4=00000000
DR0=00000000 DR1=00000000 DR2=00000000 DR3=00000000 
DR6=ffff0ff0 DR7=00000400
CCS=00000000 CCD=00000652 CCO=EFLAGS
EFER=0000000000000000
Servicing hardware INT=0x20
   635: v=20 e=0000 i=0 cpl=0 IP=0008:0010117e pc=0010117e SP=0010:d0000fa9 env->regs[R_EAX]=00000741
EAX=00000741 EBX=00000030 ECX=000002b0 EDX=00000008
ESI=000b8000 EDI=00000700 EBP=d0000fb5 ESP=d0000fa9
EIP=0010117e EFL=00000202 [-------] CPL=0 II=0 A20=1 SMM=0 HLT=0
ES =0010 00000000 ffffffff 00cf9300 DPL=0 DS   [-WA]
CS =0008 00000000 ffffffff 00cf9a00 DPL=0 CS32 [-R-]
SS =0010 00000000 ffffffff 00cf9300 DPL=0 DS   [-WA]
DS =0010 00000000 ffffffff 00cf9300 DPL=0 DS   [-WA]
FS =0010 00000000 ffffffff 00cf9300 DPL=0 DS   [-WA]
GS =0010 00000000 ffffffff 00cf9300 DPL=0 DS   [-WA]
LDT=0000 00000000 0000ffff 00008200 DPL=0 LDT
TR =0000 00000000 0000ffff 00008b00 DPL=0 TSS32-busy
GDT=     00108008 00000017
IDT=     00108060 000007ff
CR0=80000011 CR2=00000000 CR3=00000000 CR4=00000000
DR0=00000000 DR1=00000000 DR2=00000000 DR3=00000000 
DR6=ffff0ff0 DR7=00000400
CCS=00000000 CCD=000002b0 CCO=EFLAGS
EFER=0000000000000000
Servicing hardware INT=0x20
   636: v=20 e=0000 i=0 cpl=0 IP=0008:0010117e pc=0010117e SP=0010:d0001fb2 env->regs[R_EAX]=00000742
EAX=00000742 EBX=0000000b ECX=0000019b EDX=00000005
ESI=000b8000 EDI=00000700 EBP=d0001fbe ESP=d0001fb2
EIP=0010117e EFL=00000202 [-------] CPL=0 II=0 A20=1 SMM=0 HLT=0
ES =0010 00000000 ffffffff 00cf9300 DPL=0 DS   [-WA]
CS =0008 00000000 ffffffff 00cf9a00 DPL=0 CS32 [-R-]
SS =0010 00000000 ffffffff 00cf9300 DPL=0 DS   [-WA]
DS =0010 00000000 ffffffff 00cf9300 DPL=0 DS   [-WA]
FS =0010 00000000 ffffffff 00cf9300 DPL=0 DS   [-WA]
GS =0010 00000000 ffffffff 00cf9300 DPL=0 DS   [-WA]
LDT=0000 00000000 0000ffff 00008200 DPL=0 LDT
TR =0000 00000000 0000ffff 00008b00 DPL=0 TSS32-busy
GDT=     00108008 00000017
IDT=     00108060 000007ff
CR0=80000011 CR2=00000000 CR3=00000000 CR4=00000000
DR0=00000000 DR1=00000000 DR2=00000000 DR3=00000000 
DR6=ffff0ff0 DR7=00000400
CCS=00000000 CCD=0000019b CCO=EFLAGS
EFER=0000000000000000
Servicing hardware INT=0x20
   637: v=20 e=0000 i=0 cpl=0 IP=0008:0010117e pc=0010117e SP=0010:00107fa4 env->regs[R_EAX]=00000730
EAX=00000730 EBX=00000027 ECX=00000487 EDX=0000000e
ESI=000b8000 EDI=00000700 EBP=00107fb0 ESP=00107fa4
EIP=0010117e EFL=00000206 [-----P-] CPL=0 II=0 A20=1 SMM=0 HLT=0
ES =0010 00000000 ffffffff 00cf9300 DPL=0 DS   [-WA]
CS =0008 00000000 ffffffff 00cf9a00 DPL=0 CS32 [-R-]
SS =0010 00000000 ffffffff 00cf9300 DPL=0 DS   [-WA]
DS =0010 00000000 ffffffff 00cf9300 DPL=0 DS   [-WA]
FS =0010 00000000 ffffffff 00cf9300 DPL=0 DS   [-WA]
GS =0010 00000000 ffffffff 00cf9300 DPL=0 DS   [-WA]
LDT=0000 00000000 0000ffff 00008200 DPL=0 LDT
TR =0000 00000000 0000ffff 00008b00 DPL=0 TSS32-busy
GDT=     00108008 00000017
IDT=     00108060 000007ff
CR0=80000011 CR2=00000000 CR3=00000000 CR4=00000000
DR0=00000000 DR1=00000000 DR2=00000000 DR3=00000000 
DR6=ffff0ff0 DR7=00000400
CCS=00000004 CCD=00000487 CCO=EFLAGS
EFER=0000000000000000
Servicing hardware INT=0x20
   638: v=20 e=0000 i=0 cpl=0 IP=0008:0010117e pc=0010117e SP=0010:d0000fa9 env->regs[R_EAX]=00000741
EAX=00000741 EBX=0000003c ECX=0000003c EDX=00000000
ESI=000b8000 EDI=00000700 EBP=d0000fb5 ESP=d0000fa9
EIP=0010117e EFL=00000206 [-----P-] CPL=0 II=0 A20=1 SMM=0 HLT=0
ES =0010 00000000 ffffffff 00cf9300 DPL=0 DS   [-WA]
CS =0008 00000000 ffffffff 00cf9a00 DPL=0 CS32 [-R-]
SS =0010 00000000 ffffffff 00cf9300 DPL=0 DS   [-WA]
DS =0010 00000000 ffffffff 00cf9300 DPL=0 DS   [-WA]
FS =0010 00000000 ffffffff 00cf9300 DPL=0 DS   [-WA]
GS =0010 00000000 ffffffff 00cf9300 DPL=0 DS   [-WA]
LDT=0000 00000000 0000ffff 00008200 DPL=0 LDT
TR =0000 00000000 0000ffff 00008b00 DPL=0 TSS32-busy
GDT=     00108008 00000017
IDT=     00108060 000007ff
CR0=80000011 CR2=00000000 CR3=00000000 CR4=00000000
DR0=00000000 DR1=00000000 DR2=00000000 DR3=00000000 
DR6=ffff0ff0 DR7=00000400
CCS=00000004 CCD=0000003c CCO=EFLAGS
EFER=0000000000000000
Servicing hardware INT=0x20
   639: v=20 e=0000 i=0 cpl=0 IP=0008:0010117e pc=0010117e SP=0010:d0001fb2 env->regs[R_EAX]=00000742
EAX=00000742 EBX=0000004d ECX=000005ed EDX=00000012
ESI=000b8000 EDI=00000700 EBP=d0001fbe ESP=d0001fb2
EIP=0010117e EFL=00000206 [-----P-] CPL=0 II=0 A20=1 SMM=0 HLT=0
ES =0010 00000000 ffffffff 00cf9300 DPL=0 DS   [-WA]
CS =0008 00000000 ffffffff 00cf9a00 DPL=0 CS32 [-R-]
SS =0010 00000000 ffffffff 00cf9300 DPL=0 DS   [-WA]
DS =0010 00000000 ffffffff 00cf9300 DPL=0 DS   [-WA]
FS =0010 00000000 ffffffff 00cf9300 DPL=0 DS   [-WA]
GS =0010 00000000 ffffffff 00cf9300 DPL=0 DS   [-WA]
LDT=0000 00000000 0000ffff 00008200 DPL=0 LDT
TR =0000 00000000 0000ffff 00008b00 DPL=0 TSS32-busy
GDT=     00108008 00000017
IDT=     00108060 000007ff
CR0=80000011 CR2=00000000 CR3=00000000 CR4=00000000
DR0=00000000 DR1=00000000 DR2=00000000 DR3=00000000 
DR6=ffff0ff0 DR7=00000400
CCS=00000004 CCD=000005ed CCO=EFLAGS
EFER=0000000000000000
Servicing hardware INT=0x20
   640: v=20 e=0000 i=0 cpl=0 IP=0008:0010117e pc=0010117e SP=0010:00107fa4 env->regs[R_EAX]=00000730
EAX=00000730 EBX=0000003a ECX=0000012a EDX=00000003
ESI=000b8000 EDI=00000700 EBP=00107fb0 ESP=00107fa4
EIP=0010117e EFL=00000202 [-------] CPL=0 II=0 A20=1 SMM=0 HLT=0
ES =0010 00000000 ffffffff 00cf9300 DPL=0 DS   [-WA]
CS =0008 00000000 ffffffff 00cf9a00 DPL=0 CS32 [-R-]
SS =0010 00000000 ffffffff 00cf9300 DPL=0 DS   [-WA]
DS =0010 00000000 ffffffff 00cf9300 DPL=0 DS   [-WA]
FS =0010 00000000 ffffffff 00cf9300 DPL=0 DS   [-WA]
GS =0010 00000000 ffffffff 00cf9300 DPL=0 DS   [-WA]
LDT=0000 00000000 0000ffff 00008200 DPL=0 LDT
TR =0000 00000000 0000ffff 00008b00 DPL=0 TSS32-busy
GDT=     00108008 00000017
IDT=     00108060 000007ff
CR0=80000011 CR2=00000000 CR3=00000000 CR4=00000000
DR0=00000000 DR1=00000000 DR2=00000000 DR3=00000000 
DR6=ffff0ff0 DR7=00000400
CCS=00000000 CCD=0000012a CCO=EFLAGS
EFER=0000000000000000
Servicing hardware INT=0x20
   641: v=20 e=0000 i=0 cpl=0 IP=0008:0010117e pc=0010117e SP=0010:d0000fa9 env->regs[R_EAX]=00000741
EAX=00000741 EBX=00000015 ECX=00000295 EDX=00000008
ESI=000b8000 EDI=00000700 EBP=d0000fb5 ESP=d0000fa9
EIP=0010117e EFL=00000206 [-----P-] CPL=0 II=0 A20=1 SMM=0 HLT=0
ES =0010 00000000 ffffffff 00cf9300 DPL=0 DS   [-WA]
CS =0008 00000000 ffffffff 00cf9a00 DPL=0 CS32 [-R-]
SS =0010 00000000 ffffffff 00cf9300 DPL=0 DS   [-WA]
DS =0010 00000000 ffffffff 00cf9300 DPL=0 DS   [-WA]
FS =0010 00000000 ffffffff 00cf9300 DPL=0 DS   [-WA]
GS =0010 00000000 ffffffff 00cf9300 DPL=0 DS   [-WA]
LDT=0000 00000000 0000ffff 00008200 DPL=0 LDT
TR =0000 00000000 0000ffff 00008b00 DPL=0 TSS32-busy
GDT=     00108008 00000017
IDT=     00108060 000007ff
CR0=80000011 CR2=00000000 CR3=00000000 CR4=00000000
DR0=00000000 DR1=00000000 DR2=00000000 DR3=00000000 
DR6=ffff0ff0 DR7=00000400
CCS=00000004 CCD=00000295 CCO=EFLAGS
EFER=0000000000000000
Servicing hardware INT=0x20
   642: v=20 e=0000 i=0 cpl=0 IP=0008:0010117e pc=0010117e SP=0010:d0001fb2 env->regs[R_EAX]=00000742
EAX=00000742 EBX=0000004e ECX=000004fe EDX=0000000f
ESI=000b8000 EDI=00000700 EBP=d0001fbe ESP=d0001fb2
EIP=0010117e EFL=00000202 [-------] CPL=0 II=0 A20=1 SMM=0 HLT=0
ES =0010 00000000 ffffffff 00cf9300 DPL=0 DS   [-WA]
CS =0008 00000000 ffffffff 00cf9a00 DPL=0 CS32 [-R-]
SS =0010 00000000 ffffffff 00cf9300 DPL=0 DS   [-WA]
DS =0010 00000000 ffffffff 00cf9300 DPL=0 DS   [-WA]
FS =0010 00000000 ffffffff 00cf9300 DPL=0 DS   [-WA]
GS =0010 00000000 ffffffff 00cf9300 DPL=0 DS   [-WA]
LDT=0000 00000000 0000ffff 00008200 DPL=0 LDT
TR =0000 00000000 0000ffff 00008b00 DPL=0 TSS32-busy
GDT=     00108008 00000017
IDT=     00108060 000007ff
CR0=80000011 CR2=00000000 CR3=00000000 CR4=00000000
DR0=00000000 DR1=00000000 DR2=00000000 DR3=00000000 
DR6=ffff0ff0 DR7=00000400
CCS=00000000 CCD=000004fe CCO=EFLAGS
EFER=0000000000000000
Servicing hardware INT=0x20
   643: v=20 e=0000 i=0 cpl=0 IP=0008:0010117e pc=0010117e SP=0010:00107fa4 env->regs[R_EAX]=00000730
EAX=00000730 EBX=00000030 ECX=000007b0 EDX=00000018
ESI=000b8000 EDI=00000700 EBP=00107fb0 ESP=00107fa4
EIP=0010117e EFL=00000202 [-------] CPL=0 II=0 A20=1 SMM=0 HLT=0
ES =0010 00000000 ffffffff 00cf9300 DPL=0 DS   [-WA]
CS =0008 00000000 ffffffff 00cf9a00 DPL=0 CS32 [-R-]
SS =0010 00000000 ffffffff 00cf9300 DPL=0 DS   [-WA]
DS =0010 00000000 ffffffff 00cf9300 DPL=0 DS   [-WA]
FS =0010 00000000 ffffffff 00cf9300 DPL=0 DS   [-WA]
GS =0010 00000000 ffffffff 00cf9300 DPL=0 DS   [-WA]
LDT=0000 00000000 0000ffff 00008200 DPL=0 LDT
TR =0000 00000000 0000ffff 00008b00 DPL=0 TSS32-busy
GDT=     00108008 00000017
IDT=     00108060 000007ff
CR0=80000011 CR2=00000000 CR3=00000000 CR4=00000000
DR0=00000000 DR1=00000000 DR2=00000000 DR3=00000000 
DR6=ffff0ff0 DR7=00000400
CCS=00000000 CCD=000007b0 CCO=EFLAGS
EFER=0000000000000000
Servicing hardware INT=0x20
   644: v=20 e=0000 i=0 cpl=0 IP=0008:0010117e pc=0010117e SP=0010:d0000fa9 env->regs[R_EAX]=00000741
EAX=00000741 EBX=0000000c ECX=0000023c EDX=00000007
ESI=000b8000 EDI=00000700 EBP=d0000fb5 ESP=d0000fa9
EIP=0010117e EFL=00000206 [-----P-] CPL=0 II=0 A20=1 SMM=0 HLT=0
ES =0010 00000000 ffffffff 00cf9300 DPL=0 DS   [-WA]
CS =0008 00000000 ffffffff 00cf9a00 DPL=0 CS32 [-R-]
SS =0010 00000000 ffffffff 00cf9300 DPL=0 DS   [-WA]
DS =0010 00000000 ffffffff 00cf9300 DPL=0 DS   [-WA]
FS =0010 00000000 ffffffff 00cf9300 DPL=0 DS   [-WA]
GS =0010 00000000 ffffffff 00cf9300 DPL=0 DS   [-WA]
LDT=0000 00000000 0000ffff 00008200 DPL=0 LDT
TR =0000 00000000 0000ffff 00008b00 DPL=0 TSS32-busy
GDT=     00108008 00000017
IDT=     00108060 000007ff
CR0=80000011 CR2=00000000 CR3=00000000 CR4=00000000
DR0=00000000 DR1=00000000 DR2=00000000 DR3=00000000 
DR6=ffff0ff0 DR7=00000400
CCS=00000004 CCD=0000023c CCO=EFLAGS
EFER=0000000000000000
Servicing hardware INT=0x21
   645: v=21 e=0000 i=0 cpl=0 IP=0008:0010117e pc=0010117e SP=0010:d0001fb2 env->regs[R_EAX]=00000742
EAX=00000742 EBX=00000011 ECX=00000511 EDX=00000010
ESI=000b8000 EDI=00000700 EBP=d0001fbe ESP=d0001fb2
EIP=0010117e EFL=00000206 [-----P-] CPL=0 II=0 A20=1 SMM=0 HLT=0
ES =0010 00000000 ffffffff 00cf9300 DPL=0 DS   [-WA]
CS =0008 00000000 ffffffff 00cf9a00 DPL=0 CS32 [-R-]
SS =0010 00000000 ffffffff 00cf9300 DPL=0 DS   [-WA]
DS =0010 00000000 ffffffff 00cf9300 DPL=0 DS   [-WA]
FS =0010 00000000 ffffffff 00cf9300 DPL=0 DS   [-WA]
GS =0010 00000000 ffffffff 00cf9300 DPL=0 DS   [-WA]
LDT=0000 00000000 0000ffff 00008200 DPL=0 LDT
TR =0000 00000000 0000ffff 00008b00 DPL=0 TSS32-busy
GDT=     00108008 00000017
IDT=     00108060 000007ff
CR0=80000011 CR2=00000000 CR3=00000000 CR4=00000000
DR0=00000000 DR1=00000000 DR2=00000000 DR3=00000000 
DR6=ffff0ff0 DR7=00000400
CCS=00000011 CCD=00000511 CCO=ADDL
EFER=0000000000000000
Servicing hardware INT=0x20
   646: v=20 e=0000 i=0 cpl=0 IP=0008:0010117e pc=0010117e SP=0010:d0001fb2 env->regs[R_EAX]=00000742
EAX=00000742 EBX=0000002d ECX=0000048d EDX=0000000e
ESI=000b8000 EDI=00000700 EBP=d0001fbe ESP=d0001fb2
EIP=0010117e EFL=00000206 [-----P-] CPL=0 II=0 A20=1 SMM=0 HLT=0
ES =0010 00000000 ffffffff 00cf9300 DPL=0 DS   [-WA]
CS =0008 00000000 ffffffff 00cf9a00 DPL=0 CS32 [-R-]
SS =0010 00000000 ffffffff 00cf9300 DPL=0 DS   [-WA]
DS =0010 00000000 ffffffff 00cf9300 DPL=0 DS   [-WA]
FS =0010 00000000 ffffffff 00cf9300 DPL=0 DS   [-WA]
GS =0010 00000000 ffffffff 00cf9300 DPL=0 DS   [-WA]
LDT=0000 00000000 0000ffff 00008200 DPL=0 LDT
TR =0000 00000000 0000ffff 00008b00 DPL=0 TSS32-busy
GDT=     00108008 00000017
IDT=     00108060 000007ff
CR0=80000011 CR2=00000000 CR3=00000000 CR4=00000000
DR0=00000000 DR1=00000000 DR2=00000000 DR3=00000000 
DR6=ffff0ff0 DR7=00000400
CCS=00000004 CCD=0000048d CCO=EFLAGS
EFER=0000000000000000
Servicing hardware INT=0x20
   647: v=20 e=0000 i=0 cpl=0 IP=0008:0010117e pc=0010117e SP=0010:00107fa4 env->regs[R_EAX]=00000730
EAX=00000730 EBX=00000032 ECX=00000622 EDX=00000013
ESI=000b8000 EDI=00000700 EBP=00107fb0 ESP=00107fa4
EIP=0010117e EFL=00000206 [-----P-] CPL=0 II=0 A20=1 SMM=0 HLT=0
ES =0010 00000000 ffffffff 00cf9300 DPL=0 DS   [-WA]
CS =0008 00000000 ffffffff 00cf9a00 DPL=0 CS32 [-R-]
SS =0010 00000000 ffffffff 00cf9300 DPL=0 DS   [-WA]
DS =0010 00000000 ffffffff 00cf9300 DPL=0 DS   [-WA]
FS =0010 00000000 ffffffff 00cf9300 DPL=0 DS   [-WA]
GS =0010 00000000 ffffffff 00cf9300 DPL=0 DS   [-WA]
LDT=0000 00000000 0000ffff 00008200 DPL=0 LDT
TR =0000 00000000 0000ffff 00008b00 DPL=0 TSS32-busy
GDT=     00108008 00000017
IDT=     00108060 000007ff
CR0=80000011 CR2=00000000 CR3=00000000 CR4=00000000
DR0=00000000 DR1=00000000 DR2=00000000 DR3=00000000 
DR6=ffff0ff0 DR7=00000400
CCS=00000004 CCD=00000622 CCO=EFLAGS
EFER=0000000000000000
Servicing hardware INT=0x20
   648: v=20 e=0000 i=0 cpl=0 IP=0008:0010117e pc=0010117e SP=0010:d0000fa9 env->regs[R_EAX]=00000741
EAX=00000741 EBX=00000027 ECX=000002a7 EDX=00000008
ESI=000b8000 EDI=00000700 EBP=d0000fb5 ESP=d0000fa9
EIP=0010117e EFL=00000202 [-------] CPL=0 II=0 A20=1 SMM=0 HLT=0
ES =0010 00000000 ffffffff 00cf9300 DPL=0 DS   [-WA]
CS =0008 00000000 ffffffff 00cf9a00 DPL=0 CS32 [-R-]
SS =0010 00000000 ffffffff 00cf9300 DPL=0 DS   [-WA]
DS =0010 00000000 ffffffff 00cf9300 DPL=0 DS   [-WA]
FS =0010 00000000 ffffffff 00cf9300 DPL=0 DS   [-WA]
GS =0010 00000000 ffffffff 00cf9300 DPL=0 DS   [-WA]
LDT=0000 00000000 0000ffff 00008200 DPL=0 LDT
TR =0000 00000000 0000ffff 00008b00 DPL=0 TSS32-busy
GDT=     00108008 00000017
IDT=     00108060 000007ff
CR0=80000011 CR2=00000000 CR3=00000000 CR4=00000000
DR0=00000000 DR1=00000000 DR2=00000000 DR3=00000000 
DR6=ffff0ff0 DR7=00000400
CCS=00000000 CCD=000002a7 CCO=EFLAGS
EFER=0000000000000000
Servicing hardware INT=0x20
   649: v=20 e=0000 i=0 cpl=0 IP=0008:0010117e pc=0010117e SP=0010:d0001fb2 env->regs[R_EAX]=00000742
EAX=00000742 EBX=0000003d ECX=0000044d EDX=0000000d
ESI=000b8000 EDI=00000700 EBP=d0001fbe ESP=d0001fb2
EIP=0010117e EFL=00000206 [-----P-] CPL=0 II=0 A20=1 SMM=0 HLT=0
ES =0010 00000000 ffffffff 00cf9300 DPL=0 DS   [-WA]
CS =0008 00000000 ffffffff 00cf9a00 DPL=0 CS32 [-R-]
SS =0010 00000000 ffffffff 00cf9300 DPL=0 DS   [-WA]
DS =0010 00000000 ffffffff 00cf9300 DPL=0 DS   [-WA]
FS =0010 00000000 ffffffff 00cf9300 DPL=0 DS   [-WA]
GS =0010 00000000 ffffffff 00cf9300 DPL=0 DS   [-WA]
LDT=0000 00000000 0000ffff 00008200 DPL=0 LDT
TR =0000 00000000 0000ffff 00008b00 DPL=0 TSS32-busy
GDT=     00108008 00000017
IDT=     00108060 000007ff
CR0=80000011 CR2=00000000 CR3=00000000 CR4=00000000
DR0=00000000 DR1=00000000 DR2=00000000 DR3=00000000 
DR6=ffff0ff0 DR7=00000400
CCS=00000004 CCD=0000044d CCO=EFLAGS
EFER=0000000000000000
Servicing hardware INT=0x20
   650: v=20 e=0000 i=0 cpl=0 IP=0008:0010117e pc=0010117e SP=0010:00107fa4 env->regs[R_EAX]=00000730
EAX=00000730 EBX=00000036 ECX=000003a6 EDX=0000000b
ESI=000b8000 EDI=00000700 EBP=00107fb0 ESP=00107fa4
EIP=0010117e EFL=00000206 [-----P-] CPL=0 II=0 A20=1 SMM=0 HLT=0
ES =0010 00000000 ffffffff 00cf9300 DPL=0 DS   [-WA]
CS =0008 00000000 ffffffff 00cf9a00 DPL=0 CS32 [-R-]
SS =0010 00000000 ffffffff 00cf9300 DPL=0 DS   [-WA]
DS =0010 00000000 ffffffff 00cf9300 DPL=0 DS   [-WA]
FS =0010 00000000 ffffffff 00cf9300 DPL=0 DS   [-WA]
GS =0010 00000000 ffffffff 00cf9300 DPL=0 DS   [-WA]
LDT=0000 00000000 0000ffff 00008200 DPL=0 LDT
TR =0000 00000000 0000ffff 00008b00 DPL=0 TSS32-busy
GDT=     00108008 00000017
IDT=     00108060 000007ff
CR0=80000011 CR2=00000000 CR3=00000000 CR4=00000000
DR0=00000000 DR1=00000000 DR2=00000000 DR3=00000000 
DR6=ffff0ff0 DR7=00000400
CCS=00000004 CCD=000003a6 CCO=EFLAGS
EFER=0000000000000000
Servicing hardware INT=0x20
   651: v=20 e=0000 i=0 cpl=0 IP=0008:0010117e pc=0010117e SP=0010:d0000fa9 env->regs[R_EAX]=00000741
EAX=00000741 EBX=00000037 ECX=000006c7 EDX=00000015
ESI=000b8000 EDI=00000700 EBP=d0000fb5 ESP=d0000fa9
EIP=0010117e EFL=00000202 [-------] CPL=0 II=0 A20=1 SMM=0 HLT=0
ES =0010 00000000 ffffffff 00cf9300 DPL=0 DS   [-WA]
CS =0008 00000000 ffffffff 00cf9a00 DPL=0 CS32 [-R-]
SS =0010 00000000 ffffffff 00cf9300 DPL=0 DS   [-WA]
DS =0010 00000000 ffffffff 00cf9300 DPL=0 DS   [-WA]
FS =0010 00000000 ffffffff 00cf9300 DPL=0 DS   [-WA]
GS =0010 00000000 ffffffff 00cf9300 DPL=0 DS   [-WA]
LDT=0000 00000000 0000ffff 00008200 DPL=0 LDT
TR =0000 00000000 0000ffff 00008b00 DPL=0 TSS32-busy
GDT=     00108008 00000017
IDT=     00108060 000007ff
CR0=80000011 CR2=00000000 CR3=00000000 CR4=00000000
DR0=00000000 DR1=00000000 DR2=00000000 DR3=00000000 
DR6=ffff0ff0 DR7=00000400
CCS=00000000 CCD=000006c7 CCO=EFLAGS
EFER=0000000000000000
Servicing hardware INT=0x20
   652: v=20 e=0000 i=0 cpl=0 IP=0008:0010117e pc=0010117e SP=0010:d0001fb2 env->regs[R_EAX]=00000742
EAX=00000742 EBX=00000042 ECX=000002c2 EDX=00000008
ESI=000b8000 EDI=00000700 EBP=d0001fbe ESP=d0001fb2
EIP=0010117e EFL=00000202 [-------] CPL=0 II=0 A20=1 SMM=0 HLT=0
ES =0010 00000000 ffffffff 00cf9300 DPL=0 DS   [-WA]
CS =0008 00000000 ffffffff 00cf9a00 DPL=0 CS32 [-R-]
SS =0010 00000000 ffffffff 00cf9300 DPL=0 DS   [-WA]
DS =0010 00000000 ffffffff 00cf9300 DPL=0 DS   [-WA]
FS =0010 00000000 ffffffff 00cf9300 DPL=0 DS   [-WA]
GS =0010 00000000 ffffffff 00cf9300 DPL=0 DS   [-WA]
LDT=0000 00000000 0000ffff 00008200 DPL=0 LDT
TR =0000 00000000 0000ffff 00008b00 DPL=0 TSS32-busy
GDT=     00108008 00000017
IDT=     00108060 000007ff
CR0=80000011 CR2=00000000 CR3=00000000 CR4=00000000
DR0=00000000 DR1=00000000 DR2=00000000 DR3=00000000 
DR6=ffff0ff0 DR7=00000400
CCS=00000000 CCD=000002c2 CCO=EFLAGS
EFER=0000000000000000
Servicing hardware INT=0x20
   653: v=20 e=0000 i=0 cpl=0 IP=0008:0010117e pc=0010117e SP=0010:00107fa4 env->regs[R_EAX]=00000730
EAX=00000730 EBX=00000025 ECX=00000205 EDX=00000006
ESI=000b8000 EDI=00000700 EBP=00107fb0 ESP=00107fa4
EIP=0010117e EFL=00000206 [-----P-] CPL=0 II=0 A20=1 SMM=0 HLT=0
ES =0010 00000000 ffffffff 00cf9300 DPL=0 DS   [-WA]
CS =0008 00000000 ffffffff 00cf9a00 DPL=0 CS32 [-R-]
SS =0010 00000000 ffffffff 00cf9300 DPL=0 DS   [-WA]
DS =0010 00000000 ffffffff 00cf9300 DPL=0 DS   [-WA]
FS =0010 00000000 ffffffff 00cf9300 DPL=0 DS   [-WA]
GS =0010 00000000 ffffffff 00cf9300 DPL=0 DS   [-WA]
LDT=0000 00000000 0000ffff 00008200 DPL=0 LDT
TR =0000 00000000 0000ffff 00008b00 DPL=0 TSS32-busy
GDT=     00108008 00000017
IDT=     00108060 000007ff
CR0=80000011 CR2=00000000 CR3=00000000 CR4=00000000
DR0=00000000 DR1=00000000 DR2=00000000 DR3=00000000 
DR6=ffff0ff0 DR7=00000400
CCS=00000004 CCD=00000205 CCO=EFLAGS
EFER=0000000000000000
Servicing hardware INT=0x20
   654: v=20 e=0000 i=0 cpl=0 IP=0008:0010117e pc=0010117e SP=0010:d0000fa9 env->regs[R_EAX]=00000741
EAX=00000741 EBX=0000004a ECX=0000036a EDX=0000000a
ESI=000b8000 EDI=00000700 EBP=d0000fb5 ESP=d0000fa9
EIP=0010117e EFL=00000206 [-----P-] CPL=0 II=0 A20=1 SMM=0 HLT=0
ES =0010 00000000 ffffffff 00cf9300 DPL=0 DS   [-WA]
CS =0008 00000000 ffffffff 00cf9a00 DPL=0 CS32 [-R-]
SS =0010 00000000 ffffffff 00cf9300 DPL=0 DS   [-WA]
DS =0010 00000000 ffffffff 00cf9300 DPL=0 DS   [-WA]
FS =0010 00000000 ffffffff 00cf9300 DPL=0 DS   [-WA]
GS =0010 00000000 ffffffff 00cf9300 DPL=0 DS   [-WA]
LDT=0000 00000000 0000ffff 00008200 DPL=0 LDT
TR =0000 00000000 0000ffff 00008b00 DPL=0 TSS32-busy
GDT=     00108008 00000017
IDT=     00108060 000007ff
CR0=80000011 CR2=00000000 CR3=00000000 CR4=00000000
DR0=00000000 DR1=00000000 DR2=00000000 DR3=00000000 
DR6=ffff0ff0 DR7=00000400
CCS=00000004 CCD=0000036a CCO=EFLAGS
EFER=0000000000000000
Servicing hardware INT=0x20
   655: v=20 e=0000 i=0 cpl=0 IP=0008:0010117e pc=0010117e SP=0010:d0001fb2 env->regs[R_EAX]=00000742
EAX=00000742 EBX=00000018 ECX=00000158 EDX=00000004
ESI=000b8000 EDI=00000700 EBP=d0001fbe ESP=d0001fb2
EIP=0010117e EFL=00000202 [-------] CPL=0 II=0 A20=1 SMM=0 HLT=0
ES =0010 00000000 ffffffff 00cf9300 DPL=0 DS   [-WA]
CS =0008 00000000 ffffffff 00cf9a00 DPL=0 CS32 [-R-]
SS =0010 00000000 ffffffff 00cf9300 DPL=0 DS   [-WA]
DS =0010 00000000 ffffffff 00cf9300 DPL=0 DS   [-WA]
FS =0010 00000000 ffffffff 00cf9300 DPL=0 DS   [-WA]
GS =0010 00000000 ffffffff 00cf9300 DPL=0 DS   [-WA]
LDT=0000 00000000 0000ffff 00008200 DPL=0 LDT
TR =0000 00000000 0000ffff 00008b00 DPL=0 TSS32-busy
GDT=     00108008 00000017
IDT=     00108060 000007ff
CR0=80000011 CR2=00000000 CR3=00000000 CR4=00000000
DR0=00000000 DR1=00000000 DR2=00000000 DR3=00000000 
DR6=ffff0ff0 DR7=00000400
CCS=00000000 CCD=00000158 CCO=EFLAGS
EFER=0000000000000000
Servicing hardware INT=0x20
   656: v=20 e=0000 i=0 cpl=0 IP=0008:0010117e pc=0010117e SP=0010:00107fa4 env->regs[R_EAX]=00000730
EAX=00000730 EBX=0000003c ECX=0000062c EDX=00000013
ESI=000b8000 EDI=00000700 EBP=00107fb0 ESP=00107fa4
EIP=0010117e EFL=00000202 [-------] CPL=0 II=0 A20=1 SMM=0 HLT=0
ES =0010 00000000 ffffffff 00cf9300 DPL=0 DS   [-WA]
CS =0008 00000000 ffffffff 00cf9a00 DPL=0 CS32 [-R-]
SS =0010 00000000 ffffffff 00cf9300 DPL=0 DS   [-WA]
DS =0010 00000000 ffffffff 00cf9300 DPL=0 DS   [-WA]
FS =0010 00000000 ffffffff 00cf9300 DPL=0 DS   [-WA]
GS =0010 00000000 ffffffff 00cf9300 DPL=0 DS   [-WA]
LDT=0000 00000000 0000ffff 00008200 DPL=0 LDT
TR =0000 00000000 0000ffff 00008b00 DPL=0 TSS32-busy
GDT=     00108008 00000017
IDT=     00108060 000007ff
CR0=80000011 CR2=00000000 CR3=00000000 CR4=00000000
DR0=00000000 DR1=00000000 DR2=00000000 DR3=00000000 
DR6=ffff0ff0 DR7=00000400
CCS=00000000 CCD=0000062c CCO=EFLAGS
EFER=0000000000000000
Servicing hardware INT=0x20
   657: v=20 e=0000 i=0 cpl=0 IP=0008:0010117e pc=0010117e SP=0010:d0000fa9 env->regs[R_EAX]=00000741
EAX=00000741 EBX=00000006 ECX=000005a6 EDX=00000012
ESI=000b8000 EDI=00000700 EBP=d0000fb5 ESP=d0000fa9
EIP=0010117e EFL=00000206 [-----P-] CPL=0 II=0 A20=1 SMM=0 HLT=0
ES =0010 00000000 ffffffff 00cf9300 DPL=0 DS   [-WA]
CS =0008 00000000 ffffffff 00cf9a00 DPL=0 CS32 [-R-]
SS =0010 00000000 ffffffff 00cf9300 DPL=0 DS   [-WA]
DS =0010 00000000 ffffffff 00cf9300 DPL=0 DS   [-WA]
FS =0010 00000000 ffffffff 00cf9300 DPL=0 DS   [-WA]
GS =0010 00000000 ffffffff 00cf9300 DPL=0 DS   [-WA]
LDT=0000 00000000 0000ffff 00008200 DPL=0 LDT
TR =0000 00000000 0000ffff 00008b00 DPL=0 TSS32-busy
GDT=     00108008 00000017
IDT=     00108060 000007ff
CR0=80000011 CR2=00000000 CR3=00000000 CR4=00000000
DR0=00000000 DR1=00000000 DR2=00000000 DR3=00000000 
DR6=ffff0ff0 DR7=00000400
CCS=00000004 CCD=000005a6 CCO=EFLAGS
EFER=0000000000000000
Servicing hardware INT=0x20
   658: v=20 e=0000 i=0 cpl=0 IP=0008:0010117e pc=0010117e SP=0010:d0001fb2 env->regs[R_EAX]=00000742
EAX=00000742 EBX=00000008 ECX=00000648 EDX=00000014
ESI=000b8000 EDI=00000700 EBP=d0001fbe ESP=d0001fb2
EIP=0010117e EFL=00000206 [-----P-] CPL=0 II=0 A20=1 SMM=0 HLT=0
ES =0010 00000000 ffffffff 00cf9300 DPL=0 DS   [-WA]
CS =0008 00000000 ffffffff 00cf9a00 DPL=0 CS32 [-R-]
SS =0010 00000000 ffffffff 00cf9300 DPL=0 DS   [-WA]
DS =0010 00000000 ffffffff 00cf9300 DPL=0 DS   [-WA]
FS =0010 00000000 ffffffff 00cf9300 DPL=0 DS   [-WA]
GS =0010 00000000 ffffffff 00cf9300 DPL=0 DS   [-WA]
LDT=0000 00000000 0000ffff 00008200 DPL=0 LDT
TR =0000 00000000 0000ffff 00008b00 DPL=0 TSS32-busy
GDT=     00108008 00000017
IDT=     00108060 000007ff
CR0=80000011 CR2=00000000 CR3=00000000 CR4=00000000
DR0=00000000 DR1=00000000 DR2=00000000 DR3=00000000 
DR6=ffff0ff0 DR7=00000400
CCS=00000004 CCD=00000648 CCO=EFLAGS
EFER=0000000000000000
Servicing hardware INT=0x20
   659: v=20 e=0000 i=0 cpl=0 IP=0008:0010117e pc=0010117e SP=0010:00107fa4 env->regs[R_EAX]=00000730
EAX=00000730 EBX=00000035 ECX=00000305 EDX=00000009
ESI=000b8000 EDI=00000700 EBP=00107fb0 ESP=00107fa4
EIP=0010117e EFL=00000206 [-----P-] CPL=0 II=0 A20=1 SMM=0 HLT=0
ES =0010 00000000 ffffffff 00cf9300 DPL=0 DS   [-WA]
CS =0008 00000000 ffffffff 00cf9a00 DPL=0 CS32 [-R-]
SS =0010 00000000 ffffffff 00cf9300 DPL=0 DS   [-WA]
DS =0010 00000000 ffffffff 00cf9300 DPL=0 DS   [-WA]
FS =0010 00000000 ffffffff 00cf9300 DPL=0 DS   [-WA]
GS =0010 00000000 ffffffff 00cf9300 DPL=0 DS   [-WA]
LDT=0000 00000000 0000ffff 00008200 DPL=0 LDT
TR =0000 00000000 0000ffff 00008b00 DPL=0 TSS32-busy
GDT=     00108008 00000017
IDT=     00108060 000007ff
CR0=80000011 CR2=00000000 CR3=00000000 CR4=00000000
DR0=00000000 DR1=00000000 DR2=00000000 DR3=00000000 
DR6=ffff0ff0 DR7=00000400
CCS=00000004 CCD=00000305 CCO=EFLAGS
EFER=0000000000000000
Servicing hardware INT=0x20
   660: v=20 e=0000 i=0 cpl=0 IP=0008:0010117e pc=0010117e SP=0010:d0000fa9 env->regs[R_EAX]=00000741
EAX=00000741 EBX=00000000 ECX=00000640 EDX=00000014
ESI=000b8000 EDI=00000700 EBP=d0000fb5 ESP=d0000fa9
EIP=0010117e EFL=00000202 [-------] CPL=0 II=0 A20=1 SMM=0 HLT=0
ES =0010 00000000 ffffffff 00cf9300 DPL=0 DS   [-WA]
CS =0008 00000000 ffffffff 00cf9a00 DPL=0 CS32 [-R-]
SS =0010 00000000 ffffffff 00cf9300 DPL=0 DS   [-WA]
DS =0010 00000000 ffffffff 00cf9300 DPL=0 DS   [-WA]
FS =0010 00000000 ffffffff 00cf9300 DPL=0 DS   [-WA]
GS =0010 00000000 ffffffff 00cf9300 DPL=0 DS   [-WA]
LDT=0000 00000000 0000ffff 00008200 DPL=0 LDT
TR =0000 00000000 0000ffff 00008b00 DPL=0 TSS32-busy
GDT=     00108008 00000017
IDT=     00108060 000007ff
CR0=80000011 CR2=00000000 CR3=00000000 CR4=00000000
DR0=00000000 DR1=00000000 DR2=00000000 DR3=00000000 
DR6=ffff0ff0 DR7=00000400
CCS=00000000 CCD=00000640 CCO=EFLAGS
EFER=0000000000000000
Servicing hardware INT=0x20
   661: v=20 e=0000 i=0 cpl=0 IP=0008:0010117e pc=0010117e SP=0010:d0001fb2 env->regs[R_EAX]=00000742
EAX=00000742 EBX=00000029 ECX=00000259 EDX=00000007
ESI=000b8000 EDI=00000700 EBP=d0001fbe ESP=d0001fb2
EIP=0010117e EFL=00000206 [-----P-] CPL=0 II=0 A20=1 SMM=0 HLT=0
ES =0010 00000000 ffffffff 00cf9300 DPL=0 DS   [-WA]
CS =0008 00000000 ffffffff 00cf9a00 DPL=0 CS32 [-R-]
SS =0010 00000000 ffffffff 00cf9300 DPL=0 DS   [-WA]
DS =0010 00000000 ffffffff 00cf9300 DPL=0 DS   [-WA]
FS =0010 00000000 ffffffff 00cf9300 DPL=0 DS   [-WA]
GS =0010 00000000 ffffffff 00cf9300 DPL=0 DS   [-WA]
LDT=0000 00000000 0000ffff 00008200 DPL=0 LDT
TR =0000 00000000 0000ffff 00008b00 DPL=0 TSS32-busy
GDT=     00108008 00000017
IDT=     00108060 000007ff
CR0=80000011 CR2=00000000 CR3=00000000 CR4=00000000
DR0=00000000 DR1=00000000 DR2=00000000 DR3=00000000 
DR6=ffff0ff0 DR7=00000400
CCS=00000004 CCD=00000259 CCO=EFLAGS
EFER=0000000000000000
Servicing hardware INT=0x20
   662: v=20 e=0000 i=0 cpl=0 IP=0008:0010117e pc=0010117e SP=0010:00107fa4 env->regs[R_EAX]=00000730
EAX=00000730 EBX=0000003d ECX=0000067d EDX=00000014
ESI=000b8000 EDI=00000700 EBP=00107fb0 ESP=00107fa4
EIP=0010117e EFL=00000206 [-----P-] CPL=0 II=0 A20=1 SMM=0 HLT=0
ES =0010 00000000 ffffffff 00cf9300 DPL=0 DS   [-WA]
CS =0008 00000000 ffffffff 00cf9a00 DPL=0 CS32 [-R-]
SS =0010 00000000 ffffffff 00cf9300 DPL=0 DS   [-WA]
DS =0010 00000000 ffffffff 00cf9300 DPL=0 DS   [-WA]
FS =0010 00000000 ffffffff 00cf9300 DPL=0 DS   [-WA]
GS =0010 00000000 ffffffff 00cf9300 DPL=0 DS   [-WA]
LDT=0000 00000000 0000ffff 00008200 DPL=0 LDT
TR =0000 00000000 0000ffff 00008b00 DPL=0 TSS32-busy
GDT=     00108008 00000017
IDT=     00108060 000007ff
CR0=80000011 CR2=00000000 CR3=00000000 CR4=00000000
DR0=00000000 DR1=00000000 DR2=00000000 DR3=00000000 
DR6=ffff0ff0 DR7=00000400
CCS=00000004 CCD=0000067d CCO=EFLAGS
EFER=0000000000000000
Servicing hardware INT=0x20
   663: v=20 e=0000 i=0 cpl=0 IP=0008:0010117e pc=0010117e SP=0010:d0000fa9 env->regs[R_EAX]=00000741
EAX=00000741 EBX=0000000f ECX=000005ff EDX=00000013
ESI=000b8000 EDI=00000700 EBP=d0000fb5 ESP=d0000fa9
EIP=0010117e EFL=00000206 [-----P-] CPL=0 II=0 A20=1 SMM=0 HLT=0
ES =0010 00000000 ffffffff 00cf9300 DPL=0 DS   [-WA]
CS =0008 00000000 ffffffff 00cf9a00 DPL=0 CS32 [-R-]
SS =0010 00000000 ffffffff 00cf9300 DPL=0 DS   [-WA]
DS =0010 00000000 ffffffff 00cf9300 DPL=0 DS   [-WA]
FS =0010 00000000 ffffffff 00cf9300 DPL=0 DS   [-WA]
GS =0010 00000000 ffffffff 00cf9300 DPL=0 DS   [-WA]
LDT=0000 00000000 0000ffff 00008200 DPL=0 LDT
TR =0000 00000000 0000ffff 00008b00 DPL=0 TSS32-busy
GDT=     00108008 00000017
IDT=     00108060 000007ff
CR0=80000011 CR2=00000000 CR3=00000000 CR4=00000000
DR0=00000000 DR1=00000000 DR2=00000000 DR3=00000000 
DR6=ffff0ff0 DR7=00000400
CCS=00000004 CCD=000005ff CCO=EFLAGS
EFER=0000000000000000
Servicing hardware INT=0x20
   664: v=20 e=0000 i=0 cpl=0 IP=0008:0010117e pc=0010117e SP=0010:d0001fb2 env->regs[R_EAX]=00000742
EAX=00000742 EBX=00000017 ECX=00000747 EDX=00000017
ESI=000b8000 EDI=00000700 EBP=d0001fbe ESP=d0001fb2
EIP=0010117e EFL=00000206 [-----P-] CPL=0 II=0 A20=1 SMM=0 HLT=0
ES =0010 00000000 ffffffff 00cf9300 DPL=0 DS   [-WA]
CS =0008 00000000 ffffffff 00cf9a00 DPL=0 CS32 [-R-]
SS =0010 00000000 ffffffff 00cf9300 DPL=0 DS   [-WA]
DS =0010 00000000 ffffffff 00cf9300 DPL=0 DS   [-WA]
FS =0010 00000000 ffffffff 00cf9300 DPL=0 DS   [-WA]
GS =0010 00000000 ffffffff 00cf9300 DPL=0 DS   [-WA]
LDT=0000 00000000 0000ffff 00008200 DPL=0 LDT
TR =0000 00000000 0000ffff 00008b00 DPL=0 TSS32-busy
GDT=     00108008 00000017
IDT=     00108060 000007ff
CR0=80000011 CR2=00000000 CR3=00000000 CR4=00000000
DR0=00000000 DR1=00000000 DR2=00000000 DR3=00000000 
DR6=ffff0ff0 DR7=00000400
CCS=00000004 CCD=00000747 CCO=EFLAGS
EFER=0000000000000000
Servicing hardware INT=0x20
   665: v=20 e=0000 i=0 cpl=0 IP=0008:0010117e pc=0010117e SP=0010:00107fa4 env->regs[R_EAX]=00000730
EAX=00000730 EBX=0000002b ECX=000002fb EDX=00000009
ESI=000b8000 EDI=00000700 EBP=00107fb0 ESP=00107fa4
EIP=0010117e EFL=00000202 [-------] CPL=0 II=0 A20=1 SMM=0 HLT=0
ES =0010 00000000 ffffffff 00cf9300 DPL=0 DS   [-WA]
CS =0008 00000000 ffffffff 00cf9a00 DPL=0 CS32 [-R-]
SS =0010 00000000 ffffffff 00cf9300 DPL=0 DS   [-WA]
DS =0010 00000000 ffffffff 00cf9300 DPL=0 DS   [-WA]
FS =0010 00000000 ffffffff 00cf9300 DPL=0 DS   [-WA]
GS =0010 00000000 ffffffff 00cf9300 DPL=0 DS   [-WA]
LDT=0000 00000000 0000ffff 00008200 DPL=0 LDT
TR =0000 00000000 0000ffff 00008b00 DPL=0 TSS32-busy
GDT=     00108008 00000017
IDT=     00108060 000007ff
CR0=80000011 CR2=00000000 CR3=00000000 CR4=00000000
DR0=00000000 DR1=00000000 DR2=00000000 DR3=00000000 
DR6=ffff0ff0 DR7=00000400
CCS=00000000 CCD=000002fb CCO=EFLAGS
EFER=0000000000000000
Servicing hardware INT=0x20
   666: v=20 e=0000 i=0 cpl=0 IP=0008:0010117e pc=0010117e SP=0010:d0000fa9 env->regs[R_EAX]=00000741
EAX=00000741 EBX=00000005 ECX=00000415 EDX=0000000d
ESI=000b8000 EDI=00000700 EBP=d0000fb5 ESP=d0000fa9
EIP=0010117e EFL=00000202 [-------] CPL=0 II=0 A20=1 SMM=0 HLT=0
ES =0010 00000000 ffffffff 00cf9300 DPL=0 DS   [-WA]
CS =0008 00000000 ffffffff 00cf9a00 DPL=0 CS32 [-R-]
SS =0010 00000000 ffffffff 00cf9300 DPL=0 DS   [-WA]
DS =0010 00000000 ffffffff 00cf9300 DPL=0 DS   [-WA]
FS =0010 00000000 ffffffff 00cf9300 DPL=0 DS   [-WA]
GS =0010 00000000 ffffffff 00cf9300 DPL=0 DS   [-WA]
LDT=0000 00000000 0000ffff 00008200 DPL=0 LDT
TR =0000 00000000 0000ffff 00008b00 DPL=0 TSS32-busy
GDT=     00108008 00000017
IDT=     00108060 000007ff
CR0=80000011 CR2=00000000 CR3=00000000 CR4=00000000
DR0=00000000 DR1=00000000 DR2=00000000 DR3=00000000 
DR6=ffff0ff0 DR7=00000400
CCS=00000000 CCD=00000415 CCO=EFLAGS
EFER=0000000000000000
Servicing hardware INT=0x20
   667: v=20 e=0000 i=0 cpl=0 IP=0008:0010117e pc=0010117e SP=0010:d0001fb2 env->regs[R_EAX]=00000742
EAX=00000742 EBX=00000043 ECX=00000223 EDX=00000006
ESI=000b8000 EDI=00000700 EBP=d0001fbe ESP=d0001fb2
EIP=0010117e EFL=00000202 [-------] CPL=0 II=0 A20=1 SMM=0 HLT=0
ES =0010 00000000 ffffffff 00cf9300 DPL=0 DS   [-WA]
CS =0008 00000000 ffffffff 00cf9a00 DPL=0 CS32 [-R-]
SS =0010 00000000 ffffffff 00cf9300 DPL=0 DS   [-WA]
DS =0010 00000000 ffffffff 00cf9300 DPL=0 DS   [-WA]
FS =0010 00000000 ffffffff 00cf9300 DPL=0 DS   [-WA]
GS =0010 00000000 ffffffff 00cf9300 DPL=0 DS   [-WA]
LDT=0000 00000000 0000ffff 00008200 DPL=0 LDT
TR =0000 00000000 0000ffff 00008b00 DPL=0 TSS32-busy
GDT=     00108008 00000017
IDT=     00108060 000007ff
CR0=80000011 CR2=00000000 CR3=00000000 CR4=00000000
DR0=00000000 DR1=00000000 DR2=00000000 DR3=00000000 
DR6=ffff0ff0 DR7=00000400
CCS=00000000 CCD=00000223 CCO=EFLAGS
EFER=0000000000000000
Servicing hardware INT=0x20
   668: v=20 e=0000 i=0 cpl=0 IP=0008:0010117e pc=0010117e SP=0010:00107fa4 env->regs[R_EAX]=00000730
EAX=00000730 EBX=00000033 ECX=000004e3 EDX=0000000f
ESI=000b8000 EDI=00000700 EBP=00107fb0 ESP=00107fa4
EIP=0010117e EFL=00000202 [-------] CPL=0 II=0 A20=1 SMM=0 HLT=0
ES =0010 00000000 ffffffff 00cf9300 DPL=0 DS   [-WA]
CS =0008 00000000 ffffffff 00cf9a00 DPL=0 CS32 [-R-]
SS =0010 00000000 ffffffff 00cf9300 DPL=0 DS   [-WA]
DS =0010 00000000 ffffffff 00cf9300 DPL=0 DS   [-WA]
FS =0010 00000000 ffffffff 00cf9300 DPL=0 DS   [-WA]
GS =0010 00000000 ffffffff 00cf9300 DPL=0 DS   [-WA]
LDT=0000 00000000 0000ffff 00008200 DPL=0 LDT
TR =0000 00000000 0000ffff 00008b00 DPL=0 TSS32-busy
GDT=     00108008 00000017
IDT=     00108060 000007ff
CR0=80000011 CR2=00000000 CR3=00000000 CR4=00000000
DR0=00000000 DR1=00000000 DR2=00000000 DR3=00000000 
DR6=ffff0ff0 DR7=00000400
CCS=00000000 CCD=000004e3 CCO=EFLAGS
EFER=0000000000000000
Servicing hardware INT=0x20
   669: v=20 e=0000 i=0 cpl=0 IP=0008:0010117e pc=0010117e SP=0010:d0000fa9 env->regs[R_EAX]=00000741
EAX=00000741 EBX=00000025 ECX=000003e5 EDX=0000000c
ESI=000b8000 EDI=00000700 EBP=d0000fb5 ESP=d0000fa9
EIP=0010117e EFL=00000202 [-------] CPL=0 II=0 A20=1 SMM=0 HLT=0
ES =0010 00000000 ffffffff 00cf9300 DPL=0 DS   [-WA]
CS =0008 00000000 ffffffff 00cf9a00 DPL=0 CS32 [-R-]
SS =0010 00000000 ffffffff 00cf9300 DPL=0 DS   [-WA]
DS =0010 00000000 ffffffff 00cf9300 DPL=0 DS   [-WA]
FS =0010 00000000 ffffffff 00cf9300 DPL=0 DS   [-WA]
GS =0010 00000000 ffffffff 00cf9300 DPL=0 DS   [-WA]
LDT=0000 00000000 0000ffff 00008200 DPL=0 LDT
TR =0000 00000000 0000ffff 00008b00 DPL=0 TSS32-busy
GDT=     00108008 00000017
IDT=     00108060 000007ff
CR0=80000011 CR2=00000000 CR3=00000000 CR4=00000000
DR0=00000000 DR1=00000000 DR2=00000000 DR3=00000000 
DR6=ffff0ff0 DR7=00000400
CCS=00000000 CCD=000003e5 CCO=EFLAGS
EFER=0000000000000000
Servicing hardware INT=0x20
   670: v=20 e=0000 i=0 cpl=0 IP=0008:0010117e pc=0010117e SP=0010:d0001fb2 env->regs[R_EAX]=00000742
EAX=00000742 EBX=00000044 ECX=00000404 EDX=0000000c
ESI=000b8000 EDI=00000700 EBP=d0001fbe ESP=d0001fb2
EIP=0010117e EFL=00000202 [-------] CPL=0 II=0 A20=1 SMM=0 HLT=0
ES =0010 00000000 ffffffff 00cf9300 DPL=0 DS   [-WA]
CS =0008 00000000 ffffffff 00cf9a00 DPL=0 CS32 [-R-]
SS =0010 00000000 ffffffff 00cf9300 DPL=0 DS   [-WA]
DS =0010 00000000 ffffffff 00cf9300 DPL=0 DS   [-WA]
FS =0010 00000000 ffffffff 00cf9300 DPL=0 DS   [-WA]
GS =0010 00000000 ffffffff 00cf9300 DPL=0 DS   [-WA]
LDT=0000 00000000 0000ffff 00008200 DPL=0 LDT
TR =0000 00000000 0000ffff 00008b00 DPL=0 TSS32-busy
GDT=     00108008 00000017
IDT=     00108060 000007ff
CR0=80000011 CR2=00000000 CR3=00000000 CR4=00000000
DR0=00000000 DR1=00000000 DR2=00000000 DR3=00000000 
DR6=ffff0ff0 DR7=00000400
CCS=00000000 CCD=00000404 CCO=EFLAGS
EFER=0000000000000000
Servicing hardware INT=0x20
   671: v=20 e=0000 i=0 cpl=0 IP=0008:0010117e pc=0010117e SP=0010:00107fa4 env->regs[R_EAX]=00000730
EAX=00000730 EBX=00000031 ECX=00000211 EDX=00000006
ESI=000b8000 EDI=00000700 EBP=00107fb0 ESP=00107fa4
EIP=0010117e EFL=00000206 [-----P-] CPL=0 II=0 A20=1 SMM=0 HLT=0
ES =0010 00000000 ffffffff 00cf9300 DPL=0 DS   [-WA]
CS =0008 00000000 ffffffff 00cf9a00 DPL=0 CS32 [-R-]
SS =0010 00000000 ffffffff 00cf9300 DPL=0 DS   [-WA]
DS =0010 00000000 ffffffff 00cf9300 DPL=0 DS   [-WA]
FS =0010 00000000 ffffffff 00cf9300 DPL=0 DS   [-WA]
GS =0010 00000000 ffffffff 00cf9300 DPL=0 DS   [-WA]
LDT=0000 00000000 0000ffff 00008200 DPL=0 LDT
TR =0000 00000000 0000ffff 00008b00 DPL=0 TSS32-busy
GDT=     00108008 00000017
IDT=     00108060 000007ff
CR0=80000011 CR2=00000000 CR3=00000000 CR4=00000000
DR0=00000000 DR1=00000000 DR2=00000000 DR3=00000000 
DR6=ffff0ff0 DR7=00000400
CCS=00000004 CCD=00000211 CCO=EFLAGS
EFER=0000000000000000
Servicing hardware INT=0x20
   672: v=20 e=0000 i=0 cpl=0 IP=0008:0010117e pc=0010117e SP=0010:d0000fa9 env->regs[R_EAX]=00000741
EAX=00000741 EBX=00000002 ECX=00000282 EDX=00000008
ESI=000b8000 EDI=00000700 EBP=d0000fb5 ESP=d0000fa9
EIP=0010117e EFL=00000206 [-----P-] CPL=0 II=0 A20=1 SMM=0 HLT=0
ES =0010 00000000 ffffffff 00cf9300 DPL=0 DS   [-WA]
CS =0008 00000000 ffffffff 00cf9a00 DPL=0 CS32 [-R-]
SS =0010 00000000 ffffffff 00cf9300 DPL=0 DS   [-WA]
DS =0010 00000000 ffffffff 00cf9300 DPL=0 DS   [-WA]
FS =0010 00000000 ffffffff 00cf9300 DPL=0 DS   [-WA]
GS =0010 00000000 ffffffff 00cf9300 DPL=0 DS   [-WA]
LDT=0000 00000000 0000ffff 00008200 DPL=0 LDT
TR =0000 00000000 0000ffff 00008b00 DPL=0 TSS32-busy
GDT=     00108008 00000017
IDT=     00108060 000007ff
CR0=80000011 CR2=00000000 CR3=00000000 CR4=00000000
DR0=00000000 DR1=00000000 DR2=00000000 DR3=00000000 
DR6=ffff0ff0 DR7=00000400
CCS=00000004 CCD=00000282 CCO=EFLAGS
EFER=0000000000000000
Servicing hardware INT=0x20
   673: v=20 e=0000 i=0 cpl=0 IP=0008:0010117e pc=0010117e SP=0010:d0001fb2 env->regs[R_EAX]=00000742
EAX=00000742 EBX=0000000c ECX=0000064c EDX=00000014
ESI=000b8000 EDI=00000700 EBP=d0001fbe ESP=d0001fb2
EIP=0010117e EFL=00000202 [-------] CPL=0 II=0 A20=1 SMM=0 HLT=0
ES =0010 00000000 ffffffff 00cf9300 DPL=0 DS   [-WA]
CS =0008 00000000 ffffffff 00cf9a00 DPL=0 CS32 [-R-]
SS =0010 00000000 ffffffff 00cf9300 DPL=0 DS   [-WA]
DS =0010 00000000 ffffffff 00cf9300 DPL=0 DS   [-WA]
FS =0010 00000000 ffffffff 00cf9300 DPL=0 DS   [-WA]
GS =0010 00000000 ffffffff 00cf9300 DPL=0 DS   [-WA]
LDT=0000 00000000 0000ffff 00008200 DPL=0 LDT
TR =0000 00000000 0000ffff 00008b00 DPL=0 TSS32-busy
GDT=     00108008 00000017
IDT=     00108060 000007ff
CR0=80000011 CR2=00000000 CR3=00000000 CR4=00000000
DR0=00000000 DR1=00000000 DR2=00000000 DR3=00000000 
DR6=ffff0ff0 DR7=00000400
CCS=00000000 CCD=0000064c CCO=EFLAGS
EFER=0000000000000000
Servicing hardware INT=0x20
   674: v=20 e=0000 i=0 cpl=0 IP=0008:0010117e pc=0010117e SP=0010:00107fa4 env->regs[R_EAX]=00000730
EAX=00000730 EBX=0000004b ECX=0000063b EDX=00000013
ESI=000b8000 EDI=00000700 EBP=00107fb0 ESP=00107fa4
EIP=0010117e EFL=00000202 [-------] CPL=0 II=0 A20=1 SMM=0 HLT=0
ES =0010 00000000 ffffffff 00cf9300 DPL=0 DS   [-WA]
CS =0008 00000000 ffffffff 00cf9a00 DPL=0 CS32 [-R-]
SS =0010 00000000 ffffffff 00cf9300 DPL=0 DS   [-WA]
DS =0010 00000000 ffffffff 00cf9300 DPL=0 DS   [-WA]
FS =0010 00000000 ffffffff 00cf9300 DPL=0 DS   [-WA]
GS =0010 00000000 ffffffff 00cf9300 DPL=0 DS   [-WA]
LDT=0000 00000000 0000ffff 00008200 DPL=0 LDT
TR =0000 00000000 0000ffff 00008b00 DPL=0 TSS32-busy
GDT=     00108008 00000017
IDT=     00108060 000007ff
CR0=80000011 CR2=00000000 CR3=00000000 CR4=00000000
DR0=00000000 DR1=00000000 DR2=00000000 DR3=00000000 
DR6=ffff0ff0 DR7=00000400
CCS=00000000 CCD=0000063b CCO=EFLAGS
EFER=0000000000000000
Servicing hardware INT=0x20
   675: v=20 e=0000 i=0 cpl=0 IP=0008:0010117e pc=0010117e SP=0010:d0000fa9 env->regs[R_EAX]=00000741
EAX=00000741 EBX=00000002 ECX=00000232 EDX=00000007
ESI=000b8000 EDI=00000700 EBP=d0000fb5 ESP=d0000fa9
EIP=0010117e EFL=00000202 [-------] CPL=0 II=0 A20=1 SMM=0 HLT=0
ES =0010 00000000 ffffffff 00cf9300 DPL=0 DS   [-WA]
CS =0008 00000000 ffffffff 00cf9a00 DPL=0 CS32 [-R-]
SS =0010 00000000 ffffffff 00cf9300 DPL=0 DS   [-WA]
DS =0010 00000000 ffffffff 00cf9300 DPL=0 DS   [-WA]
FS =0010 00000000 ffffffff 00cf9300 DPL=0 DS   [-WA]
GS =0010 00000000 ffffffff 00cf9300 DPL=0 DS   [-WA]
LDT=0000 00000000 0000ffff 00008200 DPL=0 LDT
TR =0000 00000000 0000ffff 00008b00 DPL=0 TSS32-busy
GDT=     00108008 00000017
IDT=     00108060 000007ff
CR0=80000011 CR2=00000000 CR3=00000000 CR4=00000000
DR0=00000000 DR1=00000000 DR2=00000000 DR3=00000000 
DR6=ffff0ff0 DR7=00000400
CCS=00000000 CCD=00000232 CCO=EFLAGS
EFER=0000000000000000
Servicing hardware INT=0x20
   676: v=20 e=0000 i=0 cpl=0 IP=0008:0010117e pc=0010117e SP=0010:d0001fb2 env->regs[R_EAX]=00000742
EAX=00000742 EBX=00000028 ECX=00000168 EDX=00000004
ESI=000b8000 EDI=00000700 EBP=d0001fbe ESP=d0001fb2
EIP=0010117e EFL=00000202 [-------] CPL=0 II=0 A20=1 SMM=0 HLT=0
ES =0010 00000000 ffffffff 00cf9300 DPL=0 DS   [-WA]
CS =0008 00000000 ffffffff 00cf9a00 DPL=0 CS32 [-R-]
SS =0010 00000000 ffffffff 00cf9300 DPL=0 DS   [-WA]
DS =0010 00000000 ffffffff 00cf9300 DPL=0 DS   [-WA]
FS =0010 00000000 ffffffff 00cf9300 DPL=0 DS   [-WA]
GS =0010 00000000 ffffffff 00cf9300 DPL=0 DS   [-WA]
LDT=0000 00000000 0000ffff 00008200 DPL=0 LDT
TR =0000 00000000 0000ffff 00008b00 DPL=0 TSS32-busy
GDT=     00108008 00000017
IDT=     00108060 000007ff
CR0=80000011 CR2=00000000 CR3=00000000 CR4=00000000
DR0=00000000 DR1=00000000 DR2=00000000 DR3=00000000 
DR6=ffff0ff0 DR7=00000400
CCS=00000000 CCD=00000168 CCO=EFLAGS
EFER=0000000000000000
Servicing hardware INT=0x20
   677: v=20 e=0000 i=0 cpl=0 IP=0008:0010117e pc=0010117e SP=0010:00107fa4 env->regs[R_EAX]=00000730
EAX=00000730 EBX=0000001f ECX=0000065f EDX=00000014
ESI=000b8000 EDI=00000700 EBP=00107fb0 ESP=00107fa4
EIP=0010117e EFL=00000206 [-----P-] CPL=0 II=0 A20=1 SMM=0 HLT=0
ES =0010 00000000 ffffffff 00cf9300 DPL=0 DS   [-WA]
CS =0008 00000000 ffffffff 00cf9a00 DPL=0 CS32 [-R-]
SS =0010 00000000 ffffffff 00cf9300 DPL=0 DS   [-WA]
DS =0010 00000000 ffffffff 00cf9300 DPL=0 DS   [-WA]
FS =0010 00000000 ffffffff 00cf9300 DPL=0 DS   [-WA]
GS =0010 00000000 ffffffff 00cf9300 DPL=0 DS   [-WA]
LDT=0000 00000000 0000ffff 00008200 DPL=0 LDT
TR =0000 00000000 0000ffff 00008b00 DPL=0 TSS32-busy
GDT=     00108008 00000017
IDT=     00108060 000007ff
CR0=80000011 CR2=00000000 CR3=00000000 CR4=00000000
DR0=00000000 DR1=00000000 DR2=00000000 DR3=00000000 
DR6=ffff0ff0 DR7=00000400
CCS=00000004 CCD=0000065f CCO=EFLAGS
EFER=0000000000000000
Servicing hardware INT=0x20
   678: v=20 e=0000 i=0 cpl=0 IP=0008:0010117e pc=0010117e SP=0010:d0000fa9 env->regs[R_EAX]=00000741
EAX=00000741 EBX=00000025 ECX=000006b5 EDX=00000015
ESI=000b8000 EDI=00000700 EBP=d0000fb5 ESP=d0000fa9
EIP=0010117e EFL=00000202 [-------] CPL=0 II=0 A20=1 SMM=0 HLT=0
ES =0010 00000000 ffffffff 00cf9300 DPL=0 DS   [-WA]
CS =0008 00000000 ffffffff 00cf9a00 DPL=0 CS32 [-R-]
SS =0010 00000000 ffffffff 00cf9300 DPL=0 DS   [-WA]
DS =0010 00000000 ffffffff 00cf9300 DPL=0 DS   [-WA]
FS =0010 00000000 ffffffff 00cf9300 DPL=0 DS   [-WA]
GS =0010 00000000 ffffffff 00cf9300 DPL=0 DS   [-WA]
LDT=0000 00000000 0000ffff 00008200 DPL=0 LDT
TR =0000 00000000 0000ffff 00008b00 DPL=0 TSS32-busy
GDT=     00108008 00000017
IDT=     00108060 000007ff
CR0=80000011 CR2=00000000 CR3=00000000 CR4=00000000
DR0=00000000 DR1=00000000 DR2=00000000 DR3=00000000 
DR6=ffff0ff0 DR7=00000400
CCS=00000000 CCD=000006b5 CCO=EFLAGS
EFER=0000000000000000
Servicing hardware INT=0x20
   679: v=20 e=0000 i=0 cpl=0 IP=0008:0010117e pc=0010117e SP=0010:d0001fb2 env->regs[R_EAX]=00000742
EAX=00000742 EBX=0000000d ECX=0000073d EDX=00000017
ESI=000b8000 EDI=00000700 EBP=d0001fbe ESP=d0001fb2
EIP=0010117e EFL=00000202 [-------] CPL=0 II=0 A20=1 SMM=0 HLT=0
ES =0010 00000000 ffffffff 00cf9300 DPL=0 DS   [-WA]
CS =0008 00000000 ffffffff 00cf9a00 DPL=0 CS32 [-R-]
SS =0010 00000000 ffffffff 00cf9300 DPL=0 DS   [-WA]
DS =0010 00000000 ffffffff 00cf9300 DPL=0 DS   [-WA]
FS =0010 00000000 ffffffff 00cf9300 DPL=0 DS   [-WA]
GS =0010 00000000 ffffffff 00cf9300 DPL=0 DS   [-WA]
LDT=0000 00000000 0000ffff 00008200 DPL=0 LDT
TR =0000 00000000 0000ffff 00008b00 DPL=0 TSS32-busy
GDT=     00108008 00000017
IDT=     00108060 000007ff
CR0=80000011 CR2=00000000 CR3=00000000 CR4=00000000
DR0=00000000 DR1=00000000 DR2=00000000 DR3=00000000 
DR6=ffff0ff0 DR7=00000400
CCS=00000000 CCD=0000073d CCO=EFLAGS
EFER=0000000000000000
Servicing hardware INT=0x20
   680: v=20 e=0000 i=0 cpl=0 IP=0008:0010117e pc=0010117e SP=0010:00107fa4 env->regs[R_EAX]=00000730
EAX=00000730 EBX=00000018 ECX=000002e8 EDX=00000009
ESI=000b8000 EDI=00000700 EBP=00107fb0 ESP=00107fa4
EIP=0010117e EFL=00000206 [-----P-] CPL=0 II=0 A20=1 SMM=0 HLT=0
ES =0010 00000000 ffffffff 00cf9300 DPL=0 DS   [-WA]
CS =0008 00000000 ffffffff 00cf9a00 DPL=0 CS32 [-R-]
SS =0010 00000000 ffffffff 00cf9300 DPL=0 DS   [-WA]
DS =0010 00000000 ffffffff 00cf9300 DPL=0 DS   [-WA]
FS =0010 00000000 ffffffff 00cf9300 DPL=0 DS   [-WA]
GS =0010 00000000 ffffffff 00cf9300 DPL=0 DS   [-WA]
LDT=0000 00000000 0000ffff 00008200 DPL=0 LDT
TR =0000 00000000 0000ffff 00008b00 DPL=0 TSS32-busy
GDT=     00108008 00000017
IDT=     00108060 000007ff
CR0=80000011 CR2=00000000 CR3=00000000 CR4=00000000
DR0=00000000 DR1=00000000 DR2=00000000 DR3=00000000 
DR6=ffff0ff0 DR7=00000400
CCS=00000004 CCD=000002e8 CCO=EFLAGS
EFER=0000000000000000
Servicing hardware INT=0x20
   681: v=20 e=0000 i=0 cpl=0 IP=0008:0010117e pc=0010117e SP=0010:d0000fa9 env->regs[R_EAX]=00000741
EAX=00000741 EBX=0000000d ECX=0000055d EDX=00000011
ESI=000b8000 EDI=00000700 EBP=d0000fb5 ESP=d0000fa9
EIP=0010117e EFL=00000202 [-------] CPL=0 II=0 A20=1 SMM=0 HLT=0
ES =0010 00000000 ffffffff 00cf9300 DPL=0 DS   [-WA]
CS =0008 00000000 ffffffff 00cf9a00 DPL=0 CS32 [-R-]
SS =0010 00000000 ffffffff 00cf9300 DPL=0 DS   [-WA]
DS =0010 00000000 ffffffff 00cf9300 DPL=0 DS   [-WA]
FS =0010 00000000 ffffffff 00cf9300 DPL=0 DS   [-WA]
GS =0010 00000000 ffffffff 00cf9300 DPL=0 DS   [-WA]
LDT=0000 00000000 0000ffff 00008200 DPL=0 LDT
TR =0000 00000000 0000ffff 00008b00 DPL=0 TSS32-busy
GDT=     00108008 00000017
IDT=     00108060 000007ff
CR0=80000011 CR2=00000000 CR3=00000000 CR4=00000000
DR0=00000000 DR1=00000000 DR2=00000000 DR3=00000000 
DR6=ffff0ff0 DR7=00000400
CCS=00000000 CCD=0000055d CCO=EFLAGS
EFER=0000000000000000
Servicing hardware INT=0x20
   682: v=20 e=0000 i=0 cpl=0 IP=0008:0010117e pc=0010117e SP=0010:d0001fb2 env->regs[R_EAX]=00000742
EAX=00000742 EBX=0000004c ECX=0000063c EDX=00000013
ESI=000b8000 EDI=00000700 EBP=d0001fbe ESP=d0001fb2
EIP=0010117e EFL=00000206 [-----P-] CPL=0 II=0 A20=1 SMM=0 HLT=0
ES =0010 00000000 ffffffff 00cf9300 DPL=0 DS   [-WA]
CS =0008 00000000 ffffffff 00cf9a00 DPL=0 CS32 [-R-]
SS =0010 00000000 ffffffff 00cf9300 DPL=0 DS   [-WA]
DS =0010 00000000 ffffffff 00cf9300 DPL=0 DS   [-WA]
FS =0010 00000000 ffffffff 00cf9300 DPL=0 DS   [-WA]
GS =0010 00000000 ffffffff 00cf9300 DPL=0 DS   [-WA]
LDT=0000 00000000 0000ffff 00008200 DPL=0 LDT
TR =0000 00000000 0000ffff 00008b00 DPL=0 TSS32-busy
GDT=     00108008 00000017
IDT=     00108060 000007ff
CR0=80000011 CR2=00000000 CR3=00000000 CR4=00000000
DR0=00000000 DR1=00000000 DR2=00000000 DR3=00000000 
DR6=ffff0ff0 DR7=00000400
CCS=00000004 CCD=0000063c CCO=EFLAGS
EFER=0000000000000000
Servicing hardware INT=0x20
   683: v=20 e=0000 i=0 cpl=0 IP=0008:0010117e pc=0010117e SP=0010:00107fa4 env->regs[R_EAX]=00000730
EAX=00000730 EBX=0000001e ECX=000005be EDX=00000012
ESI=000b8000 EDI=00000700 EBP=00107fb0 ESP=00107fa4
EIP=0010117e EFL=00000206 [-----P-] CPL=0 II=0 A20=1 SMM=0 HLT=0
ES =0010 00000000 ffffffff 00cf9300 DPL=0 DS   [-WA]
CS =0008 00000000 ffffffff 00cf9a00 DPL=0 CS32 [-R-]
SS =0010 00000000 ffffffff 00cf9300 DPL=0 DS   [-WA]
DS =0010 00000000 ffffffff 00cf9300 DPL=0 DS   [-WA]
FS =0010 00000000 ffffffff 00cf9300 DPL=0 DS   [-WA]
GS =0010 00000000 ffffffff 00cf9300 DPL=0 DS   [-WA]
LDT=0000 00000000 0000ffff 00008200 DPL=0 LDT
TR =0000 00000000 0000ffff 00008b00 DPL=0 TSS32-busy
GDT=     00108008 00000017
IDT=     00108060 000007ff
CR0=80000011 CR2=00000000 CR3=00000000 CR4=00000000
DR0=00000000 DR1=00000000 DR2=00000000 DR3=00000000 
DR6=ffff0ff0 DR7=00000400
CCS=00000004 CCD=000005be CCO=EFLAGS
EFER=0000000000000000
Servicing hardware INT=0x20
   684: v=20 e=0000 i=0 cpl=0 IP=0008:0010117e pc=0010117e SP=0010:d0000fa9 env->regs[R_EAX]=00000741
EAX=00000741 EBX=00000028 ECX=00000578 EDX=00000011
ESI=000b8000 EDI=00000700 EBP=d0000fb5 ESP=d0000fa9
EIP=0010117e EFL=00000206 [-----P-] CPL=0 II=0 A20=1 SMM=0 HLT=0
ES =0010 00000000 ffffffff 00cf9300 DPL=0 DS   [-WA]
CS =0008 00000000 ffffffff 00cf9a00 DPL=0 CS32 [-R-]
SS =0010 00000000 ffffffff 00cf9300 DPL=0 DS   [-WA]
DS =0010 00000000 ffffffff 00cf9300 DPL=0 DS   [-WA]
FS =0010 00000000 ffffffff 00cf9300 DPL=0 DS   [-WA]
GS =0010 00000000 ffffffff 00cf9300 DPL=0 DS   [-WA]
LDT=0000 00000000 0000ffff 00008200 DPL=0 LDT
TR =0000 00000000 0000ffff 00008b00 DPL=0 TSS32-busy
GDT=     00108008 00000017
IDT=     00108060 000007ff
CR0=80000011 CR2=00000000 CR3=00000000 CR4=00000000
DR0=00000000 DR1=00000000 DR2=00000000 DR3=00000000 
DR6=ffff0ff0 DR7=00000400
CCS=00000004 CCD=00000578 CCO=EFLAGS
EFER=0000000000000000
Servicing hardware INT=0x20
   685: v=20 e=0000 i=0 cpl=0 IP=0008:0010117e pc=0010117e SP=0010:d0001fb2 env->regs[R_EAX]=00000742
EAX=00000742 EBX=00000021 ECX=00000251 EDX=00000007
ESI=000b8000 EDI=00000700 EBP=d0001fbe ESP=d0001fb2
EIP=0010117e EFL=00000202 [-------] CPL=0 II=0 A20=1 SMM=0 HLT=0
ES =0010 00000000 ffffffff 00cf9300 DPL=0 DS   [-WA]
CS =0008 00000000 ffffffff 00cf9a00 DPL=0 CS32 [-R-]
SS =0010 00000000 ffffffff 00cf9300 DPL=0 DS   [-WA]
DS =0010 00000000 ffffffff 00cf9300 DPL=0 DS   [-WA]
FS =0010 00000000 ffffffff 00cf9300 DPL=0 DS   [-WA]
GS =0010 00000000 ffffffff 00cf9300 DPL=0 DS   [-WA]
LDT=0000 00000000 0000ffff 00008200 DPL=0 LDT
TR =0000 00000000 0000ffff 00008b00 DPL=0 TSS32-busy
GDT=     00108008 00000017
IDT=     00108060 000007ff
CR0=80000011 CR2=00000000 CR3=00000000 CR4=00000000
DR0=00000000 DR1=00000000 DR2=00000000 DR3=00000000 
DR6=ffff0ff0 DR7=00000400
CCS=00000000 CCD=00000251 CCO=EFLAGS
EFER=0000000000000000
Servicing hardware INT=0x20
   686: v=20 e=0000 i=0 cpl=0 IP=0008:0010117e pc=0010117e SP=0010:00107fa4 env->regs[R_EAX]=00000730
EAX=00000730 EBX=00000003 ECX=00000143 EDX=00000004
ESI=000b8000 EDI=00000700 EBP=00107fb0 ESP=00107fa4
EIP=0010117e EFL=00000202 [-------] CPL=0 II=0 A20=1 SMM=0 HLT=0
ES =0010 00000000 ffffffff 00cf9300 DPL=0 DS   [-WA]
CS =0008 00000000 ffffffff 00cf9a00 DPL=0 CS32 [-R-]
SS =0010 00000000 ffffffff 00cf9300 DPL=0 DS   [-WA]
DS =0010 00000000 ffffffff 00cf9300 DPL=0 DS   [-WA]
FS =0010 00000000 ffffffff 00cf9300 DPL=0 DS   [-WA]
GS =0010 00000000 ffffffff 00cf9300 DPL=0 DS   [-WA]
LDT=0000 00000000 0000ffff 00008200 DPL=0 LDT
TR =0000 00000000 0000ffff 00008b00 DPL=0 TSS32-busy
GDT=     00108008 00000017
IDT=     00108060 000007ff
CR0=80000011 CR2=00000000 CR3=00000000 CR4=00000000
DR0=00000000 DR1=00000000 DR2=00000000 DR3=00000000 
DR6=ffff0ff0 DR7=00000400
CCS=00000000 CCD=00000143 CCO=EFLAGS
EFER=0000000000000000
Servicing hardware INT=0x20
   687: v=20 e=0000 i=0 cpl=0 IP=0008:0010117e pc=0010117e SP=0010:d0000fa9 env->regs[R_EAX]=00000741
EAX=00000741 EBX=00000002 ECX=00000412 EDX=0000000d
ESI=000b8000 EDI=00000700 EBP=d0000fb5 ESP=d0000fa9
EIP=0010117e EFL=00000206 [-----P-] CPL=0 II=0 A20=1 SMM=0 HLT=0
ES =0010 00000000 ffffffff 00cf9300 DPL=0 DS   [-WA]
CS =0008 00000000 ffffffff 00cf9a00 DPL=0 CS32 [-R-]
SS =0010 00000000 ffffffff 00cf9300 DPL=0 DS   [-WA]
DS =0010 00000000 ffffffff 00cf9300 DPL=0 DS   [-WA]
FS =0010 00000000 ffffffff 00cf9300 DPL=0 DS   [-WA]
GS =0010 00000000 ffffffff 00cf9300 DPL=0 DS   [-WA]
LDT=0000 00000000 0000ffff 00008200 DPL=0 LDT
TR =0000 00000000 0000ffff 00008b00 DPL=0 TSS32-busy
GDT=     00108008 00000017
IDT=     00108060 000007ff
CR0=80000011 CR2=00000000 CR3=00000000 CR4=00000000
DR0=00000000 DR1=00000000 DR2=00000000 DR3=00000000 
DR6=ffff0ff0 DR7=00000400
CCS=00000004 CCD=00000412 CCO=EFLAGS
EFER=0000000000000000
Servicing hardware INT=0x20
   688: v=20 e=0000 i=0 cpl=0 IP=0008:0010117e pc=0010117e SP=0010:d0001fb2 env->regs[R_EAX]=00000742
EAX=00000742 EBX=0000003d ECX=0000058d EDX=00000011
ESI=000b8000 EDI=00000700 EBP=d0001fbe ESP=d0001fb2
EIP=0010117e EFL=00000206 [-----P-] CPL=0 II=0 A20=1 SMM=0 HLT=0
ES =0010 00000000 ffffffff 00cf9300 DPL=0 DS   [-WA]
CS =0008 00000000 ffffffff 00cf9a00 DPL=0 CS32 [-R-]
SS =0010 00000000 ffffffff 00cf9300 DPL=0 DS   [-WA]
DS =0010 00000000 ffffffff 00cf9300 DPL=0 DS   [-WA]
FS =0010 00000000 ffffffff 00cf9300 DPL=0 DS   [-WA]
GS =0010 00000000 ffffffff 00cf9300 DPL=0 DS   [-WA]
LDT=0000 00000000 0000ffff 00008200 DPL=0 LDT
TR =0000 00000000 0000ffff 00008b00 DPL=0 TSS32-busy
GDT=     00108008 00000017
IDT=     00108060 000007ff
CR0=80000011 CR2=00000000 CR3=00000000 CR4=00000000
DR0=00000000 DR1=00000000 DR2=00000000 DR3=00000000 
DR6=ffff0ff0 DR7=00000400
CCS=00000004 CCD=0000058d CCO=EFLAGS
EFER=0000000000000000
Servicing hardware INT=0x20
   689: v=20 e=0000 i=0 cpl=0 IP=0008:0010117e pc=0010117e SP=0010:00107fa4 env->regs[R_EAX]=00000730
EAX=00000730 EBX=0000001e ECX=0000033e EDX=0000000a
ESI=000b8000 EDI=00000700 EBP=00107fb0 ESP=00107fa4
EIP=0010117e EFL=00000202 [-------] CPL=0 II=0 A20=1 SMM=0 HLT=0
ES =0010 00000000 ffffffff 00cf9300 DPL=0 DS   [-WA]
CS =0008 00000000 ffffffff 00cf9a00 DPL=0 CS32 [-R-]
SS =0010 00000000 ffffffff 00cf9300 DPL=0 DS   [-WA]
DS =0010 00000000 ffffffff 00cf9300 DPL=0 DS   [-WA]
FS =0010 00000000 ffffffff 00cf9300 DPL=0 DS   [-WA]
GS =0010 00000000 ffffffff 00cf9300 DPL=0 DS   [-WA]
LDT=0000 00000000 0000ffff 00008200 DPL=0 LDT
TR =0000 00000000 0000ffff 00008b00 DPL=0 TSS32-busy
GDT=     00108008 00000017
IDT=     00108060 000007ff
CR0=80000011 CR2=00000000 CR3=00000000 CR4=00000000
DR0=00000000 DR1=00000000 DR2=00000000 DR3=00000000 
DR6=ffff0ff0 DR7=00000400
CCS=00000000 CCD=0000033e CCO=EFLAGS
EFER=0000000000000000
Servicing hardware INT=0x20
   690: v=20 e=0000 i=0 cpl=0 IP=0008:0010117e pc=0010117e SP=0010:d0000fa9 env->regs[R_EAX]=00000741
EAX=00000741 EBX=00000039 ECX=00000219 EDX=00000006
ESI=000b8000 EDI=00000700 EBP=d0000fb5 ESP=d0000fa9
EIP=0010117e EFL=00000202 [-------] CPL=0 II=0 A20=1 SMM=0 HLT=0
ES =0010 00000000 ffffffff 00cf9300 DPL=0 DS   [-WA]
CS =0008 00000000 ffffffff 00cf9a00 DPL=0 CS32 [-R-]
SS =0010 00000000 ffffffff 00cf9300 DPL=0 DS   [-WA]
DS =0010 00000000 ffffffff 00cf9300 DPL=0 DS   [-WA]
FS =0010 00000000 ffffffff 00cf9300 DPL=0 DS   [-WA]
GS =0010 00000000 ffffffff 00cf9300 DPL=0 DS   [-WA]
LDT=0000 00000000 0000ffff 00008200 DPL=0 LDT
TR =0000 00000000 0000ffff 00008b00 DPL=0 TSS32-busy
GDT=     00108008 00000017
IDT=     00108060 000007ff
CR0=80000011 CR2=00000000 CR3=00000000 CR4=00000000
DR0=00000000 DR1=00000000 DR2=00000000 DR3=00000000 
DR6=ffff0ff0 DR7=00000400
CCS=00000000 CCD=00000219 CCO=EFLAGS
EFER=0000000000000000
Servicing hardware INT=0x20
   691: v=20 e=0000 i=0 cpl=0 IP=0008:0010117e pc=0010117e SP=0010:d0001fb2 env->regs[R_EAX]=00000742
EAX=00000742 EBX=0000004b ECX=000004fb EDX=0000000f
ESI=000b8000 EDI=00000700 EBP=d0001fbe ESP=d0001fb2
EIP=0010117e EFL=00000202 [-------] CPL=0 II=0 A20=1 SMM=0 HLT=0
ES =0010 00000000 ffffffff 00cf9300 DPL=0 DS   [-WA]
CS =0008 00000000 ffffffff 00cf9a00 DPL=0 CS32 [-R-]
SS =0010 00000000 ffffffff 00cf9300 DPL=0 DS   [-WA]
DS =0010 00000000 ffffffff 00cf9300 DPL=0 DS   [-WA]
FS =0010 00000000 ffffffff 00cf9300 DPL=0 DS   [-WA]
GS =0010 00000000 ffffffff 00cf9300 DPL=0 DS   [-WA]
LDT=0000 00000000 0000ffff 00008200 DPL=0 LDT
TR =0000 00000000 0000ffff 00008b00 DPL=0 TSS32-busy
GDT=     00108008 00000017
IDT=     00108060 000007ff
CR0=80000011 CR2=00000000 CR3=00000000 CR4=00000000
DR0=00000000 DR1=00000000 DR2=00000000 DR3=00000000 
DR6=ffff0ff0 DR7=00000400
CCS=00000000 CCD=000004fb CCO=EFLAGS
EFER=0000000000000000
Servicing hardware INT=0x20
   692: v=20 e=0000 i=0 cpl=0 IP=0008:0010117e pc=0010117e SP=0010:00107fa4 env->regs[R_EAX]=00000730
EAX=00000730 EBX=0000002b ECX=0000025b EDX=00000007
ESI=000b8000 EDI=00000700 EBP=00107fb0 ESP=00107fa4
EIP=0010117e EFL=00000202 [-------] CPL=0 II=0 A20=1 SMM=0 HLT=0
ES =0010 00000000 ffffffff 00cf9300 DPL=0 DS   [-WA]
CS =0008 00000000 ffffffff 00cf9a00 DPL=0 CS32 [-R-]
SS =0010 00000000 ffffffff 00cf9300 DPL=0 DS   [-WA]
DS =0010 00000000 ffffffff 00cf9300 DPL=0 DS   [-WA]
FS =0010 00000000 ffffffff 00cf9300 DPL=0 DS   [-WA]
GS =0010 00000000 ffffffff 00cf9300 DPL=0 DS   [-WA]
LDT=0000 00000000 0000ffff 00008200 DPL=0 LDT
TR =0000 00000000 0000ffff 00008b00 DPL=0 TSS32-busy
GDT=     00108008 00000017
IDT=     00108060 000007ff
CR0=80000011 CR2=00000000 CR3=00000000 CR4=00000000
DR0=00000000 DR1=00000000 DR2=00000000 DR3=00000000 
DR6=ffff0ff0 DR7=00000400
CCS=00000000 CCD=0000025b CCO=EFLAGS
EFER=0000000000000000
Servicing hardware INT=0x20
   693: v=20 e=0000 i=0 cpl=0 IP=0008:0010117e pc=0010117e SP=0010:d0000fa9 env->regs[R_EAX]=00000741
EAX=00000741 EBX=0000001a ECX=0000079a EDX=00000018
ESI=000b8000 EDI=00000700 EBP=d0000fb5 ESP=d0000fa9
EIP=0010117e EFL=00000206 [-----P-] CPL=0 II=0 A20=1 SMM=0 HLT=0
ES =0010 00000000 ffffffff 00cf9300 DPL=0 DS   [-WA]
CS =0008 00000000 ffffffff 00cf9a00 DPL=0 CS32 [-R-]
SS =0010 00000000 ffffffff 00cf9300 DPL=0 DS   [-WA]
DS =0010 00000000 ffffffff 00cf9300 DPL=0 DS   [-WA]
FS =0010 00000000 ffffffff 00cf9300 DPL=0 DS   [-WA]
GS =0010 00000000 ffffffff 00cf9300 DPL=0 DS   [-WA]
LDT=0000 00000000 0000ffff 00008200 DPL=0 LDT
TR =0000 00000000 0000ffff 00008b00 DPL=0 TSS32-busy
GDT=     00108008 00000017
IDT=     00108060 000007ff
CR0=80000011 CR2=00000000 CR3=00000000 CR4=00000000
DR0=00000000 DR1=00000000 DR2=00000000 DR3=00000000 
DR6=ffff0ff0 DR7=00000400
CCS=00000004 CCD=0000079a CCO=EFLAGS
EFER=0000000000000000
Servicing hardware INT=0x20
   694: v=20 e=0000 i=0 cpl=0 IP=0008:0010117e pc=0010117e SP=0010:d0001fb2 env->regs[R_EAX]=00000742
EAX=00000742 EBX=00000047 ECX=000001d7 EDX=00000005
ESI=000b8000 EDI=00000700 EBP=d0001fbe ESP=d0001fb2
EIP=0010117e EFL=00000206 [-----P-] CPL=0 II=0 A20=1 SMM=0 HLT=0
ES =0010 00000000 ffffffff 00cf9300 DPL=0 DS   [-WA]
CS =0008 00000000 ffffffff 00cf9a00 DPL=0 CS32 [-R-]
SS =0010 00000000 ffffffff 00cf9300 DPL=0 DS   [-WA]
DS =0010 00000000 ffffffff 00cf9300 DPL=0 DS   [-WA]
FS =0010 00000000 ffffffff 00cf9300 DPL=0 DS   [-WA]
GS =0010 00000000 ffffffff 00cf9300 DPL=0 DS   [-WA]
LDT=0000 00000000 0000ffff 00008200 DPL=0 LDT
TR =0000 00000000 0000ffff 00008b00 DPL=0 TSS32-busy
GDT=     00108008 00000017
IDT=     00108060 000007ff
CR0=80000011 CR2=00000000 CR3=00000000 CR4=00000000
DR0=00000000 DR1=00000000 DR2=00000000 DR3=00000000 
DR6=ffff0ff0 DR7=00000400
CCS=00000004 CCD=000001d7 CCO=EFLAGS
EFER=0000000000000000
Servicing hardware INT=0x20
   695: v=20 e=0000 i=0 cpl=0 IP=0008:0010117e pc=0010117e SP=0010:00107fa4 env->regs[R_EAX]=00000730
EAX=00000730 EBX=00000028 ECX=00000118 EDX=00000003
ESI=000b8000 EDI=00000700 EBP=00107fb0 ESP=00107fa4
EIP=0010117e EFL=00000206 [-----P-] CPL=0 II=0 A20=1 SMM=0 HLT=0
ES =0010 00000000 ffffffff 00cf9300 DPL=0 DS   [-WA]
CS =0008 00000000 ffffffff 00cf9a00 DPL=0 CS32 [-R-]
SS =0010 00000000 ffffffff 00cf9300 DPL=0 DS   [-WA]
DS =0010 00000000 ffffffff 00cf9300 DPL=0 DS   [-WA]
FS =0010 00000000 ffffffff 00cf9300 DPL=0 DS   [-WA]
GS =0010 00000000 ffffffff 00cf9300 DPL=0 DS   [-WA]
LDT=0000 00000000 0000ffff 00008200 DPL=0 LDT
TR =0000 00000000 0000ffff 00008b00 DPL=0 TSS32-busy
GDT=     00108008 00000017
IDT=     00108060 000007ff
CR0=80000011 CR2=00000000 CR3=00000000 CR4=00000000
DR0=00000000 DR1=00000000 DR2=00000000 DR3=00000000 
DR6=ffff0ff0 DR7=00000400
CCS=00000004 CCD=00000118 CCO=EFLAGS
EFER=0000000000000000
Servicing hardware INT=0x20
   696: v=20 e=0000 i=0 cpl=0 IP=0008:0010117e pc=0010117e SP=0010:d0000fa9 env->regs[R_EAX]=00000741
EAX=00000741 EBX=0000003c ECX=0000071c EDX=00000016
ESI=000b8000 EDI=00000700 EBP=d0000fb5 ESP=d0000fa9
EIP=0010117e EFL=00000202 [-------] CPL=0 II=0 A20=1 SMM=0 HLT=0
ES =0010 00000000 ffffffff 00cf9300 DPL=0 DS   [-WA]
CS =0008 00000000 ffffffff 00cf9a00 DPL=0 CS32 [-R-]
SS =0010 00000000 ffffffff 00cf9300 DPL=0 DS   [-WA]
DS =0010 00000000 ffffffff 00cf9300 DPL=0 DS   [-WA]
FS =0010 00000000 ffffffff 00cf9300 DPL=0 DS   [-WA]
GS =0010 00000000 ffffffff 00cf9300 DPL=0 DS   [-WA]
LDT=0000 00000000 0000ffff 00008200 DPL=0 LDT
TR =0000 00000000 0000ffff 00008b00 DPL=0 TSS32-busy
GDT=     00108008 00000017
IDT=     00108060 000007ff
CR0=80000011 CR2=00000000 CR3=00000000 CR4=00000000
DR0=00000000 DR1=00000000 DR2=00000000 DR3=00000000 
DR6=ffff0ff0 DR7=00000400
CCS=00000000 CCD=0000071c CCO=EFLAGS
EFER=0000000000000000
Servicing hardware INT=0x20
   697: v=20 e=0000 i=0 cpl=0 IP=0008:0010117e pc=0010117e SP=0010:d0001fb2 env->regs[R_EAX]=00000742
EAX=00000742 EBX=0000001b ECX=0000047b EDX=0000000e
ESI=000b8000 EDI=00000700 EBP=d0001fbe ESP=d0001fb2
EIP=0010117e EFL=00000206 [-----P-] CPL=0 II=0 A20=1 SMM=0 HLT=0
ES =0010 00000000 ffffffff 00cf9300 DPL=0 DS   [-WA]
CS =0008 00000000 ffffffff 00cf9a00 DPL=0 CS32 [-R-]
SS =0010 00000000 ffffffff 00cf9300 DPL=0 DS   [-WA]
DS =0010 00000000 ffffffff 00cf9300 DPL=0 DS   [-WA]
FS =0010 00000000 ffffffff 00cf9300 DPL=0 DS   [-WA]
GS =0010 00000000 ffffffff 00cf9300 DPL=0 DS   [-WA]
LDT=0000 00000000 0000ffff 00008200 DPL=0 LDT
TR =0000 00000000 0000ffff 00008b00 DPL=0 TSS32-busy
GDT=     00108008 00000017
IDT=     00108060 000007ff
CR0=80000011 CR2=00000000 CR3=00000000 CR4=00000000
DR0=00000000 DR1=00000000 DR2=00000000 DR3=00000000 
DR6=ffff0ff0 DR7=00000400
CCS=00000004 CCD=0000047b CCO=EFLAGS
EFER=0000000000000000
Servicing hardware INT=0x20
   698: v=20 e=0000 i=0 cpl=0 IP=0008:0010117e pc=0010117e SP=0010:00107fa4 env->regs[R_EAX]=00000730
EAX=00000730 EBX=00000046 ECX=00000776 EDX=00000017
ESI=000b8000 EDI=00000700 EBP=00107fb0 ESP=00107fa4
EIP=0010117e EFL=00000202 [-------] CPL=0 II=0 A20=1 SMM=0 HLT=0
ES =0010 00000000 ffffffff 00cf9300 DPL=0 DS   [-WA]
CS =0008 00000000 ffffffff 00cf9a00 DPL=0 CS32 [-R-]
SS =0010 00000000 ffffffff 00cf9300 DPL=0 DS   [-WA]
DS =0010 00000000 ffffffff 00cf9300 DPL=0 DS   [-WA]
FS =0010 00000000 ffffffff 00cf9300 DPL=0 DS   [-WA]
GS =0010 00000000 ffffffff 00cf9300 DPL=0 DS   [-WA]
LDT=0000 00000000 0000ffff 00008200 DPL=0 LDT
TR =0000 00000000 0000ffff 00008b00 DPL=0 TSS32-busy
GDT=     00108008 00000017
IDT=     00108060 000007ff
CR0=80000011 CR2=00000000 CR3=00000000 CR4=00000000
DR0=00000000 DR1=00000000 DR2=00000000 DR3=00000000 
DR6=ffff0ff0 DR7=00000400
CCS=00000000 CCD=00000776 CCO=EFLAGS
EFER=0000000000000000
Servicing hardware INT=0x20
   699: v=20 e=0000 i=0 cpl=0 IP=0008:0010117e pc=0010117e SP=0010:d0000fa9 env->regs[R_EAX]=00000741
EAX=00000741 EBX=00000037 ECX=00000497 EDX=0000000e
ESI=000b8000 EDI=00000700 EBP=d0000fb5 ESP=d0000fa9
EIP=0010117e EFL=00000202 [-------] CPL=0 II=0 A20=1 SMM=0 HLT=0
ES =0010 00000000 ffffffff 00cf9300 DPL=0 DS   [-WA]
CS =0008 00000000 ffffffff 00cf9a00 DPL=0 CS32 [-R-]
SS =0010 00000000 ffffffff 00cf9300 DPL=0 DS   [-WA]
DS =0010 00000000 ffffffff 00cf9300 DPL=0 DS   [-WA]
FS =0010 00000000 ffffffff 00cf9300 DPL=0 DS   [-WA]
GS =0010 00000000 ffffffff 00cf9300 DPL=0 DS   [-WA]
LDT=0000 00000000 0000ffff 00008200 DPL=0 LDT
TR =0000 00000000 0000ffff 00008b00 DPL=0 TSS32-busy
GDT=     00108008 00000017
IDT=     00108060 000007ff
CR0=80000011 CR2=00000000 CR3=00000000 CR4=00000000
DR0=00000000 DR1=00000000 DR2=00000000 DR3=00000000 
DR6=ffff0ff0 DR7=00000400
CCS=00000000 CCD=00000497 CCO=EFLAGS
EFER=0000000000000000
Servicing hardware INT=0x20
   700: v=20 e=0000 i=0 cpl=0 IP=0008:0010117e pc=0010117e SP=0010:d0001fb2 env->regs[R_EAX]=00000742
EAX=00000742 EBX=0000002c ECX=000001bc EDX=00000005
ESI=000b8000 EDI=00000700 EBP=d0001fbe ESP=d0001fb2
EIP=0010117e EFL=00000202 [-------] CPL=0 II=0 A20=1 SMM=0 HLT=0
ES =0010 00000000 ffffffff 00cf9300 DPL=0 DS   [-WA]
CS =0008 00000000 ffffffff 00cf9a00 DPL=0 CS32 [-R-]
SS =0010 00000000 ffffffff 00cf9300 DPL=0 DS   [-WA]
DS =0010 00000000 ffffffff 00cf9300 DPL=0 DS   [-WA]
FS =0010 00000000 ffffffff 00cf9300 DPL=0 DS   [-WA]
GS =0010 00000000 ffffffff 00cf9300 DPL=0 DS   [-WA]
LDT=0000 00000000 0000ffff 00008200 DPL=0 LDT
TR =0000 00000000 0000ffff 00008b00 DPL=0 TSS32-busy
GDT=     00108008 00000017
IDT=     00108060 000007ff
CR0=80000011 CR2=00000000 CR3=00000000 CR4=00000000
DR0=00000000 DR1=00000000 DR2=00000000 DR3=00000000 
DR6=ffff0ff0 DR7=00000400
CCS=00000000 CCD=000001bc CCO=EFLAGS
EFER=0000000000000000
Servicing hardware INT=0x20
   701: v=20 e=0000 i=0 cpl=0 IP=0008:0010117e pc=0010117e SP=0010:00107fa4 env->regs[R_EAX]=00000730
EAX=00000730 EBX=00000006 ECX=00000376 EDX=0000000b
ESI=000b8000 EDI=00000700 EBP=00107fb0 ESP=00107fa4
EIP=0010117e EFL=00000202 [-------] CPL=0 II=0 A20=1 SMM=0 HLT=0
ES =0010 00000000 ffffffff 00cf9300 DPL=0 DS   [-WA]
CS =0008 00000000 ffffffff 00cf9a00 DPL=0 CS32 [-R-]
SS =0010 00000000 ffffffff 00cf9300 DPL=0 DS   [-WA]
DS =0010 00000000 ffffffff 00cf9300 DPL=0 DS   [-WA]
FS =0010 00000000 ffffffff 00cf9300 DPL=0 DS   [-WA]
GS =0010 00000000 ffffffff 00cf9300 DPL=0 DS   [-WA]
LDT=0000 00000000 0000ffff 00008200 DPL=0 LDT
TR =0000 00000000 0000ffff 00008b00 DPL=0 TSS32-busy
GDT=     00108008 00000017
IDT=     00108060 000007ff
CR0=80000011 CR2=00000000 CR3=00000000 CR4=00000000
DR0=00000000 DR1=00000000 DR2=00000000 DR3=00000000 
DR6=ffff0ff0 DR7=00000400
CCS=00000000 CCD=00000376 CCO=EFLAGS
EFER=0000000000000000
Servicing hardware INT=0x20
   702: v=20 e=0000 i=0 cpl=0 IP=0008:0010117e pc=0010117e SP=0010:d0000fa9 env->regs[R_EAX]=00000741
EAX=00000741 EBX=00000049 ECX=000004f9 EDX=0000000f
ESI=000b8000 EDI=00000700 EBP=d0000fb5 ESP=d0000fa9
EIP=0010117e EFL=00000206 [-----P-] CPL=0 II=0 A20=1 SMM=0 HLT=0
ES =0010 00000000 ffffffff 00cf9300 DPL=0 DS   [-WA]
CS =0008 00000000 ffffffff 00cf9a00 DPL=0 CS32 [-R-]
SS =0010 00000000 ffffffff 00cf9300 DPL=0 DS   [-WA]
DS =0010 00000000 ffffffff 00cf9300 DPL=0 DS   [-WA]
FS =0010 00000000 ffffffff 00cf9300 DPL=0 DS   [-WA]
GS =0010 00000000 ffffffff 00cf9300 DPL=0 DS   [-WA]
LDT=0000 00000000 0000ffff 00008200 DPL=0 LDT
TR =0000 00000000 0000ffff 00008b00 DPL=0 TSS32-busy
GDT=     00108008 00000017
IDT=     00108060 000007ff
CR0=80000011 CR2=00000000 CR3=00000000 CR4=00000000
DR0=00000000 DR1=00000000 DR2=00000000 DR3=00000000 
DR6=ffff0ff0 DR7=00000400
CCS=00000004 CCD=000004f9 CCO=EFLAGS
EFER=0000000000000000
Servicing hardware INT=0x20
   703: v=20 e=0000 i=0 cpl=0 IP=0008:0010117e pc=0010117e SP=0010:d0001fb2 env->regs[R_EAX]=00000742
EAX=00000742 EBX=00000008 ECX=00000008 EDX=00000000
ESI=000b8000 EDI=00000700 EBP=d0001fbe ESP=d0001fb2
EIP=0010117e EFL=00000202 [-------] CPL=0 II=0 A20=1 SMM=0 HLT=0
ES =0010 00000000 ffffffff 00cf9300 DPL=0 DS   [-WA]
CS =0008 00000000 ffffffff 00cf9a00 DPL=0 CS32 [-R-]
SS =0010 00000000 ffffffff 00cf9300 DPL=0 DS   [-WA]
DS =0010 00000000 ffffffff 00cf9300 DPL=0 DS   [-WA]
FS =0010 00000000 ffffffff 00cf9300 DPL=0 DS   [-WA]
GS =0010 00000000 ffffffff 00cf9300 DPL=0 DS   [-WA]
LDT=0000 00000000 0000ffff 00008200 DPL=0 LDT
TR =0000 00000000 0000ffff 00008b00 DPL=0 TSS32-busy
GDT=     00108008 00000017
IDT=     00108060 000007ff
CR0=80000011 CR2=00000000 CR3=00000000 CR4=00000000
DR0=00000000 DR1=00000000 DR2=00000000 DR3=00000000 
DR6=ffff0ff0 DR7=00000400
CCS=00000000 CCD=00000008 CCO=EFLAGS
EFER=0000000000000000
Servicing hardware INT=0x20
   704: v=20 e=0000 i=0 cpl=0 IP=0008:0010117e pc=0010117e SP=0010:00107fa4 env->regs[R_EAX]=00000730
EAX=00000730 EBX=00000035 ECX=00000355 EDX=0000000a
ESI=000b8000 EDI=00000700 EBP=00107fb0 ESP=00107fa4
EIP=0010117e EFL=00000206 [-----P-] CPL=0 II=0 A20=1 SMM=0 HLT=0
ES =0010 00000000 ffffffff 00cf9300 DPL=0 DS   [-WA]
CS =0008 00000000 ffffffff 00cf9a00 DPL=0 CS32 [-R-]
SS =0010 00000000 ffffffff 00cf9300 DPL=0 DS   [-WA]
DS =0010 00000000 ffffffff 00cf9300 DPL=0 DS   [-WA]
FS =0010 00000000 ffffffff 00cf9300 DPL=0 DS   [-WA]
GS =0010 00000000 ffffffff 00cf9300 DPL=0 DS   [-WA]
LDT=0000 00000000 0000ffff 00008200 DPL=0 LDT
TR =0000 00000000 0000ffff 00008b00 DPL=0 TSS32-busy
GDT=     00108008 00000017
IDT=     00108060 000007ff
CR0=80000011 CR2=00000000 CR3=00000000 CR4=00000000
DR0=00000000 DR1=00000000 DR2=00000000 DR3=00000000 
DR6=ffff0ff0 DR7=00000400
CCS=00000004 CCD=00000355 CCO=EFLAGS
EFER=0000000000000000
Servicing hardware INT=0x20
   705: v=20 e=0000 i=0 cpl=0 IP=0008:0010117e pc=0010117e SP=0010:d0000fa9 env->regs[R_EAX]=00000741
EAX=00000741 EBX=00000012 ECX=00000152 EDX=00000004
ESI=000b8000 EDI=00000700 EBP=d0000fb5 ESP=d0000fa9
EIP=0010117e EFL=00000202 [-------] CPL=0 II=0 A20=1 SMM=0 HLT=0
ES =0010 00000000 ffffffff 00cf9300 DPL=0 DS   [-WA]
CS =0008 00000000 ffffffff 00cf9a00 DPL=0 CS32 [-R-]
SS =0010 00000000 ffffffff 00cf9300 DPL=0 DS   [-WA]
DS =0010 00000000 ffffffff 00cf9300 DPL=0 DS   [-WA]
FS =0010 00000000 ffffffff 00cf9300 DPL=0 DS   [-WA]
GS =0010 00000000 ffffffff 00cf9300 DPL=0 DS   [-WA]
LDT=0000 00000000 0000ffff 00008200 DPL=0 LDT
TR =0000 00000000 0000ffff 00008b00 DPL=0 TSS32-busy
GDT=     00108008 00000017
IDT=     00108060 000007ff
CR0=80000011 CR2=00000000 CR3=00000000 CR4=00000000
DR0=00000000 DR1=00000000 DR2=00000000 DR3=00000000 
DR6=ffff0ff0 DR7=00000400
CCS=00000000 CCD=00000152 CCO=EFLAGS
EFER=0000000000000000
Servicing hardware INT=0x20
   706: v=20 e=0000 i=0 cpl=0 IP=0008:0010117e pc=0010117e SP=0010:d0001fb2 env->regs[R_EAX]=00000742
EAX=00000742 EBX=0000004b ECX=000004ab EDX=0000000e
ESI=000b8000 EDI=00000700 EBP=d0001fbe ESP=d0001fb2
EIP=0010117e EFL=00000202 [-------] CPL=0 II=0 A20=1 SMM=0 HLT=0
ES =0010 00000000 ffffffff 00cf9300 DPL=0 DS   [-WA]
CS =0008 00000000 ffffffff 00cf9a00 DPL=0 CS32 [-R-]
SS =0010 00000000 ffffffff 00cf9300 DPL=0 DS   [-WA]
DS =0010 00000000 ffffffff 00cf9300 DPL=0 DS   [-WA]
FS =0010 00000000 ffffffff 00cf9300 DPL=0 DS   [-WA]
GS =0010 00000000 ffffffff 00cf9300 DPL=0 DS   [-WA]
LDT=0000 00000000 0000ffff 00008200 DPL=0 LDT
TR =0000 00000000 0000ffff 00008b00 DPL=0 TSS32-busy
GDT=     00108008 00000017
IDT=     00108060 000007ff
CR0=80000011 CR2=00000000 CR3=00000000 CR4=00000000
DR0=00000000 DR1=00000000 DR2=00000000 DR3=00000000 
DR6=ffff0ff0 DR7=00000400
CCS=00000000 CCD=000004ab CCO=EFLAGS
EFER=0000000000000000
Servicing hardware INT=0x20
   707: v=20 e=0000 i=0 cpl=0 IP=0008:0010117e pc=0010117e SP=0010:00107fa4 env->regs[R_EAX]=00000730
EAX=00000730 EBX=00000029 ECX=00000529 EDX=00000010
ESI=000b8000 EDI=00000700 EBP=00107fb0 ESP=00107fa4
EIP=0010117e EFL=00000202 [-------] CPL=0 II=0 A20=1 SMM=0 HLT=0
ES =0010 00000000 ffffffff 00cf9300 DPL=0 DS   [-WA]
CS =0008 00000000 ffffffff 00cf9a00 DPL=0 CS32 [-R-]
SS =0010 00000000 ffffffff 00cf9300 DPL=0 DS   [-WA]
DS =0010 00000000 ffffffff 00cf9300 DPL=0 DS   [-WA]
FS =0010 00000000 ffffffff 00cf9300 DPL=0 DS   [-WA]
GS =0010 00000000 ffffffff 00cf9300 DPL=0 DS   [-WA]
LDT=0000 00000000 0000ffff 00008200 DPL=0 LDT
TR =0000 00000000 0000ffff 00008b00 DPL=0 TSS32-busy
GDT=     00108008 00000017
IDT=     00108060 000007ff
CR0=80000011 CR2=00000000 CR3=00000000 CR4=00000000
DR0=00000000 DR1=00000000 DR2=00000000 DR3=00000000 
DR6=ffff0ff0 DR7=00000400
CCS=00000000 CCD=00000529 CCO=EFLAGS
EFER=0000000000000000
Servicing hardware INT=0x20
   708: v=20 e=0000 i=0 cpl=0 IP=0008:0010117e pc=0010117e SP=0010:d0000fa9 env->regs[R_EAX]=00000741
EAX=00000741 EBX=00000034 ECX=00000264 EDX=00000007
ESI=000b8000 EDI=00000700 EBP=d0000fb5 ESP=d0000fa9
EIP=0010117e EFL=00000202 [-------] CPL=0 II=0 A20=1 SMM=0 HLT=0
ES =0010 00000000 ffffffff 00cf9300 DPL=0 DS   [-WA]
CS =0008 00000000 ffffffff 00cf9a00 DPL=0 CS32 [-R-]
SS =0010 00000000 ffffffff 00cf9300 DPL=0 DS   [-WA]
DS =0010 00000000 ffffffff 00cf9300 DPL=0 DS   [-WA]
FS =0010 00000000 ffffffff 00cf9300 DPL=0 DS   [-WA]
GS =0010 00000000 ffffffff 00cf9300 DPL=0 DS   [-WA]
LDT=0000 00000000 0000ffff 00008200 DPL=0 LDT
TR =0000 00000000 0000ffff 00008b00 DPL=0 TSS32-busy
GDT=     00108008 00000017
IDT=     00108060 000007ff
CR0=80000011 CR2=00000000 CR3=00000000 CR4=00000000
DR0=00000000 DR1=00000000 DR2=00000000 DR3=00000000 
DR6=ffff0ff0 DR7=00000400
CCS=00000000 CCD=00000264 CCO=EFLAGS
EFER=0000000000000000
Servicing hardware INT=0x20
   709: v=20 e=0000 i=0 cpl=0 IP=0008:0010117e pc=0010117e SP=0010:d0001fb2 env->regs[R_EAX]=00000742
EAX=00000742 EBX=00000025 ECX=000007a5 EDX=00000018
ESI=000b8000 EDI=00000700 EBP=d0001fbe ESP=d0001fb2
EIP=0010117e EFL=00000206 [-----P-] CPL=0 II=0 A20=1 SMM=0 HLT=0
ES =0010 00000000 ffffffff 00cf9300 DPL=0 DS   [-WA]
CS =0008 00000000 ffffffff 00cf9a00 DPL=0 CS32 [-R-]
SS =0010 00000000 ffffffff 00cf9300 DPL=0 DS   [-WA]
DS =0010 00000000 ffffffff 00cf9300 DPL=0 DS   [-WA]
FS =0010 00000000 ffffffff 00cf9300 DPL=0 DS   [-WA]
GS =0010 00000000 ffffffff 00cf9300 DPL=0 DS   [-WA]
LDT=0000 00000000 0000ffff 00008200 DPL=0 LDT
TR =0000 00000000 0000ffff 00008b00 DPL=0 TSS32-busy
GDT=     00108008 00000017
IDT=     00108060 000007ff
CR0=80000011 CR2=00000000 CR3=00000000 CR4=00000000
DR0=00000000 DR1=00000000 DR2=00000000 DR3=00000000 
DR6=ffff0ff0 DR7=00000400
CCS=00000004 CCD=000007a5 CCO=EFLAGS
EFER=0000000000000000
Servicing hardware INT=0x20
   710: v=20 e=0000 i=0 cpl=0 IP=0008:0010117e pc=0010117e SP=0010:00107fa4 env->regs[R_EAX]=00000730
EAX=00000730 EBX=0000004a ECX=0000022a EDX=00000006
ESI=000b8000 EDI=00000700 EBP=00107fb0 ESP=00107fa4
EIP=0010117e EFL=00000202 [-------] CPL=0 II=0 A20=1 SMM=0 HLT=0
ES =0010 00000000 ffffffff 00cf9300 DPL=0 DS   [-WA]
CS =0008 00000000 ffffffff 00cf9a00 DPL=0 CS32 [-R-]
SS =0010 00000000 ffffffff 00cf9300 DPL=0 DS   [-WA]
DS =0010 00000000 ffffffff 00cf9300 DPL=0 DS   [-WA]
FS =0010 00000000 ffffffff 00cf9300 DPL=0 DS   [-WA]
GS =0010 00000000 ffffffff 00cf9300 DPL=0 DS   [-WA]
LDT=0000 00000000 0000ffff 00008200 DPL=0 LDT
TR =0000 00000000 0000ffff 00008b00 DPL=0 TSS32-busy
GDT=     00108008 00000017
IDT=     00108060 000007ff
CR0=80000011 CR2=00000000 CR3=00000000 CR4=00000000
DR0=00000000 DR1=00000000 DR2=00000000 DR3=00000000 
DR6=ffff0ff0 DR7=00000400
CCS=00000000 CCD=0000022a CCO=EFLAGS
EFER=0000000000000000
Servicing hardware INT=0x20
   711: v=20 e=0000 i=0 cpl=0 IP=0008:0010117e pc=0010117e SP=0010:d0000fa9 env->regs[R_EAX]=00000741
EAX=00000741 EBX=0000001d ECX=0000001d EDX=00000000
ESI=000b8000 EDI=00000700 EBP=d0000fb5 ESP=d0000fa9
EIP=0010117e EFL=00000206 [-----P-] CPL=0 II=0 A20=1 SMM=0 HLT=0
ES =0010 00000000 ffffffff 00cf9300 DPL=0 DS   [-WA]
CS =0008 00000000 ffffffff 00cf9a00 DPL=0 CS32 [-R-]
SS =0010 00000000 ffffffff 00cf9300 DPL=0 DS   [-WA]
DS =0010 00000000 ffffffff 00cf9300 DPL=0 DS   [-WA]
FS =0010 00000000 ffffffff 00cf9300 DPL=0 DS   [-WA]
GS =0010 00000000 ffffffff 00cf9300 DPL=0 DS   [-WA]
LDT=0000 00000000 0000ffff 00008200 DPL=0 LDT
TR =0000 00000000 0000ffff 00008b00 DPL=0 TSS32-busy
GDT=     00108008 00000017
IDT=     00108060 000007ff
CR0=80000011 CR2=00000000 CR3=00000000 CR4=00000000
DR0=00000000 DR1=00000000 DR2=00000000 DR3=00000000 
DR6=ffff0ff0 DR7=00000400
CCS=00000004 CCD=0000001d CCO=EFLAGS
EFER=0000000000000000
Servicing hardware INT=0x20
   712: v=20 e=0000 i=0 cpl=0 IP=0008:0010117e pc=0010117e SP=0010:d0001fb2 env->regs[R_EAX]=00000742
EAX=00000742 EBX=0000003a ECX=0000049a EDX=0000000e
ESI=000b8000 EDI=00000700 EBP=d0001fbe ESP=d0001fb2
EIP=0010117e EFL=00000206 [-----P-] CPL=0 II=0 A20=1 SMM=0 HLT=0
ES =0010 00000000 ffffffff 00cf9300 DPL=0 DS   [-WA]
CS =0008 00000000 ffffffff 00cf9a00 DPL=0 CS32 [-R-]
SS =0010 00000000 ffffffff 00cf9300 DPL=0 DS   [-WA]
DS =0010 00000000 ffffffff 00cf9300 DPL=0 DS   [-WA]
FS =0010 00000000 ffffffff 00cf9300 DPL=0 DS   [-WA]
GS =0010 00000000 ffffffff 00cf9300 DPL=0 DS   [-WA]
LDT=0000 00000000 0000ffff 00008200 DPL=0 LDT
TR =0000 00000000 0000ffff 00008b00 DPL=0 TSS32-busy
GDT=     00108008 00000017
IDT=     00108060 000007ff
CR0=80000011 CR2=00000000 CR3=00000000 CR4=00000000
DR0=00000000 DR1=00000000 DR2=00000000 DR3=00000000 
DR6=ffff0ff0 DR7=00000400
CCS=00000004 CCD=0000049a CCO=EFLAGS
EFER=0000000000000000
Servicing hardware INT=0x20
   713: v=20 e=0000 i=0 cpl=0 IP=0008:0010117e pc=0010117e SP=0010:00107fa4 env->regs[R_EAX]=00000730
EAX=00000730 EBX=0000001f ECX=0000029f EDX=00000008
ESI=000b8000 EDI=00000700 EBP=00107fb0 ESP=00107fa4
EIP=0010117e EFL=00000206 [-----P-] CPL=0 II=0 A20=1 SMM=0 HLT=0
ES =0010 00000000 ffffffff 00cf9300 DPL=0 DS   [-WA]
CS =0008 00000000 ffffffff 00cf9a00 DPL=0 CS32 [-R-]
SS =0010 00000000 ffffffff 00cf9300 DPL=0 DS   [-WA]
DS =0010 00000000 ffffffff 00cf9300 DPL=0 DS   [-WA]
FS =0010 00000000 ffffffff 00cf9300 DPL=0 DS   [-WA]
GS =0010 00000000 ffffffff 00cf9300 DPL=0 DS   [-WA]
LDT=0000 00000000 0000ffff 00008200 DPL=0 LDT
TR =0000 00000000 0000ffff 00008b00 DPL=0 TSS32-busy
GDT=     00108008 00000017
IDT=     00108060 000007ff
CR0=80000011 CR2=00000000 CR3=00000000 CR4=00000000
DR0=00000000 DR1=00000000 DR2=00000000 DR3=00000000 
DR6=ffff0ff0 DR7=00000400
CCS=00000004 CCD=0000029f CCO=EFLAGS
EFER=0000000000000000
Servicing hardware INT=0x20
   714: v=20 e=0000 i=0 cpl=0 IP=0008:0010117e pc=0010117e SP=0010:d0000fa9 env->regs[R_EAX]=00000741
EAX=00000741 EBX=00000044 ECX=00000134 EDX=00000003
ESI=000b8000 EDI=00000700 EBP=d0000fb5 ESP=d0000fa9
EIP=0010117e EFL=00000202 [-------] CPL=0 II=0 A20=1 SMM=0 HLT=0
ES =0010 00000000 ffffffff 00cf9300 DPL=0 DS   [-WA]
CS =0008 00000000 ffffffff 00cf9a00 DPL=0 CS32 [-R-]
SS =0010 00000000 ffffffff 00cf9300 DPL=0 DS   [-WA]
DS =0010 00000000 ffffffff 00cf9300 DPL=0 DS   [-WA]
FS =0010 00000000 ffffffff 00cf9300 DPL=0 DS   [-WA]
GS =0010 00000000 ffffffff 00cf9300 DPL=0 DS   [-WA]
LDT=0000 00000000 0000ffff 00008200 DPL=0 LDT
TR =0000 00000000 0000ffff 00008b00 DPL=0 TSS32-busy
GDT=     00108008 00000017
IDT=     00108060 000007ff
CR0=80000011 CR2=00000000 CR3=00000000 CR4=00000000
DR0=00000000 DR1=00000000 DR2=00000000 DR3=00000000 
DR6=ffff0ff0 DR7=00000400
CCS=00000000 CCD=00000134 CCO=EFLAGS
EFER=0000000000000000
Servicing hardware INT=0x20
   715: v=20 e=0000 i=0 cpl=0 IP=0008:0010117e pc=0010117e SP=0010:d0001fb2 env->regs[R_EAX]=00000742
EAX=00000742 EBX=0000002f ECX=0000066f EDX=00000014
ESI=000b8000 EDI=00000700 EBP=d0001fbe ESP=d0001fb2
EIP=0010117e EFL=00000206 [-----P-] CPL=0 II=0 A20=1 SMM=0 HLT=0
ES =0010 00000000 ffffffff 00cf9300 DPL=0 DS   [-WA]
CS =0008 00000000 ffffffff 00cf9a00 DPL=0 CS32 [-R-]
SS =0010 00000000 ffffffff 00cf9300 DPL=0 DS   [-WA]
DS =0010 00000000 ffffffff 00cf9300 DPL=0 DS   [-WA]
FS =0010 00000000 ffffffff 00cf9300 DPL=0 DS   [-WA]
GS =0010 00000000 ffffffff 00cf9300 DPL=0 DS   [-WA]
LDT=0000 00000000 0000ffff 00008200 DPL=0 LDT
TR =0000 00000000 0000ffff 00008b00 DPL=0 TSS32-busy
GDT=     00108008 00000017
IDT=     00108060 000007ff
CR0=80000011 CR2=00000000 CR3=00000000 CR4=00000000
DR0=00000000 DR1=00000000 DR2=00000000 DR3=00000000 
DR6=ffff0ff0 DR7=00000400
CCS=00000004 CCD=0000066f CCO=EFLAGS
EFER=0000000000000000
Servicing hardware INT=0x20
   716: v=20 e=0000 i=0 cpl=0 IP=0008:0010117e pc=0010117e SP=0010:00107fa4 env->regs[R_EAX]=00000730
EAX=00000730 EBX=00000015 ECX=00000605 EDX=00000013
ESI=000b8000 EDI=00000700 EBP=00107fb0 ESP=00107fa4
EIP=0010117e EFL=00000206 [-----P-] CPL=0 II=0 A20=1 SMM=0 HLT=0
ES =0010 00000000 ffffffff 00cf9300 DPL=0 DS   [-WA]
CS =0008 00000000 ffffffff 00cf9a00 DPL=0 CS32 [-R-]
SS =0010 00000000 ffffffff 00cf9300 DPL=0 DS   [-WA]
DS =0010 00000000 ffffffff 00cf9300 DPL=0 DS   [-WA]
FS =0010 00000000 ffffffff 00cf9300 DPL=0 DS   [-WA]
GS =0010 00000000 ffffffff 00cf9300 DPL=0 DS   [-WA]
LDT=0000 00000000 0000ffff 00008200 DPL=0 LDT
TR =0000 00000000 0000ffff 00008b00 DPL=0 TSS32-busy
GDT=     00108008 00000017
IDT=     00108060 000007ff
CR0=80000011 CR2=00000000 CR3=00000000 CR4=00000000
DR0=00000000 DR1=00000000 DR2=00000000 DR3=00000000 
DR6=ffff0ff0 DR7=00000400
CCS=00000004 CCD=00000605 CCO=EFLAGS
EFER=0000000000000000
Servicing hardware INT=0x20
   717: v=20 e=0000 i=0 cpl=0 IP=0008:0010117e pc=0010117e SP=0010:d0000fa9 env->regs[R_EAX]=00000741
EAX=00000741 EBX=0000001d ECX=000006fd EDX=00000016
ESI=000b8000 EDI=00000700 EBP=d0000fb5 ESP=d0000fa9
EIP=0010117e EFL=00000202 [-------] CPL=0 II=0 A20=1 SMM=0 HLT=0
ES =0010 00000000 ffffffff 00cf9300 DPL=0 DS   [-WA]
CS =0008 00000000 ffffffff 00cf9a00 DPL=0 CS32 [-R-]
SS =0010 00000000 ffffffff 00cf9300 DPL=0 DS   [-WA]
DS =0010 00000000 ffffffff 00cf9300 DPL=0 DS   [-WA]
FS =0010 00000000 ffffffff 00cf9300 DPL=0 DS   [-WA]
GS =0010 00000000 ffffffff 00cf9300 DPL=0 DS   [-WA]
LDT=0000 00000000 0000ffff 00008200 DPL=0 LDT
TR =0000 00000000 0000ffff 00008b00 DPL=0 TSS32-busy
GDT=     00108008 00000017
IDT=     00108060 000007ff
CR0=80000011 CR2=00000000 CR3=00000000 CR4=00000000
DR0=00000000 DR1=00000000 DR2=00000000 DR3=00000000 
DR6=ffff0ff0 DR7=00000400
CCS=00000000 CCD=000006fd CCO=EFLAGS
EFER=0000000000000000
Servicing hardware INT=0x20
   718: v=20 e=0000 i=0 cpl=0 IP=0008:0010117e pc=0010117e SP=0010:d0001fb2 env->regs[R_EAX]=00000742
EAX=00000742 EBX=0000004d ECX=0000040d EDX=0000000c
ESI=000b8000 EDI=00000700 EBP=d0001fbe ESP=d0001fb2
EIP=0010117e EFL=00000202 [-------] CPL=0 II=0 A20=1 SMM=0 HLT=0
ES =0010 00000000 ffffffff 00cf9300 DPL=0 DS   [-WA]
CS =0008 00000000 ffffffff 00cf9a00 DPL=0 CS32 [-R-]
SS =0010 00000000 ffffffff 00cf9300 DPL=0 DS   [-WA]
DS =0010 00000000 ffffffff 00cf9300 DPL=0 DS   [-WA]
FS =0010 00000000 ffffffff 00cf9300 DPL=0 DS   [-WA]
GS =0010 00000000 ffffffff 00cf9300 DPL=0 DS   [-WA]
LDT=0000 00000000 0000ffff 00008200 DPL=0 LDT
TR =0000 00000000 0000ffff 00008b00 DPL=0 TSS32-busy
GDT=     00108008 00000017
IDT=     00108060 000007ff
CR0=80000011 CR2=00000000 CR3=00000000 CR4=00000000
DR0=00000000 DR1=00000000 DR2=00000000 DR3=00000000 
DR6=ffff0ff0 DR7=00000400
CCS=00000000 CCD=0000040d CCO=EFLAGS
EFER=0000000000000000
Servicing hardware INT=0x20
   719: v=20 e=0000 i=0 cpl=0 IP=0008:0010117e pc=0010117e SP=0010:00107fa4 env->regs[R_EAX]=00000730
EAX=00000730 EBX=00000015 ECX=00000105 EDX=00000003
ESI=000b8000 EDI=00000700 EBP=00107fb0 ESP=00107fa4
EIP=0010117e EFL=00000206 [-----P-] CPL=0 II=0 A20=1 SMM=0 HLT=0
ES =0010 00000000 ffffffff 00cf9300 DPL=0 DS   [-WA]
CS =0008 00000000 ffffffff 00cf9a00 DPL=0 CS32 [-R-]
SS =0010 00000000 ffffffff 00cf9300 DPL=0 DS   [-WA]
DS =0010 00000000 ffffffff 00cf9300 DPL=0 DS   [-WA]
FS =0010 00000000 ffffffff 00cf9300 DPL=0 DS   [-WA]
GS =0010 00000000 ffffffff 00cf9300 DPL=0 DS   [-WA]
LDT=0000 00000000 0000ffff 00008200 DPL=0 LDT
TR =0000 00000000 0000ffff 00008b00 DPL=0 TSS32-busy
GDT=     00108008 00000017
IDT=     00108060 000007ff
CR0=80000011 CR2=00000000 CR3=00000000 CR4=00000000
DR0=00000000 DR1=00000000 DR2=00000000 DR3=00000000 
DR6=ffff0ff0 DR7=00000400
CCS=00000004 CCD=00000105 CCO=EFLAGS
EFER=0000000000000000
Servicing hardware INT=0x20
   720: v=20 e=0000 i=0 cpl=0 IP=0008:0010117e pc=0010117e SP=0010:d0000fa9 env->regs[R_EAX]=00000741
EAX=00000741 EBX=0000002f ECX=000002af EDX=00000008
ESI=000b8000 EDI=00000700 EBP=d0000fb5 ESP=d0000fa9
EIP=0010117e EFL=00000206 [-----P-] CPL=0 II=0 A20=1 SMM=0 HLT=0
ES =0010 00000000 ffffffff 00cf9300 DPL=0 DS   [-WA]
CS =0008 00000000 ffffffff 00cf9a00 DPL=0 CS32 [-R-]
SS =0010 00000000 ffffffff 00cf9300 DPL=0 DS   [-WA]
DS =0010 00000000 ffffffff 00cf9300 DPL=0 DS   [-WA]
FS =0010 00000000 ffffffff 00cf9300 DPL=0 DS   [-WA]
GS =0010 00000000 ffffffff 00cf9300 DPL=0 DS   [-WA]
LDT=0000 00000000 0000ffff 00008200 DPL=0 LDT
TR =0000 00000000 0000ffff 00008b00 DPL=0 TSS32-busy
GDT=     00108008 00000017
IDT=     00108060 000007ff
CR0=80000011 CR2=00000000 CR3=00000000 CR4=00000000
DR0=00000000 DR1=00000000 DR2=00000000 DR3=00000000 
DR6=ffff0ff0 DR7=00000400
CCS=00000004 CCD=000002af CCO=EFLAGS
EFER=0000000000000000
Servicing hardware INT=0x20
   721: v=20 e=0000 i=0 cpl=0 IP=0008:0010117e pc=0010117e SP=0010:d0001fb2 env->regs[R_EAX]=00000742
EAX=00000742 EBX=0000003e ECX=0000049e EDX=0000000e
ESI=000b8000 EDI=00000700 EBP=d0001fbe ESP=d0001fb2
EIP=0010117e EFL=00000202 [-------] CPL=0 II=0 A20=1 SMM=0 HLT=0
ES =0010 00000000 ffffffff 00cf9300 DPL=0 DS   [-WA]
CS =0008 00000000 ffffffff 00cf9a00 DPL=0 CS32 [-R-]
SS =0010 00000000 ffffffff 00cf9300 DPL=0 DS   [-WA]
DS =0010 00000000 ffffffff 00cf9300 DPL=0 DS   [-WA]
FS =0010 00000000 ffffffff 00cf9300 DPL=0 DS   [-WA]
GS =0010 00000000 ffffffff 00cf9300 DPL=0 DS   [-WA]
LDT=0000 00000000 0000ffff 00008200 DPL=0 LDT
TR =0000 00000000 0000ffff 00008b00 DPL=0 TSS32-busy
GDT=     00108008 00000017
IDT=     00108060 000007ff
CR0=80000011 CR2=00000000 CR3=00000000 CR4=00000000
DR0=00000000 DR1=00000000 DR2=00000000 DR3=00000000 
DR6=ffff0ff0 DR7=00000400
CCS=00000000 CCD=0000049e CCO=EFLAGS
EFER=0000000000000000
Servicing hardware INT=0x20
   722: v=20 e=0000 i=0 cpl=0 IP=0008:0010117e pc=0010117e SP=0010:00107fa4 env->regs[R_EAX]=00000730
EAX=00000730 EBX=0000000c ECX=000004bc EDX=0000000f
ESI=000b8000 EDI=00000700 EBP=00107fb0 ESP=00107fa4
EIP=0010117e EFL=00000202 [-------] CPL=0 II=0 A20=1 SMM=0 HLT=0
ES =0010 00000000 ffffffff 00cf9300 DPL=0 DS   [-WA]
CS =0008 00000000 ffffffff 00cf9a00 DPL=0 CS32 [-R-]
SS =0010 00000000 ffffffff 00cf9300 DPL=0 DS   [-WA]
DS =0010 00000000 ffffffff 00cf9300 DPL=0 DS   [-WA]
FS =0010 00000000 ffffffff 00cf9300 DPL=0 DS   [-WA]
GS =0010 00000000 ffffffff 00cf9300 DPL=0 DS   [-WA]
LDT=0000 00000000 0000ffff 00008200 DPL=0 LDT
TR =0000 00000000 0000ffff 00008b00 DPL=0 TSS32-busy
GDT=     00108008 00000017
IDT=     00108060 000007ff
CR0=80000011 CR2=00000000 CR3=00000000 CR4=00000000
DR0=00000000 DR1=00000000 DR2=00000000 DR3=00000000 
DR6=ffff0ff0 DR7=00000400
CCS=00000000 CCD=000004bc CCO=EFLAGS
EFER=0000000000000000
Servicing hardware INT=0x20
   723: v=20 e=0000 i=0 cpl=0 IP=0008:0010117e pc=0010117e SP=0010:d0000fa9 env->regs[R_EAX]=00000741
EAX=00000741 EBX=00000030 ECX=00000760 EDX=00000017
ESI=000b8000 EDI=00000700 EBP=d0000fb5 ESP=d0000fa9
EIP=0010117e EFL=00000206 [-----P-] CPL=0 II=0 A20=1 SMM=0 HLT=0
ES =0010 00000000 ffffffff 00cf9300 DPL=0 DS   [-WA]
CS =0008 00000000 ffffffff 00cf9a00 DPL=0 CS32 [-R-]
SS =0010 00000000 ffffffff 00cf9300 DPL=0 DS   [-WA]
DS =0010 00000000 ffffffff 00cf9300 DPL=0 DS   [-WA]
FS =0010 00000000 ffffffff 00cf9300 DPL=0 DS   [-WA]
GS =0010 00000000 ffffffff 00cf9300 DPL=0 DS   [-WA]
LDT=0000 00000000 0000ffff 00008200 DPL=0 LDT
TR =0000 00000000 0000ffff 00008b00 DPL=0 TSS32-busy
GDT=     00108008 00000017
IDT=     00108060 000007ff
CR0=80000011 CR2=00000000 CR3=00000000 CR4=00000000
DR0=00000000 DR1=00000000 DR2=00000000 DR3=00000000 
DR6=ffff0ff0 DR7=00000400
CCS=00000004 CCD=00000760 CCO=EFLAGS
EFER=0000000000000000
Servicing hardware INT=0x20
   724: v=20 e=0000 i=0 cpl=0 IP=0008:0010117e pc=0010117e SP=0010:d0001fb2 env->regs[R_EAX]=00000742
EAX=00000742 EBX=00000017 ECX=000006a7 EDX=00000015
ESI=000b8000 EDI=00000700 EBP=d0001fbe ESP=d0001fb2
EIP=0010117e EFL=00000202 [-------] CPL=0 II=0 A20=1 SMM=0 HLT=0
ES =0010 00000000 ffffffff 00cf9300 DPL=0 DS   [-WA]
CS =0008 00000000 ffffffff 00cf9a00 DPL=0 CS32 [-R-]
SS =0010 00000000 ffffffff 00cf9300 DPL=0 DS   [-WA]
DS =0010 00000000 ffffffff 00cf9300 DPL=0 DS   [-WA]
FS =0010 00000000 ffffffff 00cf9300 DPL=0 DS   [-WA]
GS =0010 00000000 ffffffff 00cf9300 DPL=0 DS   [-WA]
LDT=0000 00000000 0000ffff 00008200 DPL=0 LDT
TR =0000 00000000 0000ffff 00008b00 DPL=0 TSS32-busy
GDT=     00108008 00000017
IDT=     00108060 000007ff
CR0=80000011 CR2=00000000 CR3=00000000 CR4=00000000
DR0=00000000 DR1=00000000 DR2=00000000 DR3=00000000 
DR6=ffff0ff0 DR7=00000400
CCS=00000000 CCD=000006a7 CCO=EFLAGS
EFER=0000000000000000
Servicing hardware INT=0x20
   725: v=20 e=0000 i=0 cpl=0 IP=0008:0010117e pc=0010117e SP=0010:00107fa4 env->regs[R_EAX]=00000730
EAX=00000730 EBX=00000025 ECX=00000115 EDX=00000003
ESI=000b8000 EDI=00000700 EBP=00107fb0 ESP=00107fa4
EIP=0010117e EFL=00000202 [-------] CPL=0 II=0 A20=1 SMM=0 HLT=0
ES =0010 00000000 ffffffff 00cf9300 DPL=0 DS   [-WA]
CS =0008 00000000 ffffffff 00cf9a00 DPL=0 CS32 [-R-]
SS =0010 00000000 ffffffff 00cf9300 DPL=0 DS   [-WA]
DS =0010 00000000 ffffffff 00cf9300 DPL=0 DS   [-WA]
FS =0010 00000000 ffffffff 00cf9300 DPL=0 DS   [-WA]
GS =0010 00000000 ffffffff 00cf9300 DPL=0 DS   [-WA]
LDT=0000 00000000 0000ffff 00008200 DPL=0 LDT
TR =0000 00000000 0000ffff 00008b00 DPL=0 TSS32-busy
GDT=     00108008 00000017
IDT=     00108060 000007ff
CR0=80000011 CR2=00000000 CR3=00000000 CR4=00000000
DR0=00000000 DR1=00000000 DR2=00000000 DR3=00000000 
DR6=ffff0ff0 DR7=00000400
CCS=00000000 CCD=00000115 CCO=EFLAGS
EFER=0000000000000000
Servicing hardware INT=0x20
   726: v=20 e=0000 i=0 cpl=0 IP=0008:0010117e pc=0010117e SP=0010:d0000fa9 env->regs[R_EAX]=00000741
EAX=00000741 EBX=0000004e ECX=0000054e EDX=00000010
ESI=000b8000 EDI=00000700 EBP=d0000fb5 ESP=d0000fa9
EIP=0010117e EFL=00000206 [-----P-] CPL=0 II=0 A20=1 SMM=0 HLT=0
ES =0010 00000000 ffffffff 00cf9300 DPL=0 DS   [-WA]
CS =0008 00000000 ffffffff 00cf9a00 DPL=0 CS32 [-R-]
SS =0010 00000000 ffffffff 00cf9300 DPL=0 DS   [-WA]
DS =0010 00000000 ffffffff 00cf9300 DPL=0 DS   [-WA]
FS =0010 00000000 ffffffff 00cf9300 DPL=0 DS   [-WA]
GS =0010 00000000 ffffffff 00cf9300 DPL=0 DS   [-WA]
LDT=0000 00000000 0000ffff 00008200 DPL=0 LDT
TR =0000 00000000 0000ffff 00008b00 DPL=0 TSS32-busy
GDT=     00108008 00000017
IDT=     00108060 000007ff
CR0=80000011 CR2=00000000 CR3=00000000 CR4=00000000
DR0=00000000 DR1=00000000 DR2=00000000 DR3=00000000 
DR6=ffff0ff0 DR7=00000400
CCS=00000004 CCD=0000054e CCO=EFLAGS
EFER=0000000000000000
Servicing hardware INT=0x20
   727: v=20 e=0000 i=0 cpl=0 IP=0008:0010117e pc=0010117e SP=0010:d0001fb2 env->regs[R_EAX]=00000742
EAX=00000742 EBX=0000003a ECX=0000021a EDX=00000006
ESI=000b8000 EDI=00000700 EBP=d0001fbe ESP=d0001fb2
EIP=0010117e EFL=00000202 [-------] CPL=0 II=0 A20=1 SMM=0 HLT=0
ES =0010 00000000 ffffffff 00cf9300 DPL=0 DS   [-WA]
CS =0008 00000000 ffffffff 00cf9a00 DPL=0 CS32 [-R-]
SS =0010 00000000 ffffffff 00cf9300 DPL=0 DS   [-WA]
DS =0010 00000000 ffffffff 00cf9300 DPL=0 DS   [-WA]
FS =0010 00000000 ffffffff 00cf9300 DPL=0 DS   [-WA]
GS =0010 00000000 ffffffff 00cf9300 DPL=0 DS   [-WA]
LDT=0000 00000000 0000ffff 00008200 DPL=0 LDT
TR =0000 00000000 0000ffff 00008b00 DPL=0 TSS32-busy
GDT=     00108008 00000017
IDT=     00108060 000007ff
CR0=80000011 CR2=00000000 CR3=00000000 CR4=00000000
DR0=00000000 DR1=00000000 DR2=00000000 DR3=00000000 
DR6=ffff0ff0 DR7=00000400
CCS=00000000 CCD=0000021a CCO=EFLAGS
EFER=0000000000000000
Servicing hardware INT=0x21
   728: v=21 e=0000 i=0 cpl=0 IP=0008:0010117e pc=0010117e SP=0010:00107fa4 env->regs[R_EAX]=00000730
EAX=00000730 EBX=00000013 ECX=000001f3 EDX=00000006
ESI=000b8000 EDI=00000700 EBP=00107fb0 ESP=00107fa4
EIP=0010117e EFL=00000206 [-----P-] CPL=0 II=0 A20=1 SMM=0 HLT=0
ES =0010 00000000 ffffffff 00cf9300 DPL=0 DS   [-WA]
CS =0008 00000000 ffffffff 00cf9a00 DPL=0 CS32 [-R-]
SS =0010 00000000 ffffffff 00cf9300 DPL=0 DS   [-WA]
DS =0010 00000000 ffffffff 00cf9300 DPL=0 DS   [-WA]
FS =0010 00000000 ffffffff 00cf9300 DPL=0 DS   [-WA]
GS =0010 00000000 ffffffff 00cf9300 DPL=0 DS   [-WA]
LDT=0000 00000000 0000ffff 00008200 DPL=0 LDT
TR =0000 00000000 0000ffff 00008b00 DPL=0 TSS32-busy
GDT=     00108008 00000017
IDT=     00108060 000007ff
CR0=80000011 CR2=00000000 CR3=00000000 CR4=00000000
DR0=00000000 DR1=00000000 DR2=00000000 DR3=00000000 
DR6=ffff0ff0 DR7=00000400
CCS=00000013 CCD=000001f3 CCO=ADDL
EFER=0000000000000000
Servicing hardware INT=0x20
   729: v=20 e=0000 i=0 cpl=0 IP=0008:0010117e pc=0010117e SP=0010:00107fa4 env->regs[R_EAX]=00000730
EAX=00000730 EBX=00000036 ECX=000002b6 EDX=00000008
ESI=000b8000 EDI=00000700 EBP=00107fb0 ESP=00107fa4
EIP=0010117e EFL=00000202 [-------] CPL=0 II=0 A20=1 SMM=0 HLT=0
ES =0010 00000000 ffffffff 00cf9300 DPL=0 DS   [-WA]
CS =0008 00000000 ffffffff 00cf9a00 DPL=0 CS32 [-R-]
SS =0010 00000000 ffffffff 00cf9300 DPL=0 DS   [-WA]
DS =0010 00000000 ffffffff 00cf9300 DPL=0 DS   [-WA]
FS =0010 00000000 ffffffff 00cf9300 DPL=0 DS   [-WA]
GS =0010 00000000 ffffffff 00cf9300 DPL=0 DS   [-WA]
LDT=0000 00000000 0000ffff 00008200 DPL=0 LDT
TR =0000 00000000 0000ffff 00008b00 DPL=0 TSS32-busy
GDT=     00108008 00000017
IDT=     00108060 000007ff
CR0=80000011 CR2=00000000 CR3=00000000 CR4=00000000
DR0=00000000 DR1=00000000 DR2=00000000 DR3=00000000 
DR6=ffff0ff0 DR7=00000400
CCS=00000000 CCD=000002b6 CCO=EFLAGS
EFER=0000000000000000
Servicing hardware INT=0x20
   730: v=20 e=0000 i=0 cpl=0 IP=0008:0010117e pc=0010117e SP=0010:d0000fa9 env->regs[R_EAX]=00000741
EAX=00000741 EBX=00000007 ECX=000000a7 EDX=00000002
ESI=000b8000 EDI=00000700 EBP=d0000fb5 ESP=d0000fa9
EIP=0010117e EFL=00000202 [-------] CPL=0 II=0 A20=1 SMM=0 HLT=0
ES =0010 00000000 ffffffff 00cf9300 DPL=0 DS   [-WA]
CS =0008 00000000 ffffffff 00cf9a00 DPL=0 CS32 [-R-]
SS =0010 00000000 ffffffff 00cf9300 DPL=0 DS   [-WA]
DS =0010 00000000 ffffffff 00cf9300 DPL=0 DS   [-WA]
FS =0010 00000000 ffffffff 00cf9300 DPL=0 DS   [-WA]
GS =0010 00000000 ffffffff 00cf9300 DPL=0 DS   [-WA]
LDT=0000 00000000 0000ffff 00008200 DPL=0 LDT
TR =0000 00000000 0000ffff 00008b00 DPL=0 TSS32-busy
GDT=     00108008 00000017
IDT=     00108060 000007ff
CR0=80000011 CR2=00000000 CR3=00000000 CR4=00000000
DR0=00000000 DR1=00000000 DR2=00000000 DR3=00000000 
DR6=ffff0ff0 DR7=00000400
CCS=00000000 CCD=000000a7 CCO=EFLAGS
EFER=0000000000000000
Servicing hardware INT=0x20
   731: v=20 e=0000 i=0 cpl=0 IP=0008:0010117e pc=0010117e SP=0010:d0001fb2 env->regs[R_EAX]=00000742
EAX=00000742 EBX=00000016 ECX=000006f6 EDX=00000016
ESI=000b8000 EDI=00000700 EBP=d0001fbe ESP=d0001fb2
EIP=0010117e EFL=00000206 [-----P-] CPL=0 II=0 A20=1 SMM=0 HLT=0
ES =0010 00000000 ffffffff 00cf9300 DPL=0 DS   [-WA]
CS =0008 00000000 ffffffff 00cf9a00 DPL=0 CS32 [-R-]
SS =0010 00000000 ffffffff 00cf9300 DPL=0 DS   [-WA]
DS =0010 00000000 ffffffff 00cf9300 DPL=0 DS   [-WA]
FS =0010 00000000 ffffffff 00cf9300 DPL=0 DS   [-WA]
GS =0010 00000000 ffffffff 00cf9300 DPL=0 DS   [-WA]
LDT=0000 00000000 0000ffff 00008200 DPL=0 LDT
TR =0000 00000000 0000ffff 00008b00 DPL=0 TSS32-busy
GDT=     00108008 00000017
IDT=     00108060 000007ff
CR0=80000011 CR2=00000000 CR3=00000000 CR4=00000000
DR0=00000000 DR1=00000000 DR2=00000000 DR3=00000000 
DR6=ffff0ff0 DR7=00000400
CCS=00000004 CCD=000006f6 CCO=EFLAGS
EFER=0000000000000000
Servicing hardware INT=0x20
   732: v=20 e=0000 i=0 cpl=0 IP=0008:0010117e pc=0010117e SP=0010:00107fa4 env->regs[R_EAX]=00000730
EAX=00000730 EBX=0000004c ECX=000001dc EDX=00000005
ESI=000b8000 EDI=00000700 EBP=00107fb0 ESP=00107fa4
EIP=0010117e EFL=00000202 [-------] CPL=0 II=0 A20=1 SMM=0 HLT=0
ES =0010 00000000 ffffffff 00cf9300 DPL=0 DS   [-WA]
CS =0008 00000000 ffffffff 00cf9a00 DPL=0 CS32 [-R-]
SS =0010 00000000 ffffffff 00cf9300 DPL=0 DS   [-WA]
DS =0010 00000000 ffffffff 00cf9300 DPL=0 DS   [-WA]
FS =0010 00000000 ffffffff 00cf9300 DPL=0 DS   [-WA]
GS =0010 00000000 ffffffff 00cf9300 DPL=0 DS   [-WA]
LDT=0000 00000000 0000ffff 00008200 DPL=0 LDT
TR =0000 00000000 0000ffff 00008b00 DPL=0 TSS32-busy
GDT=     00108008 00000017
IDT=     00108060 000007ff
CR0=80000011 CR2=00000000 CR3=00000000 CR4=00000000
DR0=00000000 DR1=00000000 DR2=00000000 DR3=00000000 
DR6=ffff0ff0 DR7=00000400
CCS=00000000 CCD=000001dc CCO=EFLAGS
EFER=0000000000000000
Servicing hardware INT=0x20
   733: v=20 e=0000 i=0 cpl=0 IP=0008:0010117e pc=0010117e SP=0010:d0000fa9 env->regs[R_EAX]=00000741
EAX=00000741 EBX=00000028 ECX=00000668 EDX=00000014
ESI=000b8000 EDI=00000700 EBP=d0000fb5 ESP=d0000fa9
EIP=0010117e EFL=00000202 [-------] CPL=0 II=0 A20=1 SMM=0 HLT=0
ES =0010 00000000 ffffffff 00cf9300 DPL=0 DS   [-WA]
CS =0008 00000000 ffffffff 00cf9a00 DPL=0 CS32 [-R-]
SS =0010 00000000 ffffffff 00cf9300 DPL=0 DS   [-WA]
DS =0010 00000000 ffffffff 00cf9300 DPL=0 DS   [-WA]
FS =0010 00000000 ffffffff 00cf9300 DPL=0 DS   [-WA]
GS =0010 00000000 ffffffff 00cf9300 DPL=0 DS   [-WA]
LDT=0000 00000000 0000ffff 00008200 DPL=0 LDT
TR =0000 00000000 0000ffff 00008b00 DPL=0 TSS32-busy
GDT=     00108008 00000017
IDT=     00108060 000007ff
CR0=80000011 CR2=00000000 CR3=00000000 CR4=00000000
DR0=00000000 DR1=00000000 DR2=00000000 DR3=00000000 
DR6=ffff0ff0 DR7=00000400
CCS=00000000 CCD=00000668 CCO=EFLAGS
EFER=0000000000000000
Servicing hardware INT=0x20
   734: v=20 e=0000 i=0 cpl=0 IP=0008:0010117e pc=0010117e SP=0010:d0001fb2 env->regs[R_EAX]=00000742
EAX=00000742 EBX=0000000b ECX=0000000b EDX=00000000
ESI=000b8000 EDI=00000700 EBP=d0001fbe ESP=d0001fb2
EIP=0010117e EFL=00000202 [-------] CPL=0 II=0 A20=1 SMM=0 HLT=0
ES =0010 00000000 ffffffff 00cf9300 DPL=0 DS   [-WA]
CS =0008 00000000 ffffffff 00cf9a00 DPL=0 CS32 [-R-]
SS =0010 00000000 ffffffff 00cf9300 DPL=0 DS   [-WA]
DS =0010 00000000 ffffffff 00cf9300 DPL=0 DS   [-WA]
FS =0010 00000000 ffffffff 00cf9300 DPL=0 DS   [-WA]
GS =0010 00000000 ffffffff 00cf9300 DPL=0 DS   [-WA]
LDT=0000 00000000 0000ffff 00008200 DPL=0 LDT
TR =0000 00000000 0000ffff 00008b00 DPL=0 TSS32-busy
GDT=     00108008 00000017
IDT=     00108060 000007ff
CR0=80000011 CR2=00000000 CR3=00000000 CR4=00000000
DR0=00000000 DR1=00000000 DR2=00000000 DR3=00000000 
DR6=ffff0ff0 DR7=00000400
CCS=00000000 CCD=0000000b CCO=EFLAGS
EFER=0000000000000000
Servicing hardware INT=0x20
   735: v=20 e=0000 i=0 cpl=0 IP=0008:0010117e pc=0010117e SP=0010:00107fa4 env->regs[R_EAX]=00000730
EAX=00000730 EBX=00000028 ECX=00000578 EDX=00000011
ESI=000b8000 EDI=00000700 EBP=00107fb0 ESP=00107fa4
EIP=0010117e EFL=00000206 [-----P-] CPL=0 II=0 A20=1 SMM=0 HLT=0
ES =0010 00000000 ffffffff 00cf9300 DPL=0 DS   [-WA]
CS =0008 00000000 ffffffff 00cf9a00 DPL=0 CS32 [-R-]
SS =0010 00000000 ffffffff 00cf9300 DPL=0 DS   [-WA]
DS =0010 00000000 ffffffff 00cf9300 DPL=0 DS   [-WA]
FS =0010 00000000 ffffffff 00cf9300 DPL=0 DS   [-WA]
GS =0010 00000000 ffffffff 00cf9300 DPL=0 DS   [-WA]
LDT=0000 00000000 0000ffff 00008200 DPL=0 LDT
TR =0000 00000000 0000ffff 00008b00 DPL=0 TSS32-busy
GDT=     00108008 00000017
IDT=     00108060 000007ff
CR0=80000011 CR2=00000000 CR3=00000000 CR4=00000000
DR0=00000000 DR1=00000000 DR2=00000000 DR3=00000000 
DR6=ffff0ff0 DR7=00000400
CCS=00000004 CCD=00000578 CCO=EFLAGS
EFER=0000000000000000
Servicing hardware INT=0x20
   736: v=20 e=0000 i=0 cpl=0 IP=0008:0010117e pc=0010117e SP=0010:d0000fa9 env->regs[R_EAX]=00000741
EAX=00000741 EBX=0000000a ECX=0000028a EDX=00000008
ESI=000b8000 EDI=00000700 EBP=d0000fb5 ESP=d0000fa9
EIP=0010117e EFL=00000202 [-------] CPL=0 II=0 A20=1 SMM=0 HLT=0
ES =0010 00000000 ffffffff 00cf9300 DPL=0 DS   [-WA]
CS =0008 00000000 ffffffff 00cf9a00 DPL=0 CS32 [-R-]
SS =0010 00000000 ffffffff 00cf9300 DPL=0 DS   [-WA]
DS =0010 00000000 ffffffff 00cf9300 DPL=0 DS   [-WA]
FS =0010 00000000 ffffffff 00cf9300 DPL=0 DS   [-WA]
GS =0010 00000000 ffffffff 00cf9300 DPL=0 DS   [-WA]
LDT=0000 00000000 0000ffff 00008200 DPL=0 LDT
TR =0000 00000000 0000ffff 00008b00 DPL=0 TSS32-busy
GDT=     00108008 00000017
IDT=     00108060 000007ff
CR0=80000011 CR2=00000000 CR3=00000000 CR4=00000000
DR0=00000000 DR1=00000000 DR2=00000000 DR3=00000000 
DR6=ffff0ff0 DR7=00000400
CCS=00000000 CCD=0000028a CCO=EFLAGS
EFER=0000000000000000
Servicing hardware INT=0x20
   737: v=20 e=0000 i=0 cpl=0 IP=0008:0010117e pc=0010117e SP=0010:d0001fb2 env->regs[R_EAX]=00000742
EAX=00000742 EBX=0000003d ECX=000004ed EDX=0000000f
ESI=000b8000 EDI=00000700 EBP=d0001fbe ESP=d0001fb2
EIP=0010117e EFL=00000206 [-----P-] CPL=0 II=0 A20=1 SMM=0 HLT=0
ES =0010 00000000 ffffffff 00cf9300 DPL=0 DS   [-WA]
CS =0008 00000000 ffffffff 00cf9a00 DPL=0 CS32 [-R-]
SS =0010 00000000 ffffffff 00cf9300 DPL=0 DS   [-WA]
DS =0010 00000000 ffffffff 00cf9300 DPL=0 DS   [-WA]
FS =0010 00000000 ffffffff 00cf9300 DPL=0 DS   [-WA]
GS =0010 00000000 ffffffff 00cf9300 DPL=0 DS   [-WA]
LDT=0000 00000000 0000ffff 00008200 DPL=0 LDT
TR =0000 00000000 0000ffff 00008b00 DPL=0 TSS32-busy
GDT=     00108008 00000017
IDT=     00108060 000007ff
CR0=80000011 CR2=00000000 CR3=00000000 CR4=00000000
DR0=00000000 DR1=00000000 DR2=00000000 DR3=00000000 
DR6=ffff0ff0 DR7=00000400
CCS=00000004 CCD=000004ed CCO=EFLAGS
EFER=0000000000000000
Servicing hardware INT=0x20
   738: v=20 e=0000 i=0 cpl=0 IP=0008:0010117e pc=0010117e SP=0010:00107fa4 env->regs[R_EAX]=00000730
EAX=00000730 EBX=0000004d ECX=0000036d EDX=0000000a
ESI=000b8000 EDI=00000700 EBP=00107fb0 ESP=00107fa4
EIP=0010117e EFL=00000202 [-------] CPL=0 II=0 A20=1 SMM=0 HLT=0
ES =0010 00000000 ffffffff 00cf9300 DPL=0 DS   [-WA]
CS =0008 00000000 ffffffff 00cf9a00 DPL=0 CS32 [-R-]
SS =0010 00000000 ffffffff 00cf9300 DPL=0 DS   [-WA]
DS =0010 00000000 ffffffff 00cf9300 DPL=0 DS   [-WA]
FS =0010 00000000 ffffffff 00cf9300 DPL=0 DS   [-WA]
GS =0010 00000000 ffffffff 00cf9300 DPL=0 DS   [-WA]
LDT=0000 00000000 0000ffff 00008200 DPL=0 LDT
TR =0000 00000000 0000ffff 00008b00 DPL=0 TSS32-busy
GDT=     00108008 00000017
IDT=     00108060 000007ff
CR0=80000011 CR2=00000000 CR3=00000000 CR4=00000000
DR0=00000000 DR1=00000000 DR2=00000000 DR3=00000000 
DR6=ffff0ff0 DR7=00000400
CCS=00000000 CCD=0000036d CCO=EFLAGS
EFER=0000000000000000
Servicing hardware INT=0x20
   739: v=20 e=0000 i=0 cpl=0 IP=0008:0010117e pc=0010117e SP=0010:d0000fa9 env->regs[R_EAX]=00000741
EAX=00000741 EBX=00000011 ECX=000001f1 EDX=00000006
ESI=000b8000 EDI=00000700 EBP=d0000fb5 ESP=d0000fa9
EIP=0010117e EFL=00000202 [-------] CPL=0 II=0 A20=1 SMM=0 HLT=0
ES =0010 00000000 ffffffff 00cf9300 DPL=0 DS   [-WA]
CS =0008 00000000 ffffffff 00cf9a00 DPL=0 CS32 [-R-]
SS =0010 00000000 ffffffff 00cf9300 DPL=0 DS   [-WA]
DS =0010 00000000 ffffffff 00cf9300 DPL=0 DS   [-WA]
FS =0010 00000000 ffffffff 00cf9300 DPL=0 DS   [-WA]
GS =0010 00000000 ffffffff 00cf9300 DPL=0 DS   [-WA]
LDT=0000 00000000 0000ffff 00008200 DPL=0 LDT
TR =0000 00000000 0000ffff 00008b00 DPL=0 TSS32-busy
GDT=     00108008 00000017
IDT=     00108060 000007ff
CR0=80000011 CR2=00000000 CR3=00000000 CR4=00000000
DR0=00000000 DR1=00000000 DR2=00000000 DR3=00000000 
DR6=ffff0ff0 DR7=00000400
CCS=00000000 CCD=000001f1 CCO=EFLAGS
EFER=0000000000000000
Servicing hardware INT=0x21
   740: v=21 e=0000 i=0 cpl=0 IP=0008:0010117e pc=0010117e SP=0010:d0001fb2 env->regs[R_EAX]=00000742
EAX=00000742 EBX=0000003a ECX=000001ca EDX=00000005
ESI=000b8000 EDI=00000700 EBP=d0001fbe ESP=d0001fb2
EIP=0010117e EFL=00000206 [-----P-] CPL=0 II=0 A20=1 SMM=0 HLT=0
ES =0010 00000000 ffffffff 00cf9300 DPL=0 DS   [-WA]
CS =0008 00000000 ffffffff 00cf9a00 DPL=0 CS32 [-R-]
SS =0010 00000000 ffffffff 00cf9300 DPL=0 DS   [-WA]
DS =0010 00000000 ffffffff 00cf9300 DPL=0 DS   [-WA]
FS =0010 00000000 ffffffff 00cf9300 DPL=0 DS   [-WA]
GS =0010 00000000 ffffffff 00cf9300 DPL=0 DS   [-WA]
LDT=0000 00000000 0000ffff 00008200 DPL=0 LDT
TR =0000 00000000 0000ffff 00008b00 DPL=0 TSS32-busy
GDT=     00108008 00000017
IDT=     00108060 000007ff
CR0=80000011 CR2=00000000 CR3=00000000 CR4=00000000
DR0=00000000 DR1=00000000 DR2=00000000 DR3=00000000 
DR6=ffff0ff0 DR7=00000400
CCS=0000003a CCD=000001ca CCO=ADDL
EFER=0000000000000000
Servicing hardware INT=0x20
   741: v=20 e=0000 i=0 cpl=0 IP=0008:0010117e pc=0010117e SP=0010:d0001fb2 env->regs[R_EAX]=00000742
EAX=00000742 EBX=00000025 ECX=000002f5 EDX=00000009
ESI=000b8000 EDI=00000700 EBP=d0001fbe ESP=d0001fb2
EIP=0010117e EFL=00000206 [-----P-] CPL=0 II=0 A20=1 SMM=0 HLT=0
ES =0010 00000000 ffffffff 00cf9300 DPL=0 DS   [-WA]
CS =0008 00000000 ffffffff 00cf9a00 DPL=0 CS32 [-R-]
SS =0010 00000000 ffffffff 00cf9300 DPL=0 DS   [-WA]
DS =0010 00000000 ffffffff 00cf9300 DPL=0 DS   [-WA]
FS =0010 00000000 ffffffff 00cf9300 DPL=0 DS   [-WA]
GS =0010 00000000 ffffffff 00cf9300 DPL=0 DS   [-WA]
LDT=0000 00000000 0000ffff 00008200 DPL=0 LDT
TR =0000 00000000 0000ffff 00008b00 DPL=0 TSS32-busy
GDT=     00108008 00000017
IDT=     00108060 000007ff
CR0=80000011 CR2=00000000 CR3=00000000 CR4=00000000
DR0=00000000 DR1=00000000 DR2=00000000 DR3=00000000 
DR6=ffff0ff0 DR7=00000400
CCS=00000004 CCD=000002f5 CCO=EFLAGS
EFER=0000000000000000
Servicing hardware INT=0x20
   742: v=20 e=0000 i=0 cpl=0 IP=0008:0010117e pc=0010117e SP=0010:00107fa4 env->regs[R_EAX]=00000730
EAX=00000730 EBX=00000024 ECX=00000434 EDX=0000000d
ESI=000b8000 EDI=00000700 EBP=00107fb0 ESP=00107fa4
EIP=0010117e EFL=00000202 [-------] CPL=0 II=0 A20=1 SMM=0 HLT=0
ES =0010 00000000 ffffffff 00cf9300 DPL=0 DS   [-WA]
CS =0008 00000000 ffffffff 00cf9a00 DPL=0 CS32 [-R-]
SS =0010 00000000 ffffffff 00cf9300 DPL=0 DS   [-WA]
DS =0010 00000000 ffffffff 00cf9300 DPL=0 DS   [-WA]
FS =0010 00000000 ffffffff 00cf9300 DPL=0 DS   [-WA]
GS =0010 00000000 ffffffff 00cf9300 DPL=0 DS   [-WA]
LDT=0000 00000000 0000ffff 00008200 DPL=0 LDT
TR =0000 00000000 0000ffff 00008b00 DPL=0 TSS32-busy
GDT=     00108008 00000017
IDT=     00108060 000007ff
CR0=80000011 CR2=00000000 CR3=00000000 CR4=00000000
DR0=00000000 DR1=00000000 DR2=00000000 DR3=00000000 
DR6=ffff0ff0 DR7=00000400
CCS=00000000 CCD=00000434 CCO=EFLAGS
EFER=0000000000000000
Servicing hardware INT=0x20
   743: v=20 e=0000 i=0 cpl=0 IP=0008:0010117e pc=0010117e SP=0010:d0000fa9 env->regs[R_EAX]=00000741
EAX=00000741 EBX=00000016 ECX=000002e6 EDX=00000009
ESI=000b8000 EDI=00000700 EBP=d0000fb5 ESP=d0000fa9
EIP=0010117e EFL=00000202 [-------] CPL=0 II=0 A20=1 SMM=0 HLT=0
ES =0010 00000000 ffffffff 00cf9300 DPL=0 DS   [-WA]
CS =0008 00000000 ffffffff 00cf9a00 DPL=0 CS32 [-R-]
SS =0010 00000000 ffffffff 00cf9300 DPL=0 DS   [-WA]
DS =0010 00000000 ffffffff 00cf9300 DPL=0 DS   [-WA]
FS =0010 00000000 ffffffff 00cf9300 DPL=0 DS   [-WA]
GS =0010 00000000 ffffffff 00cf9300 DPL=0 DS   [-WA]
LDT=0000 00000000 0000ffff 00008200 DPL=0 LDT
TR =0000 00000000 0000ffff 00008b00 DPL=0 TSS32-busy
GDT=     00108008 00000017
IDT=     00108060 000007ff
CR0=80000011 CR2=00000000 CR3=00000000 CR4=00000000
DR0=00000000 DR1=00000000 DR2=00000000 DR3=00000000 
DR6=ffff0ff0 DR7=00000400
CCS=00000000 CCD=000002e6 CCO=EFLAGS
EFER=0000000000000000
Servicing hardware INT=0x20
   744: v=20 e=0000 i=0 cpl=0 IP=0008:0010117e pc=0010117e SP=0010:d0001fb2 env->regs[R_EAX]=00000742
EAX=00000742 EBX=0000000c ECX=000003cc EDX=0000000c
ESI=000b8000 EDI=00000700 EBP=d0001fbe ESP=d0001fb2
EIP=0010117e EFL=00000206 [-----P-] CPL=0 II=0 A20=1 SMM=0 HLT=0
ES =0010 00000000 ffffffff 00cf9300 DPL=0 DS   [-WA]
CS =0008 00000000 ffffffff 00cf9a00 DPL=0 CS32 [-R-]
SS =0010 00000000 ffffffff 00cf9300 DPL=0 DS   [-WA]
DS =0010 00000000 ffffffff 00cf9300 DPL=0 DS   [-WA]
FS =0010 00000000 ffffffff 00cf9300 DPL=0 DS   [-WA]
GS =0010 00000000 ffffffff 00cf9300 DPL=0 DS   [-WA]
LDT=0000 00000000 0000ffff 00008200 DPL=0 LDT
TR =0000 00000000 0000ffff 00008b00 DPL=0 TSS32-busy
GDT=     00108008 00000017
IDT=     00108060 000007ff
CR0=80000011 CR2=00000000 CR3=00000000 CR4=00000000
DR0=00000000 DR1=00000000 DR2=00000000 DR3=00000000 
DR6=ffff0ff0 DR7=00000400
CCS=00000004 CCD=000003cc CCO=EFLAGS
EFER=0000000000000000
Servicing hardware INT=0x20
   745: v=20 e=0000 i=0 cpl=0 IP=0008:0010117e pc=0010117e SP=0010:00107fa4 env->regs[R_EAX]=00000730
EAX=00000730 EBX=0000000f ECX=0000050f EDX=00000010
ESI=000b8000 EDI=00000700 EBP=00107fb0 ESP=00107fa4
EIP=0010117e EFL=00000206 [-----P-] CPL=0 II=0 A20=1 SMM=0 HLT=0
ES =0010 00000000 ffffffff 00cf9300 DPL=0 DS   [-WA]
CS =0008 00000000 ffffffff 00cf9a00 DPL=0 CS32 [-R-]
SS =0010 00000000 ffffffff 00cf9300 DPL=0 DS   [-WA]
DS =0010 00000000 ffffffff 00cf9300 DPL=0 DS   [-WA]
FS =0010 00000000 ffffffff 00cf9300 DPL=0 DS   [-WA]
GS =0010 00000000 ffffffff 00cf9300 DPL=0 DS   [-WA]
LDT=0000 00000000 0000ffff 00008200 DPL=0 LDT
TR =0000 00000000 0000ffff 00008b00 DPL=0 TSS32-busy
GDT=     00108008 00000017
IDT=     00108060 000007ff
CR0=80000011 CR2=00000000 CR3=00000000 CR4=00000000
DR0=00000000 DR1=00000000 DR2=00000000 DR3=00000000 
DR6=ffff0ff0 DR7=00000400
CCS=00000004 CCD=0000050f CCO=EFLAGS
EFER=0000000000000000
Servicing hardware INT=0x20
   746: v=20 e=0000 i=0 cpl=0 IP=0008:0010117e pc=0010117e SP=0010:d0000fa9 env->regs[R_EAX]=00000741
EAX=00000741 EBX=0000003c ECX=000000dc EDX=00000002
ESI=000b8000 EDI=00000700 EBP=d0000fb5 ESP=d0000fa9
EIP=0010117e EFL=00000202 [-------] CPL=0 II=0 A20=1 SMM=0 HLT=0
ES =0010 00000000 ffffffff 00cf9300 DPL=0 DS   [-WA]
CS =0008 00000000 ffffffff 00cf9a00 DPL=0 CS32 [-R-]
SS =0010 00000000 ffffffff 00cf9300 DPL=0 DS   [-WA]
DS =0010 00000000 ffffffff 00cf9300 DPL=0 DS   [-WA]
FS =0010 00000000 ffffffff 00cf9300 DPL=0 DS   [-WA]
GS =0010 00000000 ffffffff 00cf9300 DPL=0 DS   [-WA]
LDT=0000 00000000 0000ffff 00008200 DPL=0 LDT
TR =0000 00000000 0000ffff 00008b00 DPL=0 TSS32-busy
GDT=     00108008 00000017
IDT=     00108060 000007ff
CR0=80000011 CR2=00000000 CR3=00000000 CR4=00000000
DR0=00000000 DR1=00000000 DR2=00000000 DR3=00000000 
DR6=ffff0ff0 DR7=00000400
CCS=00000000 CCD=000000dc CCO=EFLAGS
EFER=0000000000000000
Servicing hardware INT=0x20
   747: v=20 e=0000 i=0 cpl=0 IP=0008:0010117e pc=0010117e SP=0010:d0001fb2 env->regs[R_EAX]=00000742
EAX=00000742 EBX=0000000f ECX=0000023f EDX=00000007
ESI=000b8000 EDI=00000700 EBP=d0001fbe ESP=d0001fb2
EIP=0010117e EFL=00000206 [-----P-] CPL=0 II=0 A20=1 SMM=0 HLT=0
ES =0010 00000000 ffffffff 00cf9300 DPL=0 DS   [-WA]
CS =0008 00000000 ffffffff 00cf9a00 DPL=0 CS32 [-R-]
SS =0010 00000000 ffffffff 00cf9300 DPL=0 DS   [-WA]
DS =0010 00000000 ffffffff 00cf9300 DPL=0 DS   [-WA]
FS =0010 00000000 ffffffff 00cf9300 DPL=0 DS   [-WA]
GS =0010 00000000 ffffffff 00cf9300 DPL=0 DS   [-WA]
LDT=0000 00000000 0000ffff 00008200 DPL=0 LDT
TR =0000 00000000 0000ffff 00008b00 DPL=0 TSS32-busy
GDT=     00108008 00000017
IDT=     00108060 000007ff
CR0=80000011 CR2=00000000 CR3=00000000 CR4=00000000
DR0=00000000 DR1=00000000 DR2=00000000 DR3=00000000 
DR6=ffff0ff0 DR7=00000400
CCS=00000004 CCD=0000023f CCO=EFLAGS
EFER=0000000000000000
Servicing hardware INT=0x20
   748: v=20 e=0000 i=0 cpl=0 IP=0008:0010117e pc=0010117e SP=0010:00107fa4 env->regs[R_EAX]=00000730
EAX=00000730 EBX=0000000d ECX=0000032d EDX=0000000a
ESI=000b8000 EDI=00000700 EBP=00107fb0 ESP=00107fa4
EIP=0010117e EFL=00000206 [-----P-] CPL=0 II=0 A20=1 SMM=0 HLT=0
ES =0010 00000000 ffffffff 00cf9300 DPL=0 DS   [-WA]
CS =0008 00000000 ffffffff 00cf9a00 DPL=0 CS32 [-R-]
SS =0010 00000000 ffffffff 00cf9300 DPL=0 DS   [-WA]
DS =0010 00000000 ffffffff 00cf9300 DPL=0 DS   [-WA]
FS =0010 00000000 ffffffff 00cf9300 DPL=0 DS   [-WA]
GS =0010 00000000 ffffffff 00cf9300 DPL=0 DS   [-WA]
LDT=0000 00000000 0000ffff 00008200 DPL=0 LDT
TR =0000 00000000 0000ffff 00008b00 DPL=0 TSS32-busy
GDT=     00108008 00000017
IDT=     00108060 000007ff
CR0=80000011 CR2=00000000 CR3=00000000 CR4=00000000
DR0=00000000 DR1=00000000 DR2=00000000 DR3=00000000 
DR6=ffff0ff0 DR7=00000400
CCS=00000004 CCD=0000032d CCO=EFLAGS
EFER=0000000000000000
Servicing hardware INT=0x20
   749: v=20 e=0000 i=0 cpl=0 IP=0008:0010117e pc=0010117e SP=0010:d0000fa9 env->regs[R_EAX]=00000741
EAX=00000741 EBX=00000020 ECX=000001b0 EDX=00000005
ESI=000b8000 EDI=00000700 EBP=d0000fb5 ESP=d0000fa9
EIP=0010117e EFL=00000202 [-------] CPL=0 II=0 A20=1 SMM=0 HLT=0
ES =0010 00000000 ffffffff 00cf9300 DPL=0 DS   [-WA]
CS =0008 00000000 ffffffff 00cf9a00 DPL=0 CS32 [-R-]
SS =0010 00000000 ffffffff 00cf9300 DPL=0 DS   [-WA]
DS =0010 00000000 ffffffff 00cf9300 DPL=0 DS   [-WA]
FS =0010 00000000 ffffffff 00cf9300 DPL=0 DS   [-WA]
GS =0010 00000000 ffffffff 00cf9300 DPL=0 DS   [-WA]
LDT=0000 00000000 0000ffff 00008200 DPL=0 LDT
TR =0000 00000000 0000ffff 00008b00 DPL=0 TSS32-busy
GDT=     00108008 00000017
IDT=     00108060 000007ff
CR0=80000011 CR2=00000000 CR3=00000000 CR4=00000000
DR0=00000000 DR1=00000000 DR2=00000000 DR3=00000000 
DR6=ffff0ff0 DR7=00000400
CCS=00000000 CCD=000001b0 CCO=EFLAGS
EFER=0000000000000000
Servicing hardware INT=0x20
   750: v=20 e=0000 i=0 cpl=0 IP=0008:0010117e pc=0010117e SP=0010:d0001fb2 env->regs[R_EAX]=00000742
EAX=00000742 EBX=00000041 ECX=000001d1 EDX=00000005
ESI=000b8000 EDI=00000700 EBP=d0001fbe ESP=d0001fb2
EIP=0010117e EFL=00000206 [-----P-] CPL=0 II=0 A20=1 SMM=0 HLT=0
ES =0010 00000000 ffffffff 00cf9300 DPL=0 DS   [-WA]
CS =0008 00000000 ffffffff 00cf9a00 DPL=0 CS32 [-R-]
SS =0010 00000000 ffffffff 00cf9300 DPL=0 DS   [-WA]
DS =0010 00000000 ffffffff 00cf9300 DPL=0 DS   [-WA]
FS =0010 00000000 ffffffff 00cf9300 DPL=0 DS   [-WA]
GS =0010 00000000 ffffffff 00cf9300 DPL=0 DS   [-WA]
LDT=0000 00000000 0000ffff 00008200 DPL=0 LDT
TR =0000 00000000 0000ffff 00008b00 DPL=0 TSS32-busy
GDT=     00108008 00000017
IDT=     00108060 000007ff
CR0=80000011 CR2=00000000 CR3=00000000 CR4=00000000
DR0=00000000 DR1=00000000 DR2=00000000 DR3=00000000 
DR6=ffff0ff0 DR7=00000400
CCS=00000004 CCD=000001d1 CCO=EFLAGS
EFER=0000000000000000
Servicing hardware INT=0x20
   751: v=20 e=0000 i=0 cpl=0 IP=0008:0010117e pc=0010117e SP=0010:00107fa4 env->regs[R_EAX]=00000730
EAX=00000730 EBX=0000000e ECX=0000019e EDX=00000005
ESI=000b8000 EDI=00000700 EBP=00107fb0 ESP=00107fa4
EIP=0010117e EFL=00000202 [-------] CPL=0 II=0 A20=1 SMM=0 HLT=0
ES =0010 00000000 ffffffff 00cf9300 DPL=0 DS   [-WA]
CS =0008 00000000 ffffffff 00cf9a00 DPL=0 CS32 [-R-]
SS =0010 00000000 ffffffff 00cf9300 DPL=0 DS   [-WA]
DS =0010 00000000 ffffffff 00cf9300 DPL=0 DS   [-WA]
FS =0010 00000000 ffffffff 00cf9300 DPL=0 DS   [-WA]
GS =0010 00000000 ffffffff 00cf9300 DPL=0 DS   [-WA]
LDT=0000 00000000 0000ffff 00008200 DPL=0 LDT
TR =0000 00000000 0000ffff 00008b00 DPL=0 TSS32-busy
GDT=     00108008 00000017
IDT=     00108060 000007ff
CR0=80000011 CR2=00000000 CR3=00000000 CR4=00000000
DR0=00000000 DR1=00000000 DR2=00000000 DR3=00000000 
DR6=ffff0ff0 DR7=00000400
CCS=00000000 CCD=0000019e CCO=EFLAGS
EFER=0000000000000000
Servicing hardware INT=0x20
   752: v=20 e=0000 i=0 cpl=0 IP=0008:0010117e pc=0010117e SP=0010:d0000fa9 env->regs[R_EAX]=00000741
EAX=00000741 EBX=00000043 ECX=000006d3 EDX=00000015
ESI=000b8000 EDI=00000700 EBP=d0000fb5 ESP=d0000fa9
EIP=0010117e EFL=00000202 [-------] CPL=0 II=0 A20=1 SMM=0 HLT=0
ES =0010 00000000 ffffffff 00cf9300 DPL=0 DS   [-WA]
CS =0008 00000000 ffffffff 00cf9a00 DPL=0 CS32 [-R-]
SS =0010 00000000 ffffffff 00cf9300 DPL=0 DS   [-WA]
DS =0010 00000000 ffffffff 00cf9300 DPL=0 DS   [-WA]
FS =0010 00000000 ffffffff 00cf9300 DPL=0 DS   [-WA]
GS =0010 00000000 ffffffff 00cf9300 DPL=0 DS   [-WA]
LDT=0000 00000000 0000ffff 00008200 DPL=0 LDT
TR =0000 00000000 0000ffff 00008b00 DPL=0 TSS32-busy
GDT=     00108008 00000017
IDT=     00108060 000007ff
CR0=80000011 CR2=00000000 CR3=00000000 CR4=00000000
DR0=00000000 DR1=00000000 DR2=00000000 DR3=00000000 
DR6=ffff0ff0 DR7=00000400
CCS=00000000 CCD=000006d3 CCO=EFLAGS
EFER=0000000000000000
Servicing hardware INT=0x20
   753: v=20 e=0000 i=0 cpl=0 IP=0008:0010117e pc=0010117e SP=0010:d0001fb2 env->regs[R_EAX]=00000742
EAX=00000742 EBX=00000016 ECX=000001f6 EDX=00000006
ESI=000b8000 EDI=00000700 EBP=d0001fbe ESP=d0001fb2
EIP=0010117e EFL=00000206 [-----P-] CPL=0 II=0 A20=1 SMM=0 HLT=0
ES =0010 00000000 ffffffff 00cf9300 DPL=0 DS   [-WA]
CS =0008 00000000 ffffffff 00cf9a00 DPL=0 CS32 [-R-]
SS =0010 00000000 ffffffff 00cf9300 DPL=0 DS   [-WA]
DS =0010 00000000 ffffffff 00cf9300 DPL=0 DS   [-WA]
FS =0010 00000000 ffffffff 00cf9300 DPL=0 DS   [-WA]
GS =0010 00000000 ffffffff 00cf9300 DPL=0 DS   [-WA]
LDT=0000 00000000 0000ffff 00008200 DPL=0 LDT
TR =0000 00000000 0000ffff 00008b00 DPL=0 TSS32-busy
GDT=     00108008 00000017
IDT=     00108060 000007ff
CR0=80000011 CR2=00000000 CR3=00000000 CR4=00000000
DR0=00000000 DR1=00000000 DR2=00000000 DR3=00000000 
DR6=ffff0ff0 DR7=00000400
CCS=00000004 CCD=000001f6 CCO=EFLAGS
EFER=0000000000000000
Servicing hardware INT=0x20
   754: v=20 e=0000 i=0 cpl=0 IP=0008:0010117e pc=0010117e SP=0010:00107fa4 env->regs[R_EAX]=00000730
EAX=00000730 EBX=0000003e ECX=0000021e EDX=00000006
ESI=000b8000 EDI=00000700 EBP=00107fb0 ESP=00107fa4
EIP=0010117e EFL=00000206 [-----P-] CPL=0 II=0 A20=1 SMM=0 HLT=0
ES =0010 00000000 ffffffff 00cf9300 DPL=0 DS   [-WA]
CS =0008 00000000 ffffffff 00cf9a00 DPL=0 CS32 [-R-]
SS =0010 00000000 ffffffff 00cf9300 DPL=0 DS   [-WA]
DS =0010 00000000 ffffffff 00cf9300 DPL=0 DS   [-WA]
FS =0010 00000000 ffffffff 00cf9300 DPL=0 DS   [-WA]
GS =0010 00000000 ffffffff 00cf9300 DPL=0 DS   [-WA]
LDT=0000 00000000 0000ffff 00008200 DPL=0 LDT
TR =0000 00000000 0000ffff 00008b00 DPL=0 TSS32-busy
GDT=     00108008 00000017
IDT=     00108060 000007ff
CR0=80000011 CR2=00000000 CR3=00000000 CR4=00000000
DR0=00000000 DR1=00000000 DR2=00000000 DR3=00000000 
DR6=ffff0ff0 DR7=00000400
CCS=00000004 CCD=0000021e CCO=EFLAGS
EFER=0000000000000000
Servicing hardware INT=0x20
   755: v=20 e=0000 i=0 cpl=0 IP=0008:0010117e pc=0010117e SP=0010:d0000fa9 env->regs[R_EAX]=00000741
EAX=00000741 EBX=00000009 ECX=000003c9 EDX=0000000c
ESI=000b8000 EDI=00000700 EBP=d0000fb5 ESP=d0000fa9
EIP=0010117e EFL=00000206 [-----P-] CPL=0 II=0 A20=1 SMM=0 HLT=0
ES =0010 00000000 ffffffff 00cf9300 DPL=0 DS   [-WA]
CS =0008 00000000 ffffffff 00cf9a00 DPL=0 CS32 [-R-]
SS =0010 00000000 ffffffff 00cf9300 DPL=0 DS   [-WA]
DS =0010 00000000 ffffffff 00cf9300 DPL=0 DS   [-WA]
FS =0010 00000000 ffffffff 00cf9300 DPL=0 DS   [-WA]
GS =0010 00000000 ffffffff 00cf9300 DPL=0 DS   [-WA]
LDT=0000 00000000 0000ffff 00008200 DPL=0 LDT
TR =0000 00000000 0000ffff 00008b00 DPL=0 TSS32-busy
GDT=     00108008 00000017
IDT=     00108060 000007ff
CR0=80000011 CR2=00000000 CR3=00000000 CR4=00000000
DR0=00000000 DR1=00000000 DR2=00000000 DR3=00000000 
DR6=ffff0ff0 DR7=00000400
CCS=00000004 CCD=000003c9 CCO=EFLAGS
EFER=0000000000000000
Servicing hardware INT=0x20
   756: v=20 e=0000 i=0 cpl=0 IP=0008:0010117e pc=0010117e SP=0010:d0001fb2 env->regs[R_EAX]=00000742
EAX=00000742 EBX=00000028 ECX=000007a8 EDX=00000018
ESI=000b8000 EDI=00000700 EBP=d0001fbe ESP=d0001fb2
EIP=0010117e EFL=00000202 [-------] CPL=0 II=0 A20=1 SMM=0 HLT=0
ES =0010 00000000 ffffffff 00cf9300 DPL=0 DS   [-WA]
CS =0008 00000000 ffffffff 00cf9a00 DPL=0 CS32 [-R-]
SS =0010 00000000 ffffffff 00cf9300 DPL=0 DS   [-WA]
DS =0010 00000000 ffffffff 00cf9300 DPL=0 DS   [-WA]
FS =0010 00000000 ffffffff 00cf9300 DPL=0 DS   [-WA]
GS =0010 00000000 ffffffff 00cf9300 DPL=0 DS   [-WA]
LDT=0000 00000000 0000ffff 00008200 DPL=0 LDT
TR =0000 00000000 0000ffff 00008b00 DPL=0 TSS32-busy
GDT=     00108008 00000017
IDT=     00108060 000007ff
CR0=80000011 CR2=00000000 CR3=00000000 CR4=00000000
DR0=00000000 DR1=00000000 DR2=00000000 DR3=00000000 
DR6=ffff0ff0 DR7=00000400
CCS=00000000 CCD=000007a8 CCO=EFLAGS
EFER=0000000000000000
Servicing hardware INT=0x20
   757: v=20 e=0000 i=0 cpl=0 IP=0008:0010117e pc=0010117e SP=0010:00107fa4 env->regs[R_EAX]=00000730
EAX=00000730 EBX=0000004d ECX=0000077d EDX=00000017
ESI=000b8000 EDI=00000700 EBP=00107fb0 ESP=00107fa4
EIP=0010117e EFL=00000206 [-----P-] CPL=0 II=0 A20=1 SMM=0 HLT=0
ES =0010 00000000 ffffffff 00cf9300 DPL=0 DS   [-WA]
CS =0008 00000000 ffffffff 00cf9a00 DPL=0 CS32 [-R-]
SS =0010 00000000 ffffffff 00cf9300 DPL=0 DS   [-WA]
DS =0010 00000000 ffffffff 00cf9300 DPL=0 DS   [-WA]
FS =0010 00000000 ffffffff 00cf9300 DPL=0 DS   [-WA]
GS =0010 00000000 ffffffff 00cf9300 DPL=0 DS   [-WA]
LDT=0000 00000000 0000ffff 00008200 DPL=0 LDT
TR =0000 00000000 0000ffff 00008b00 DPL=0 TSS32-busy
GDT=     00108008 00000017
IDT=     00108060 000007ff
CR0=80000011 CR2=00000000 CR3=00000000 CR4=00000000
DR0=00000000 DR1=00000000 DR2=00000000 DR3=00000000 
DR6=ffff0ff0 DR7=00000400
CCS=00000004 CCD=0000077d CCO=EFLAGS
EFER=0000000000000000
Servicing hardware INT=0x20
   758: v=20 e=0000 i=0 cpl=0 IP=0008:0010117e pc=0010117e SP=0010:d0000fa9 env->regs[R_EAX]=00000741
EAX=00000741 EBX=00000027 ECX=00000207 EDX=00000006
ESI=000b8000 EDI=00000700 EBP=d0000fb5 ESP=d0000fa9
EIP=0010117e EFL=00000202 [-------] CPL=0 II=0 A20=1 SMM=0 HLT=0
ES =0010 00000000 ffffffff 00cf9300 DPL=0 DS   [-WA]
CS =0008 00000000 ffffffff 00cf9a00 DPL=0 CS32 [-R-]
SS =0010 00000000 ffffffff 00cf9300 DPL=0 DS   [-WA]
DS =0010 00000000 ffffffff 00cf9300 DPL=0 DS   [-WA]
FS =0010 00000000 ffffffff 00cf9300 DPL=0 DS   [-WA]
GS =0010 00000000 ffffffff 00cf9300 DPL=0 DS   [-WA]
LDT=0000 00000000 0000ffff 00008200 DPL=0 LDT
TR =0000 00000000 0000ffff 00008b00 DPL=0 TSS32-busy
GDT=     00108008 00000017
IDT=     00108060 000007ff
CR0=80000011 CR2=00000000 CR3=00000000 CR4=00000000
DR0=00000000 DR1=00000000 DR2=00000000 DR3=00000000 
DR6=ffff0ff0 DR7=00000400
CCS=00000000 CCD=00000207 CCO=EFLAGS
EFER=0000000000000000
Servicing hardware INT=0x20
   759: v=20 e=0000 i=0 cpl=0 IP=0008:0010117e pc=0010117e SP=0010:d0001fb2 env->regs[R_EAX]=00000742
EAX=00000742 EBX=00000023 ECX=00000343 EDX=0000000a
ESI=000b8000 EDI=00000700 EBP=d0001fbe ESP=d0001fb2
EIP=0010117e EFL=00000202 [-------] CPL=0 II=0 A20=1 SMM=0 HLT=0
ES =0010 00000000 ffffffff 00cf9300 DPL=0 DS   [-WA]
CS =0008 00000000 ffffffff 00cf9a00 DPL=0 CS32 [-R-]
SS =0010 00000000 ffffffff 00cf9300 DPL=0 DS   [-WA]
DS =0010 00000000 ffffffff 00cf9300 DPL=0 DS   [-WA]
FS =0010 00000000 ffffffff 00cf9300 DPL=0 DS   [-WA]
GS =0010 00000000 ffffffff 00cf9300 DPL=0 DS   [-WA]
LDT=0000 00000000 0000ffff 00008200 DPL=0 LDT
TR =0000 00000000 0000ffff 00008b00 DPL=0 TSS32-busy
GDT=     00108008 00000017
IDT=     00108060 000007ff
CR0=80000011 CR2=00000000 CR3=00000000 CR4=00000000
DR0=00000000 DR1=00000000 DR2=00000000 DR3=00000000 
DR6=ffff0ff0 DR7=00000400
CCS=00000000 CCD=00000343 CCO=EFLAGS
EFER=0000000000000000
Servicing hardware INT=0x20
   760: v=20 e=0000 i=0 cpl=0 IP=0008:0010117e pc=0010117e SP=0010:00107fa4 env->regs[R_EAX]=00000730
EAX=00000730 EBX=00000031 ECX=00000081 EDX=00000001
ESI=000b8000 EDI=00000700 EBP=00107fb0 ESP=00107fa4
EIP=0010117e EFL=00000206 [-----P-] CPL=0 II=0 A20=1 SMM=0 HLT=0
ES =0010 00000000 ffffffff 00cf9300 DPL=0 DS   [-WA]
CS =0008 00000000 ffffffff 00cf9a00 DPL=0 CS32 [-R-]
SS =0010 00000000 ffffffff 00cf9300 DPL=0 DS   [-WA]
DS =0010 00000000 ffffffff 00cf9300 DPL=0 DS   [-WA]
FS =0010 00000000 ffffffff 00cf9300 DPL=0 DS   [-WA]
GS =0010 00000000 ffffffff 00cf9300 DPL=0 DS   [-WA]
LDT=0000 00000000 0000ffff 00008200 DPL=0 LDT
TR =0000 00000000 0000ffff 00008b00 DPL=0 TSS32-busy
GDT=     00108008 00000017
IDT=     00108060 000007ff
CR0=80000011 CR2=00000000 CR3=00000000 CR4=00000000
DR0=00000000 DR1=00000000 DR2=00000000 DR3=00000000 
DR6=ffff0ff0 DR7=00000400
CCS=00000004 CCD=00000081 CCO=EFLAGS
EFER=0000000000000000
Servicing hardware INT=0x20
   761: v=20 e=0000 i=0 cpl=0 IP=0008:0010117e pc=0010117e SP=0010:d0000fa9 env->regs[R_EAX]=00000741
EAX=00000741 EBX=00000026 ECX=00000166 EDX=00000004
ESI=000b8000 EDI=00000700 EBP=d0000fb5 ESP=d0000fa9
EIP=0010117e EFL=00000206 [-----P-] CPL=0 II=0 A20=1 SMM=0 HLT=0
ES =0010 00000000 ffffffff 00cf9300 DPL=0 DS   [-WA]
CS =0008 00000000 ffffffff 00cf9a00 DPL=0 CS32 [-R-]
SS =0010 00000000 ffffffff 00cf9300 DPL=0 DS   [-WA]
DS =0010 00000000 ffffffff 00cf9300 DPL=0 DS   [-WA]
FS =0010 00000000 ffffffff 00cf9300 DPL=0 DS   [-WA]
GS =0010 00000000 ffffffff 00cf9300 DPL=0 DS   [-WA]
LDT=0000 00000000 0000ffff 00008200 DPL=0 LDT
TR =0000 00000000 0000ffff 00008b00 DPL=0 TSS32-busy
GDT=     00108008 00000017
IDT=     00108060 000007ff
CR0=80000011 CR2=00000000 CR3=00000000 CR4=00000000
DR0=00000000 DR1=00000000 DR2=00000000 DR3=00000000 
DR6=ffff0ff0 DR7=00000400
CCS=00000004 CCD=00000166 CCO=EFLAGS
EFER=0000000000000000
Servicing hardware INT=0x20
   762: v=20 e=0000 i=0 cpl=0 IP=0008:0010117e pc=0010117e SP=0010:d0001fb2 env->regs[R_EAX]=00000742
EAX=00000742 EBX=00000024 ECX=00000524 EDX=00000010
ESI=000b8000 EDI=00000700 EBP=d0001fbe ESP=d0001fb2
EIP=0010117e EFL=00000206 [-----P-] CPL=0 II=0 A20=1 SMM=0 HLT=0
ES =0010 00000000 ffffffff 00cf9300 DPL=0 DS   [-WA]
CS =0008 00000000 ffffffff 00cf9a00 DPL=0 CS32 [-R-]
SS =0010 00000000 ffffffff 00cf9300 DPL=0 DS   [-WA]
DS =0010 00000000 ffffffff 00cf9300 DPL=0 DS   [-WA]
FS =0010 00000000 ffffffff 00cf9300 DPL=0 DS   [-WA]
GS =0010 00000000 ffffffff 00cf9300 DPL=0 DS   [-WA]
LDT=0000 00000000 0000ffff 00008200 DPL=0 LDT
TR =0000 00000000 0000ffff 00008b00 DPL=0 TSS32-busy
GDT=     00108008 00000017
IDT=     00108060 000007ff
CR0=80000011 CR2=00000000 CR3=00000000 CR4=00000000
DR0=00000000 DR1=00000000 DR2=00000000 DR3=00000000 
DR6=ffff0ff0 DR7=00000400
CCS=00000004 CCD=00000524 CCO=EFLAGS
EFER=0000000000000000
Servicing hardware INT=0x20
   763: v=20 e=0000 i=0 cpl=0 IP=0008:0010117e pc=0010117e SP=0010:00107fa4 env->regs[R_EAX]=00000730
EAX=00000730 EBX=0000004e ECX=0000031e EDX=00000009
ESI=000b8000 EDI=00000700 EBP=00107fb0 ESP=00107fa4
EIP=0010117e EFL=00000206 [-----P-] CPL=0 II=0 A20=1 SMM=0 HLT=0
ES =0010 00000000 ffffffff 00cf9300 DPL=0 DS   [-WA]
CS =0008 00000000 ffffffff 00cf9a00 DPL=0 CS32 [-R-]
SS =0010 00000000 ffffffff 00cf9300 DPL=0 DS   [-WA]
DS =0010 00000000 ffffffff 00cf9300 DPL=0 DS   [-WA]
FS =0010 00000000 ffffffff 00cf9300 DPL=0 DS   [-WA]
GS =0010 00000000 ffffffff 00cf9300 DPL=0 DS   [-WA]
LDT=0000 00000000 0000ffff 00008200 DPL=0 LDT
TR =0000 00000000 0000ffff 00008b00 DPL=0 TSS32-busy
GDT=     00108008 00000017
IDT=     00108060 000007ff
CR0=80000011 CR2=00000000 CR3=00000000 CR4=00000000
DR0=00000000 DR1=00000000 DR2=00000000 DR3=00000000 
DR6=ffff0ff0 DR7=00000400
CCS=00000004 CCD=0000031e CCO=EFLAGS
EFER=0000000000000000
Servicing hardware INT=0x20
   764: v=20 e=0000 i=0 cpl=0 IP=0008:0010117e pc=0010117e SP=0010:d0000fa9 env->regs[R_EAX]=00000741
EAX=00000741 EBX=00000002 ECX=000005f2 EDX=00000013
ESI=000b8000 EDI=00000700 EBP=d0000fb5 ESP=d0000fa9
EIP=0010117e EFL=00000202 [-------] CPL=0 II=0 A20=1 SMM=0 HLT=0
ES =0010 00000000 ffffffff 00cf9300 DPL=0 DS   [-WA]
CS =0008 00000000 ffffffff 00cf9a00 DPL=0 CS32 [-R-]
SS =0010 00000000 ffffffff 00cf9300 DPL=0 DS   [-WA]
DS =0010 00000000 ffffffff 00cf9300 DPL=0 DS   [-WA]
FS =0010 00000000 ffffffff 00cf9300 DPL=0 DS   [-WA]
GS =0010 00000000 ffffffff 00cf9300 DPL=0 DS   [-WA]
LDT=0000 00000000 0000ffff 00008200 DPL=0 LDT
TR =0000 00000000 0000ffff 00008b00 DPL=0 TSS32-busy
GDT=     00108008 00000017
IDT=     00108060 000007ff
CR0=80000011 CR2=00000000 CR3=00000000 CR4=00000000
DR0=00000000 DR1=00000000 DR2=00000000 DR3=00000000 
DR6=ffff0ff0 DR7=00000400
CCS=00000000 CCD=000005f2 CCO=EFLAGS
EFER=0000000000000000
Servicing hardware INT=0x20
   765: v=20 e=0000 i=0 cpl=0 IP=0008:0010117e pc=0010117e SP=0010:d0001fb2 env->regs[R_EAX]=00000742
EAX=00000742 EBX=00000028 ECX=00000618 EDX=00000013
ESI=000b8000 EDI=00000700 EBP=d0001fbe ESP=d0001fb2
EIP=0010117e EFL=00000206 [-----P-] CPL=0 II=0 A20=1 SMM=0 HLT=0
ES =0010 00000000 ffffffff 00cf9300 DPL=0 DS   [-WA]
CS =0008 00000000 ffffffff 00cf9a00 DPL=0 CS32 [-R-]
SS =0010 00000000 ffffffff 00cf9300 DPL=0 DS   [-WA]
DS =0010 00000000 ffffffff 00cf9300 DPL=0 DS   [-WA]
FS =0010 00000000 ffffffff 00cf9300 DPL=0 DS   [-WA]
GS =0010 00000000 ffffffff 00cf9300 DPL=0 DS   [-WA]
LDT=0000 00000000 0000ffff 00008200 DPL=0 LDT
TR =0000 00000000 0000ffff 00008b00 DPL=0 TSS32-busy
GDT=     00108008 00000017
IDT=     00108060 000007ff
CR0=80000011 CR2=00000000 CR3=00000000 CR4=00000000
DR0=00000000 DR1=00000000 DR2=00000000 DR3=00000000 
DR6=ffff0ff0 DR7=00000400
CCS=00000004 CCD=00000618 CCO=EFLAGS
EFER=0000000000000000
Servicing hardware INT=0x20
   766: v=20 e=0000 i=0 cpl=0 IP=0008:0010117e pc=0010117e SP=0010:00107fa4 env->regs[R_EAX]=00000730
EAX=00000730 EBX=00000008 ECX=00000418 EDX=0000000d
ESI=000b8000 EDI=00000700 EBP=00107fb0 ESP=00107fa4
EIP=0010117e EFL=00000206 [-----P-] CPL=0 II=0 A20=1 SMM=0 HLT=0
ES =0010 00000000 ffffffff 00cf9300 DPL=0 DS   [-WA]
CS =0008 00000000 ffffffff 00cf9a00 DPL=0 CS32 [-R-]
SS =0010 00000000 ffffffff 00cf9300 DPL=0 DS   [-WA]
DS =0010 00000000 ffffffff 00cf9300 DPL=0 DS   [-WA]
FS =0010 00000000 ffffffff 00cf9300 DPL=0 DS   [-WA]
GS =0010 00000000 ffffffff 00cf9300 DPL=0 DS   [-WA]
LDT=0000 00000000 0000ffff 00008200 DPL=0 LDT
TR =0000 00000000 0000ffff 00008b00 DPL=0 TSS32-busy
GDT=     00108008 00000017
IDT=     00108060 000007ff
CR0=80000011 CR2=00000000 CR3=00000000 CR4=00000000
DR0=00000000 DR1=00000000 DR2=00000000 DR3=00000000 
DR6=ffff0ff0 DR7=00000400
CCS=00000004 CCD=00000418 CCO=EFLAGS
EFER=0000000000000000
Servicing hardware INT=0x20
   767: v=20 e=0000 i=0 cpl=0 IP=0008:0010117e pc=0010117e SP=0010:d0000fa9 env->regs[R_EAX]=00000741
EAX=00000741 EBX=00000006 ECX=00000646 EDX=00000014
ESI=000b8000 EDI=00000700 EBP=d0000fb5 ESP=d0000fa9
EIP=0010117e EFL=00000202 [-------] CPL=0 II=0 A20=1 SMM=0 HLT=0
ES =0010 00000000 ffffffff 00cf9300 DPL=0 DS   [-WA]
CS =0008 00000000 ffffffff 00cf9a00 DPL=0 CS32 [-R-]
SS =0010 00000000 ffffffff 00cf9300 DPL=0 DS   [-WA]
DS =0010 00000000 ffffffff 00cf9300 DPL=0 DS   [-WA]
FS =0010 00000000 ffffffff 00cf9300 DPL=0 DS   [-WA]
GS =0010 00000000 ffffffff 00cf9300 DPL=0 DS   [-WA]
LDT=0000 00000000 0000ffff 00008200 DPL=0 LDT
TR =0000 00000000 0000ffff 00008b00 DPL=0 TSS32-busy
GDT=     00108008 00000017
IDT=     00108060 000007ff
CR0=80000011 CR2=00000000 CR3=00000000 CR4=00000000
DR0=00000000 DR1=00000000 DR2=00000000 DR3=00000000 
DR6=ffff0ff0 DR7=00000400
CCS=00000000 CCD=00000646 CCO=EFLAGS
EFER=0000000000000000
Servicing hardware INT=0x20
   768: v=20 e=0000 i=0 cpl=0 IP=0008:0010117e pc=0010117e SP=0010:d0001fb2 env->regs[R_EAX]=00000742
EAX=00000742 EBX=00000022 ECX=00000392 EDX=0000000b
ESI=000b8000 EDI=00000700 EBP=d0001fbe ESP=d0001fb2
EIP=0010117e EFL=00000202 [-------] CPL=0 II=0 A20=1 SMM=0 HLT=0
ES =0010 00000000 ffffffff 00cf9300 DPL=0 DS   [-WA]
CS =0008 00000000 ffffffff 00cf9a00 DPL=0 CS32 [-R-]
SS =0010 00000000 ffffffff 00cf9300 DPL=0 DS   [-WA]
DS =0010 00000000 ffffffff 00cf9300 DPL=0 DS   [-WA]
FS =0010 00000000 ffffffff 00cf9300 DPL=0 DS   [-WA]
GS =0010 00000000 ffffffff 00cf9300 DPL=0 DS   [-WA]
LDT=0000 00000000 0000ffff 00008200 DPL=0 LDT
TR =0000 00000000 0000ffff 00008b00 DPL=0 TSS32-busy
GDT=     00108008 00000017
IDT=     00108060 000007ff
CR0=80000011 CR2=00000000 CR3=00000000 CR4=00000000
DR0=00000000 DR1=00000000 DR2=00000000 DR3=00000000 
DR6=ffff0ff0 DR7=00000400
CCS=00000000 CCD=00000392 CCO=EFLAGS
EFER=0000000000000000
Servicing hardware INT=0x20
   769: v=20 e=0000 i=0 cpl=0 IP=0008:0010117e pc=0010117e SP=0010:00107fa4 env->regs[R_EAX]=00000730
EAX=00000730 EBX=0000001d ECX=0000060d EDX=00000013
ESI=000b8000 EDI=00000700 EBP=00107fb0 ESP=00107fa4
EIP=0010117e EFL=00000202 [-------] CPL=0 II=0 A20=1 SMM=0 HLT=0
ES =0010 00000000 ffffffff 00cf9300 DPL=0 DS   [-WA]
CS =0008 00000000 ffffffff 00cf9a00 DPL=0 CS32 [-R-]
SS =0010 00000000 ffffffff 00cf9300 DPL=0 DS   [-WA]
DS =0010 00000000 ffffffff 00cf9300 DPL=0 DS   [-WA]
FS =0010 00000000 ffffffff 00cf9300 DPL=0 DS   [-WA]
GS =0010 00000000 ffffffff 00cf9300 DPL=0 DS   [-WA]
LDT=0000 00000000 0000ffff 00008200 DPL=0 LDT
TR =0000 00000000 0000ffff 00008b00 DPL=0 TSS32-busy
GDT=     00108008 00000017
IDT=     00108060 000007ff
CR0=80000011 CR2=00000000 CR3=00000000 CR4=00000000
DR0=00000000 DR1=00000000 DR2=00000000 DR3=00000000 
DR6=ffff0ff0 DR7=00000400
CCS=00000000 CCD=0000060d CCO=EFLAGS
EFER=0000000000000000
Servicing hardware INT=0x20
   770: v=20 e=0000 i=0 cpl=0 IP=0008:0010117e pc=0010117e SP=0010:d0000fa9 env->regs[R_EAX]=00000741
EAX=00000741 EBX=00000033 ECX=000001c3 EDX=00000005
ESI=000b8000 EDI=00000700 EBP=d0000fb5 ESP=d0000fa9
EIP=0010117e EFL=00000206 [-----P-] CPL=0 II=0 A20=1 SMM=0 HLT=0
ES =0010 00000000 ffffffff 00cf9300 DPL=0 DS   [-WA]
CS =0008 00000000 ffffffff 00cf9a00 DPL=0 CS32 [-R-]
SS =0010 00000000 ffffffff 00cf9300 DPL=0 DS   [-WA]
DS =0010 00000000 ffffffff 00cf9300 DPL=0 DS   [-WA]
FS =0010 00000000 ffffffff 00cf9300 DPL=0 DS   [-WA]
GS =0010 00000000 ffffffff 00cf9300 DPL=0 DS   [-WA]
LDT=0000 00000000 0000ffff 00008200 DPL=0 LDT
TR =0000 00000000 0000ffff 00008b00 DPL=0 TSS32-busy
GDT=     00108008 00000017
IDT=     00108060 000007ff
CR0=80000011 CR2=00000000 CR3=00000000 CR4=00000000
DR0=00000000 DR1=00000000 DR2=00000000 DR3=00000000 
DR6=ffff0ff0 DR7=00000400
CCS=00000004 CCD=000001c3 CCO=EFLAGS
EFER=0000000000000000
Servicing hardware INT=0x20
   771: v=20 e=0000 i=0 cpl=0 IP=0008:0010117e pc=0010117e SP=0010:d0001fb2 env->regs[R_EAX]=00000742
EAX=00000742 EBX=00000037 ECX=00000087 EDX=00000001
ESI=000b8000 EDI=00000700 EBP=d0001fbe ESP=d0001fb2
EIP=0010117e EFL=00000206 [-----P-] CPL=0 II=0 A20=1 SMM=0 HLT=0
ES =0010 00000000 ffffffff 00cf9300 DPL=0 DS   [-WA]
CS =0008 00000000 ffffffff 00cf9a00 DPL=0 CS32 [-R-]
SS =0010 00000000 ffffffff 00cf9300 DPL=0 DS   [-WA]
DS =0010 00000000 ffffffff 00cf9300 DPL=0 DS   [-WA]
FS =0010 00000000 ffffffff 00cf9300 DPL=0 DS   [-WA]
GS =0010 00000000 ffffffff 00cf9300 DPL=0 DS   [-WA]
LDT=0000 00000000 0000ffff 00008200 DPL=0 LDT
TR =0000 00000000 0000ffff 00008b00 DPL=0 TSS32-busy
GDT=     00108008 00000017
IDT=     00108060 000007ff
CR0=80000011 CR2=00000000 CR3=00000000 CR4=00000000
DR0=00000000 DR1=00000000 DR2=00000000 DR3=00000000 
DR6=ffff0ff0 DR7=00000400
CCS=00000004 CCD=00000087 CCO=EFLAGS
EFER=0000000000000000
Servicing hardware INT=0x20
   772: v=20 e=0000 i=0 cpl=0 IP=0008:0010117e pc=0010117e SP=0010:00107fa4 env->regs[R_EAX]=00000730
EAX=00000730 EBX=00000000 ECX=00000000 EDX=00000000
ESI=000b8000 EDI=00000700 EBP=00107fb0 ESP=00107fa4
EIP=0010117e EFL=00000246 [---Z-P-] CPL=0 II=0 A20=1 SMM=0 HLT=0
ES =0010 00000000 ffffffff 00cf9300 DPL=0 DS   [-WA]
CS =0008 00000000 ffffffff 00cf9a00 DPL=0 CS32 [-R-]
SS =0010 00000000 ffffffff 00cf9300 DPL=0 DS   [-WA]
DS =0010 00000000 ffffffff 00cf9300 DPL=0 DS   [-WA]
FS =0010 00000000 ffffffff 00cf9300 DPL=0 DS   [-WA]
GS =0010 00000000 ffffffff 00cf9300 DPL=0 DS   [-WA]
LDT=0000 00000000 0000ffff 00008200 DPL=0 LDT
TR =0000 00000000 0000ffff 00008b00 DPL=0 TSS32-busy
GDT=     00108008 00000017
IDT=     00108060 000007ff
CR0=80000011 CR2=00000000 CR3=00000000 CR4=00000000
DR0=00000000 DR1=00000000 DR2=00000000 DR3=00000000 
DR6=ffff0ff0 DR7=00000400
CCS=00000044 CCD=00000000 CCO=EFLAGS
EFER=0000000000000000
Servicing hardware INT=0x20
   773: v=20 e=0000 i=0 cpl=0 IP=0008:0010117e pc=0010117e SP=0010:d0000fa9 env->regs[R_EAX]=00000741
EAX=00000741 EBX=0000000c ECX=000005ac EDX=00000012
ESI=000b8000 EDI=00000700 EBP=d0000fb5 ESP=d0000fa9
EIP=0010117e EFL=00000206 [-----P-] CPL=0 II=0 A20=1 SMM=0 HLT=0
ES =0010 00000000 ffffffff 00cf9300 DPL=0 DS   [-WA]
CS =0008 00000000 ffffffff 00cf9a00 DPL=0 CS32 [-R-]
SS =0010 00000000 ffffffff 00cf9300 DPL=0 DS   [-WA]
DS =0010 00000000 ffffffff 00cf9300 DPL=0 DS   [-WA]
FS =0010 00000000 ffffffff 00cf9300 DPL=0 DS   [-WA]
GS =0010 00000000 ffffffff 00cf9300 DPL=0 DS   [-WA]
LDT=0000 00000000 0000ffff 00008200 DPL=0 LDT
TR =0000 00000000 0000ffff 00008b00 DPL=0 TSS32-busy
GDT=     00108008 00000017
IDT=     00108060 000007ff
CR0=80000011 CR2=00000000 CR3=00000000 CR4=00000000
DR0=00000000 DR1=00000000 DR2=00000000 DR3=00000000 
DR6=ffff0ff0 DR7=00000400
CCS=00000004 CCD=000005ac CCO=EFLAGS
EFER=0000000000000000
Servicing hardware INT=0x20
   774: v=20 e=0000 i=0 cpl=0 IP=0008:0010117e pc=0010117e SP=0010:d0001fb2 env->regs[R_EAX]=00000742
EAX=00000742 EBX=0000000b ECX=000003cb EDX=0000000c
ESI=000b8000 EDI=00000700 EBP=d0001fbe ESP=d0001fb2
EIP=0010117e EFL=00000202 [-------] CPL=0 II=0 A20=1 SMM=0 HLT=0
ES =0010 00000000 ffffffff 00cf9300 DPL=0 DS   [-WA]
CS =0008 00000000 ffffffff 00cf9a00 DPL=0 CS32 [-R-]
SS =0010 00000000 ffffffff 00cf9300 DPL=0 DS   [-WA]
DS =0010 00000000 ffffffff 00cf9300 DPL=0 DS   [-WA]
FS =0010 00000000 ffffffff 00cf9300 DPL=0 DS   [-WA]
GS =0010 00000000 ffffffff 00cf9300 DPL=0 DS   [-WA]
LDT=0000 00000000 0000ffff 00008200 DPL=0 LDT
TR =0000 00000000 0000ffff 00008b00 DPL=0 TSS32-busy
GDT=     00108008 00000017
IDT=     00108060 000007ff
CR0=80000011 CR2=00000000 CR3=00000000 CR4=00000000
DR0=00000000 DR1=00000000 DR2=00000000 DR3=00000000 
DR6=ffff0ff0 DR7=00000400
CCS=00000000 CCD=000003cb CCO=EFLAGS
EFER=0000000000000000
Servicing hardware INT=0x20
   775: v=20 e=0000 i=0 cpl=0 IP=0008:0010117e pc=0010117e SP=0010:00107fa4 env->regs[R_EAX]=00000730
EAX=00000730 EBX=00000032 ECX=000003f2 EDX=0000000c
ESI=000b8000 EDI=00000700 EBP=00107fb0 ESP=00107fa4
EIP=0010117e EFL=00000202 [-------] CPL=0 II=0 A20=1 SMM=0 HLT=0
ES =0010 00000000 ffffffff 00cf9300 DPL=0 DS   [-WA]
CS =0008 00000000 ffffffff 00cf9a00 DPL=0 CS32 [-R-]
SS =0010 00000000 ffffffff 00cf9300 DPL=0 DS   [-WA]
DS =0010 00000000 ffffffff 00cf9300 DPL=0 DS   [-WA]
FS =0010 00000000 ffffffff 00cf9300 DPL=0 DS   [-WA]
GS =0010 00000000 ffffffff 00cf9300 DPL=0 DS   [-WA]
LDT=0000 00000000 0000ffff 00008200 DPL=0 LDT
TR =0000 00000000 0000ffff 00008b00 DPL=0 TSS32-busy
GDT=     00108008 00000017
IDT=     00108060 000007ff
CR0=80000011 CR2=00000000 CR3=00000000 CR4=00000000
DR0=00000000 DR1=00000000 DR2=00000000 DR3=00000000 
DR6=ffff0ff0 DR7=00000400
CCS=00000000 CCD=000003f2 CCO=EFLAGS
EFER=0000000000000000
Servicing hardware INT=0x20
   776: v=20 e=0000 i=0 cpl=0 IP=0008:0010117e pc=0010117e SP=0010:d0000fa9 env->regs[R_EAX]=00000741
EAX=00000741 EBX=00000041 ECX=000001d1 EDX=00000005
ESI=000b8000 EDI=00000700 EBP=d0000fb5 ESP=d0000fa9
EIP=0010117e EFL=00000206 [-----P-] CPL=0 II=0 A20=1 SMM=0 HLT=0
ES =0010 00000000 ffffffff 00cf9300 DPL=0 DS   [-WA]
CS =0008 00000000 ffffffff 00cf9a00 DPL=0 CS32 [-R-]
SS =0010 00000000 ffffffff 00cf9300 DPL=0 DS   [-WA]
DS =0010 00000000 ffffffff 00cf9300 DPL=0 DS   [-WA]
FS =0010 00000000 ffffffff 00cf9300 DPL=0 DS   [-WA]
GS =0010 00000000 ffffffff 00cf9300 DPL=0 DS   [-WA]
LDT=0000 00000000 0000ffff 00008200 DPL=0 LDT
TR =0000 00000000 0000ffff 00008b00 DPL=0 TSS32-busy
GDT=     00108008 00000017
IDT=     00108060 000007ff
CR0=80000011 CR2=00000000 CR3=00000000 CR4=00000000
DR0=00000000 DR1=00000000 DR2=00000000 DR3=00000000 
DR6=ffff0ff0 DR7=00000400
CCS=00000004 CCD=000001d1 CCO=EFLAGS
EFER=0000000000000000
Servicing hardware INT=0x20
   777: v=20 e=0000 i=0 cpl=0 IP=0008:0010117e pc=0010117e SP=0010:d0001fb2 env->regs[R_EAX]=00000742
EAX=00000742 EBX=00000005 ECX=000002d5 EDX=00000009
ESI=000b8000 EDI=00000700 EBP=d0001fbe ESP=d0001fb2
EIP=0010117e EFL=00000202 [-------] CPL=0 II=0 A20=1 SMM=0 HLT=0
ES =0010 00000000 ffffffff 00cf9300 DPL=0 DS   [-WA]
CS =0008 00000000 ffffffff 00cf9a00 DPL=0 CS32 [-R-]
SS =0010 00000000 ffffffff 00cf9300 DPL=0 DS   [-WA]
DS =0010 00000000 ffffffff 00cf9300 DPL=0 DS   [-WA]
FS =0010 00000000 ffffffff 00cf9300 DPL=0 DS   [-WA]
GS =0010 00000000 ffffffff 00cf9300 DPL=0 DS   [-WA]
LDT=0000 00000000 0000ffff 00008200 DPL=0 LDT
TR =0000 00000000 0000ffff 00008b00 DPL=0 TSS32-busy
GDT=     00108008 00000017
IDT=     00108060 000007ff
CR0=80000011 CR2=00000000 CR3=00000000 CR4=00000000
DR0=00000000 DR1=00000000 DR2=00000000 DR3=00000000 
DR6=ffff0ff0 DR7=00000400
CCS=00000000 CCD=000002d5 CCO=EFLAGS
EFER=0000000000000000
Servicing hardware INT=0x20
   778: v=20 e=0000 i=0 cpl=0 IP=0008:0010117e pc=0010117e SP=0010:00107fa4 env->regs[R_EAX]=00000730
EAX=00000730 EBX=00000030 ECX=00000030 EDX=00000000
ESI=000b8000 EDI=00000700 EBP=00107fb0 ESP=00107fa4
EIP=0010117e EFL=00000206 [-----P-] CPL=0 II=0 A20=1 SMM=0 HLT=0
ES =0010 00000000 ffffffff 00cf9300 DPL=0 DS   [-WA]
CS =0008 00000000 ffffffff 00cf9a00 DPL=0 CS32 [-R-]
SS =0010 00000000 ffffffff 00cf9300 DPL=0 DS   [-WA]
DS =0010 00000000 ffffffff 00cf9300 DPL=0 DS   [-WA]
FS =0010 00000000 ffffffff 00cf9300 DPL=0 DS   [-WA]
GS =0010 00000000 ffffffff 00cf9300 DPL=0 DS   [-WA]
LDT=0000 00000000 0000ffff 00008200 DPL=0 LDT
TR =0000 00000000 0000ffff 00008b00 DPL=0 TSS32-busy
GDT=     00108008 00000017
IDT=     00108060 000007ff
CR0=80000011 CR2=00000000 CR3=00000000 CR4=00000000
DR0=00000000 DR1=00000000 DR2=00000000 DR3=00000000 
DR6=ffff0ff0 DR7=00000400
CCS=00000004 CCD=00000030 CCO=EFLAGS
EFER=0000000000000000
Servicing hardware INT=0x20
   779: v=20 e=0000 i=0 cpl=0 IP=0008:0010117e pc=0010117e SP=0010:d0000fa9 env->regs[R_EAX]=00000741
EAX=00000741 EBX=0000003a ECX=0000035a EDX=0000000a
ESI=000b8000 EDI=00000700 EBP=d0000fb5 ESP=d0000fa9
EIP=0010117e EFL=00000206 [-----P-] CPL=0 II=0 A20=1 SMM=0 HLT=0
ES =0010 00000000 ffffffff 00cf9300 DPL=0 DS   [-WA]
CS =0008 00000000 ffffffff 00cf9a00 DPL=0 CS32 [-R-]
SS =0010 00000000 ffffffff 00cf9300 DPL=0 DS   [-WA]
DS =0010 00000000 ffffffff 00cf9300 DPL=0 DS   [-WA]
FS =0010 00000000 ffffffff 00cf9300 DPL=0 DS   [-WA]
GS =0010 00000000 ffffffff 00cf9300 DPL=0 DS   [-WA]
LDT=0000 00000000 0000ffff 00008200 DPL=0 LDT
TR =0000 00000000 0000ffff 00008b00 DPL=0 TSS32-busy
GDT=     00108008 00000017
IDT=     00108060 000007ff
CR0=80000011 CR2=00000000 CR3=00000000 CR4=00000000
DR0=00000000 DR1=00000000 DR2=00000000 DR3=00000000 
DR6=ffff0ff0 DR7=00000400
CCS=00000004 CCD=0000035a CCO=EFLAGS
EFER=0000000000000000
Servicing hardware INT=0x20
   780: v=20 e=0000 i=0 cpl=0 IP=0008:0010117e pc=0010117e SP=0010:d0001fb2 env->regs[R_EAX]=00000742
EAX=00000742 EBX=0000001f ECX=0000033f EDX=0000000a
ESI=000b8000 EDI=00000700 EBP=d0001fbe ESP=d0001fb2
EIP=0010117e EFL=00000206 [-----P-] CPL=0 II=0 A20=1 SMM=0 HLT=0
ES =0010 00000000 ffffffff 00cf9300 DPL=0 DS   [-WA]
CS =0008 00000000 ffffffff 00cf9a00 DPL=0 CS32 [-R-]
SS =0010 00000000 ffffffff 00cf9300 DPL=0 DS   [-WA]
DS =0010 00000000 ffffffff 00cf9300 DPL=0 DS   [-WA]
FS =0010 00000000 ffffffff 00cf9300 DPL=0 DS   [-WA]
GS =0010 00000000 ffffffff 00cf9300 DPL=0 DS   [-WA]
LDT=0000 00000000 0000ffff 00008200 DPL=0 LDT
TR =0000 00000000 0000ffff 00008b00 DPL=0 TSS32-busy
GDT=     00108008 00000017
IDT=     00108060 000007ff
CR0=80000011 CR2=00000000 CR3=00000000 CR4=00000000
DR0=00000000 DR1=00000000 DR2=00000000 DR3=00000000 
DR6=ffff0ff0 DR7=00000400
CCS=00000004 CCD=0000033f CCO=EFLAGS
EFER=0000000000000000
Servicing hardware INT=0x20
   781: v=20 e=0000 i=0 cpl=0 IP=0008:0010117e pc=0010117e SP=0010:00107fa4 env->regs[R_EAX]=00000730
EAX=00000730 EBX=00000047 ECX=00000227 EDX=00000006
ESI=000b8000 EDI=00000700 EBP=00107fb0 ESP=00107fa4
EIP=0010117e EFL=00000206 [-----P-] CPL=0 II=0 A20=1 SMM=0 HLT=0
ES =0010 00000000 ffffffff 00cf9300 DPL=0 DS   [-WA]
CS =0008 00000000 ffffffff 00cf9a00 DPL=0 CS32 [-R-]
SS =0010 00000000 ffffffff 00cf9300 DPL=0 DS   [-WA]
DS =0010 00000000 ffffffff 00cf9300 DPL=0 DS   [-WA]
FS =0010 00000000 ffffffff 00cf9300 DPL=0 DS   [-WA]
GS =0010 00000000 ffffffff 00cf9300 DPL=0 DS   [-WA]
LDT=0000 00000000 0000ffff 00008200 DPL=0 LDT
TR =0000 00000000 0000ffff 00008b00 DPL=0 TSS32-busy
GDT=     00108008 00000017
IDT=     00108060 000007ff
CR0=80000011 CR2=00000000 CR3=00000000 CR4=00000000
DR0=00000000 DR1=00000000 DR2=00000000 DR3=00000000 
DR6=ffff0ff0 DR7=00000400
CCS=00000004 CCD=00000227 CCO=EFLAGS
EFER=0000000000000000
Servicing hardware INT=0x20
   782: v=20 e=0000 i=0 cpl=0 IP=0008:0010117e pc=0010117e SP=0010:d0000fa9 env->regs[R_EAX]=00000741
EAX=00000741 EBX=00000044 ECX=00000404 EDX=0000000c
ESI=000b8000 EDI=00000700 EBP=d0000fb5 ESP=d0000fa9
EIP=0010117e EFL=00000202 [-------] CPL=0 II=0 A20=1 SMM=0 HLT=0
ES =0010 00000000 ffffffff 00cf9300 DPL=0 DS   [-WA]
CS =0008 00000000 ffffffff 00cf9a00 DPL=0 CS32 [-R-]
SS =0010 00000000 ffffffff 00cf9300 DPL=0 DS   [-WA]
DS =0010 00000000 ffffffff 00cf9300 DPL=0 DS   [-WA]
FS =0010 00000000 ffffffff 00cf9300 DPL=0 DS   [-WA]
GS =0010 00000000 ffffffff 00cf9300 DPL=0 DS   [-WA]
LDT=0000 00000000 0000ffff 00008200 DPL=0 LDT
TR =0000 00000000 0000ffff 00008b00 DPL=0 TSS32-busy
GDT=     00108008 00000017
IDT=     00108060 000007ff
CR0=80000011 CR2=00000000 CR3=00000000 CR4=00000000
DR0=00000000 DR1=00000000 DR2=00000000 DR3=00000000 
DR6=ffff0ff0 DR7=00000400
CCS=00000000 CCD=00000404 CCO=EFLAGS
EFER=0000000000000000
Servicing hardware INT=0x20
   783: v=20 e=0000 i=0 cpl=0 IP=0008:0010117e pc=0010117e SP=0010:d0001fb2 env->regs[R_EAX]=00000742
EAX=00000742 EBX=0000003d ECX=0000008d EDX=00000001
ESI=000b8000 EDI=00000700 EBP=d0001fbe ESP=d0001fb2
EIP=0010117e EFL=00000206 [-----P-] CPL=0 II=0 A20=1 SMM=0 HLT=0
ES =0010 00000000 ffffffff 00cf9300 DPL=0 DS   [-WA]
CS =0008 00000000 ffffffff 00cf9a00 DPL=0 CS32 [-R-]
SS =0010 00000000 ffffffff 00cf9300 DPL=0 DS   [-WA]
DS =0010 00000000 ffffffff 00cf9300 DPL=0 DS   [-WA]
FS =0010 00000000 ffffffff 00cf9300 DPL=0 DS   [-WA]
GS =0010 00000000 ffffffff 00cf9300 DPL=0 DS   [-WA]
LDT=0000 00000000 0000ffff 00008200 DPL=0 LDT
TR =0000 00000000 0000ffff 00008b00 DPL=0 TSS32-busy
GDT=     00108008 00000017
IDT=     00108060 000007ff
CR0=80000011 CR2=00000000 CR3=00000000 CR4=00000000
DR0=00000000 DR1=00000000 DR2=00000000 DR3=00000000 
DR6=ffff0ff0 DR7=00000400
CCS=00000004 CCD=0000008d CCO=EFLAGS
EFER=0000000000000000
Servicing hardware INT=0x20
   784: v=20 e=0000 i=0 cpl=0 IP=0008:0010117e pc=0010117e SP=0010:00107fa4 env->regs[R_EAX]=00000730
EAX=00000730 EBX=0000002c ECX=000001bc EDX=00000005
ESI=000b8000 EDI=00000700 EBP=00107fb0 ESP=00107fa4
EIP=0010117e EFL=00000202 [-------] CPL=0 II=0 A20=1 SMM=0 HLT=0
ES =0010 00000000 ffffffff 00cf9300 DPL=0 DS   [-WA]
CS =0008 00000000 ffffffff 00cf9a00 DPL=0 CS32 [-R-]
SS =0010 00000000 ffffffff 00cf9300 DPL=0 DS   [-WA]
DS =0010 00000000 ffffffff 00cf9300 DPL=0 DS   [-WA]
FS =0010 00000000 ffffffff 00cf9300 DPL=0 DS   [-WA]
GS =0010 00000000 ffffffff 00cf9300 DPL=0 DS   [-WA]
LDT=0000 00000000 0000ffff 00008200 DPL=0 LDT
TR =0000 00000000 0000ffff 00008b00 DPL=0 TSS32-busy
GDT=     00108008 00000017
IDT=     00108060 000007ff
CR0=80000011 CR2=00000000 CR3=00000000 CR4=00000000
DR0=00000000 DR1=00000000 DR2=00000000 DR3=00000000 
DR6=ffff0ff0 DR7=00000400
CCS=00000000 CCD=000001bc CCO=EFLAGS
EFER=0000000000000000
Servicing hardware INT=0x20
   785: v=20 e=0000 i=0 cpl=0 IP=0008:0010117e pc=0010117e SP=0010:d0000fa9 env->regs[R_EAX]=00000741
EAX=00000741 EBX=00000049 ECX=00000139 EDX=00000003
ESI=000b8000 EDI=00000700 EBP=d0000fb5 ESP=d0000fa9
EIP=0010117e EFL=00000206 [-----P-] CPL=0 II=0 A20=1 SMM=0 HLT=0
ES =0010 00000000 ffffffff 00cf9300 DPL=0 DS   [-WA]
CS =0008 00000000 ffffffff 00cf9a00 DPL=0 CS32 [-R-]
SS =0010 00000000 ffffffff 00cf9300 DPL=0 DS   [-WA]
DS =0010 00000000 ffffffff 00cf9300 DPL=0 DS   [-WA]
FS =0010 00000000 ffffffff 00cf9300 DPL=0 DS   [-WA]
GS =0010 00000000 ffffffff 00cf9300 DPL=0 DS   [-WA]
LDT=0000 00000000 0000ffff 00008200 DPL=0 LDT
TR =0000 00000000 0000ffff 00008b00 DPL=0 TSS32-busy
GDT=     00108008 00000017
IDT=     00108060 000007ff
CR0=80000011 CR2=00000000 CR3=00000000 CR4=00000000
DR0=00000000 DR1=00000000 DR2=00000000 DR3=00000000 
DR6=ffff0ff0 DR7=00000400
CCS=00000004 CCD=00000139 CCO=EFLAGS
EFER=0000000000000000
Servicing hardware INT=0x20
   786: v=20 e=0000 i=0 cpl=0 IP=0008:0010117e pc=0010117e SP=0010:d0001fb2 env->regs[R_EAX]=00000742
EAX=00000742 EBX=0000000a ECX=0000064a EDX=00000014
ESI=000b8000 EDI=00000700 EBP=d0001fbe ESP=d0001fb2
EIP=0010117e EFL=00000202 [-------] CPL=0 II=0 A20=1 SMM=0 HLT=0
ES =0010 00000000 ffffffff 00cf9300 DPL=0 DS   [-WA]
CS =0008 00000000 ffffffff 00cf9a00 DPL=0 CS32 [-R-]
SS =0010 00000000 ffffffff 00cf9300 DPL=0 DS   [-WA]
DS =0010 00000000 ffffffff 00cf9300 DPL=0 DS   [-WA]
FS =0010 00000000 ffffffff 00cf9300 DPL=0 DS   [-WA]
GS =0010 00000000 ffffffff 00cf9300 DPL=0 DS   [-WA]
LDT=0000 00000000 0000ffff 00008200 DPL=0 LDT
TR =0000 00000000 0000ffff 00008b00 DPL=0 TSS32-busy
GDT=     00108008 00000017
IDT=     00108060 000007ff
CR0=80000011 CR2=00000000 CR3=00000000 CR4=00000000
DR0=00000000 DR1=00000000 DR2=00000000 DR3=00000000 
DR6=ffff0ff0 DR7=00000400
CCS=00000000 CCD=0000064a CCO=EFLAGS
EFER=0000000000000000
Servicing hardware INT=0x21
   787: v=21 e=0000 i=0 cpl=0 IP=0008:0010117e pc=0010117e SP=0010:00107fa4 env->regs[R_EAX]=00000730
EAX=00000730 EBX=00000043 ECX=00000773 EDX=00000017
ESI=000b8000 EDI=00000700 EBP=00107fb0 ESP=00107fa4
EIP=0010117e EFL=00000202 [-------] CPL=0 II=0 A20=1 SMM=0 HLT=0
ES =0010 00000000 ffffffff 00cf9300 DPL=0 DS   [-WA]
CS =0008 00000000 ffffffff 00cf9a00 DPL=0 CS32 [-R-]
SS =0010 00000000 ffffffff 00cf9300 DPL=0 DS   [-WA]
DS =0010 00000000 ffffffff 00cf9300 DPL=0 DS   [-WA]
FS =0010 00000000 ffffffff 00cf9300 DPL=0 DS   [-WA]
GS =0010 00000000 ffffffff 00cf9300 DPL=0 DS   [-WA]
LDT=0000 00000000 0000ffff 00008200 DPL=0 LDT
TR =0000 00000000 0000ffff 00008b00 DPL=0 TSS32-busy
GDT=     00108008 00000017
IDT=     00108060 000007ff
CR0=80000011 CR2=00000000 CR3=00000000 CR4=00000000
DR0=00000000 DR1=00000000 DR2=00000000 DR3=00000000 
DR6=ffff0ff0 DR7=00000400
CCS=00000043 CCD=00000773 CCO=ADDL
EFER=0000000000000000
Servicing hardware INT=0x20
   788: v=20 e=0000 i=0 cpl=0 IP=0008:0010117e pc=0010117e SP=0010:00107fa4 env->regs[R_EAX]=00000730
EAX=00000730 EBX=00000001 ECX=00000141 EDX=00000004
ESI=000b8000 EDI=00000700 EBP=00107fb0 ESP=00107fa4
EIP=0010117e EFL=00000206 [-----P-] CPL=0 II=0 A20=1 SMM=0 HLT=0
ES =0010 00000000 ffffffff 00cf9300 DPL=0 DS   [-WA]
CS =0008 00000000 ffffffff 00cf9a00 DPL=0 CS32 [-R-]
SS =0010 00000000 ffffffff 00cf9300 DPL=0 DS   [-WA]
DS =0010 00000000 ffffffff 00cf9300 DPL=0 DS   [-WA]
FS =0010 00000000 ffffffff 00cf9300 DPL=0 DS   [-WA]
GS =0010 00000000 ffffffff 00cf9300 DPL=0 DS   [-WA]
LDT=0000 00000000 0000ffff 00008200 DPL=0 LDT
TR =0000 00000000 0000ffff 00008b00 DPL=0 TSS32-busy
GDT=     00108008 00000017
IDT=     00108060 000007ff
CR0=80000011 CR2=00000000 CR3=00000000 CR4=00000000
DR0=00000000 DR1=00000000 DR2=00000000 DR3=00000000 
DR6=ffff0ff0 DR7=00000400
CCS=00000004 CCD=00000141 CCO=EFLAGS
EFER=0000000000000000
Servicing hardware INT=0x20
   789: v=20 e=0000 i=0 cpl=0 IP=0008:0010117e pc=0010117e SP=0010:d0000fa9 env->regs[R_EAX]=00000741
EAX=00000741 EBX=0000003c ECX=000003ac EDX=0000000b
ESI=000b8000 EDI=00000700 EBP=d0000fb5 ESP=d0000fa9
EIP=0010117e EFL=00000206 [-----P-] CPL=0 II=0 A20=1 SMM=0 HLT=0
ES =0010 00000000 ffffffff 00cf9300 DPL=0 DS   [-WA]
CS =0008 00000000 ffffffff 00cf9a00 DPL=0 CS32 [-R-]
SS =0010 00000000 ffffffff 00cf9300 DPL=0 DS   [-WA]
DS =0010 00000000 ffffffff 00cf9300 DPL=0 DS   [-WA]
FS =0010 00000000 ffffffff 00cf9300 DPL=0 DS   [-WA]
GS =0010 00000000 ffffffff 00cf9300 DPL=0 DS   [-WA]
LDT=0000 00000000 0000ffff 00008200 DPL=0 LDT
TR =0000 00000000 0000ffff 00008b00 DPL=0 TSS32-busy
GDT=     00108008 00000017
IDT=     00108060 000007ff
CR0=80000011 CR2=00000000 CR3=00000000 CR4=00000000
DR0=00000000 DR1=00000000 DR2=00000000 DR3=00000000 
DR6=ffff0ff0 DR7=00000400
CCS=00000004 CCD=000003ac CCO=EFLAGS
EFER=0000000000000000
Servicing hardware INT=0x20
   790: v=20 e=0000 i=0 cpl=0 IP=0008:0010117e pc=0010117e SP=0010:d0001fb2 env->regs[R_EAX]=00000742
EAX=00000742 EBX=00000039 ECX=000005d9 EDX=00000012
ESI=000b8000 EDI=00000700 EBP=d0001fbe ESP=d0001fb2
EIP=0010117e EFL=00000202 [-------] CPL=0 II=0 A20=1 SMM=0 HLT=0
ES =0010 00000000 ffffffff 00cf9300 DPL=0 DS   [-WA]
CS =0008 00000000 ffffffff 00cf9a00 DPL=0 CS32 [-R-]
SS =0010 00000000 ffffffff 00cf9300 DPL=0 DS   [-WA]
DS =0010 00000000 ffffffff 00cf9300 DPL=0 DS   [-WA]
FS =0010 00000000 ffffffff 00cf9300 DPL=0 DS   [-WA]
GS =0010 00000000 ffffffff 00cf9300 DPL=0 DS   [-WA]
LDT=0000 00000000 0000ffff 00008200 DPL=0 LDT
TR =0000 00000000 0000ffff 00008b00 DPL=0 TSS32-busy
GDT=     00108008 00000017
IDT=     00108060 000007ff
CR0=80000011 CR2=00000000 CR3=00000000 CR4=00000000
DR0=00000000 DR1=00000000 DR2=00000000 DR3=00000000 
DR6=ffff0ff0 DR7=00000400
CCS=00000000 CCD=000005d9 CCO=EFLAGS
EFER=0000000000000000
Servicing hardware INT=0x20
   791: v=20 e=0000 i=0 cpl=0 IP=0008:0010117e pc=0010117e SP=0010:00107fa4 env->regs[R_EAX]=00000730
EAX=00000730 EBX=00000019 ECX=000006f9 EDX=00000016
ESI=000b8000 EDI=00000700 EBP=00107fb0 ESP=00107fa4
EIP=0010117e EFL=00000206 [-----P-] CPL=0 II=0 A20=1 SMM=0 HLT=0
ES =0010 00000000 ffffffff 00cf9300 DPL=0 DS   [-WA]
CS =0008 00000000 ffffffff 00cf9a00 DPL=0 CS32 [-R-]
SS =0010 00000000 ffffffff 00cf9300 DPL=0 DS   [-WA]
DS =0010 00000000 ffffffff 00cf9300 DPL=0 DS   [-WA]
FS =0010 00000000 ffffffff 00cf9300 DPL=0 DS   [-WA]
GS =0010 00000000 ffffffff 00cf9300 DPL=0 DS   [-WA]
LDT=0000 00000000 0000ffff 00008200 DPL=0 LDT
TR =0000 00000000 0000ffff 00008b00 DPL=0 TSS32-busy
GDT=     00108008 00000017
IDT=     00108060 000007ff
CR0=80000011 CR2=00000000 CR3=00000000 CR4=00000000
DR0=00000000 DR1=00000000 DR2=00000000 DR3=00000000 
DR6=ffff0ff0 DR7=00000400
CCS=00000004 CCD=000006f9 CCO=EFLAGS
EFER=0000000000000000
Servicing hardware INT=0x20
   792: v=20 e=0000 i=0 cpl=0 IP=0008:0010117e pc=0010117e SP=0010:d0000fa9 env->regs[R_EAX]=00000741
EAX=00000741 EBX=00000030 ECX=00000490 EDX=0000000e
ESI=000b8000 EDI=00000700 EBP=d0000fb5 ESP=d0000fa9
EIP=0010117e EFL=00000206 [-----P-] CPL=0 II=0 A20=1 SMM=0 HLT=0
ES =0010 00000000 ffffffff 00cf9300 DPL=0 DS   [-WA]
CS =0008 00000000 ffffffff 00cf9a00 DPL=0 CS32 [-R-]
SS =0010 00000000 ffffffff 00cf9300 DPL=0 DS   [-WA]
DS =0010 00000000 ffffffff 00cf9300 DPL=0 DS   [-WA]
FS =0010 00000000 ffffffff 00cf9300 DPL=0 DS   [-WA]
GS =0010 00000000 ffffffff 00cf9300 DPL=0 DS   [-WA]
LDT=0000 00000000 0000ffff 00008200 DPL=0 LDT
TR =0000 00000000 0000ffff 00008b00 DPL=0 TSS32-busy
GDT=     00108008 00000017
IDT=     00108060 000007ff
CR0=80000011 CR2=00000000 CR3=00000000 CR4=00000000
DR0=00000000 DR1=00000000 DR2=00000000 DR3=00000000 
DR6=ffff0ff0 DR7=00000400
CCS=00000004 CCD=00000490 CCO=EFLAGS
EFER=0000000000000000
Servicing hardware INT=0x21
   793: v=21 e=0000 i=0 cpl=0 IP=0008:0010117e pc=0010117e SP=0010:d0001fb2 env->regs[R_EAX]=00000742
EAX=00000742 EBX=00000020 ECX=000002a0 EDX=00000008
ESI=000b8000 EDI=00000700 EBP=d0001fbe ESP=d0001fb2
EIP=0010117e EFL=00000206 [-----P-] CPL=0 II=0 A20=1 SMM=0 HLT=0
ES =0010 00000000 ffffffff 00cf9300 DPL=0 DS   [-WA]
CS =0008 00000000 ffffffff 00cf9a00 DPL=0 CS32 [-R-]
SS =0010 00000000 ffffffff 00cf9300 DPL=0 DS   [-WA]
DS =0010 00000000 ffffffff 00cf9300 DPL=0 DS   [-WA]
FS =0010 00000000 ffffffff 00cf9300 DPL=0 DS   [-WA]
GS =0010 00000000 ffffffff 00cf9300 DPL=0 DS   [-WA]
LDT=0000 00000000 0000ffff 00008200 DPL=0 LDT
TR =0000 00000000 0000ffff 00008b00 DPL=0 TSS32-busy
GDT=     00108008 00000017
IDT=     00108060 000007ff
CR0=80000011 CR2=00000000 CR3=00000000 CR4=00000000
DR0=00000000 DR1=00000000 DR2=00000000 DR3=00000000 
DR6=ffff0ff0 DR7=00000400
CCS=00000020 CCD=000002a0 CCO=ADDL
EFER=0000000000000000
Servicing hardware INT=0x20
   794: v=20 e=0000 i=0 cpl=0 IP=0008:0010117e pc=0010117e SP=0010:d0001fb2 env->regs[R_EAX]=00000742
EAX=00000742 EBX=00000011 ECX=00000061 EDX=00000001
ESI=000b8000 EDI=00000700 EBP=d0001fbe ESP=d0001fb2
EIP=0010117e EFL=00000202 [-------] CPL=0 II=0 A20=1 SMM=0 HLT=0
ES =0010 00000000 ffffffff 00cf9300 DPL=0 DS   [-WA]
CS =0008 00000000 ffffffff 00cf9a00 DPL=0 CS32 [-R-]
SS =0010 00000000 ffffffff 00cf9300 DPL=0 DS   [-WA]
DS =0010 00000000 ffffffff 00cf9300 DPL=0 DS   [-WA]
FS =0010 00000000 ffffffff 00cf9300 DPL=0 DS   [-WA]
GS =0010 00000000 ffffffff 00cf9300 DPL=0 DS   [-WA]
LDT=0000 00000000 0000ffff 00008200 DPL=0 LDT
TR =0000 00000000 0000ffff 00008b00 DPL=0 TSS32-busy
GDT=     00108008 00000017
IDT=     00108060 000007ff
CR0=80000011 CR2=00000000 CR3=00000000 CR4=00000000
DR0=00000000 DR1=00000000 DR2=00000000 DR3=00000000 
DR6=ffff0ff0 DR7=00000400
CCS=00000000 CCD=00000061 CCO=EFLAGS
EFER=0000000000000000
Servicing hardware INT=0x20
   795: v=20 e=0000 i=0 cpl=0 IP=0008:0010117e pc=0010117e SP=0010:00107fa4 env->regs[R_EAX]=00000730
EAX=00000730 EBX=0000002a ECX=0000070a EDX=00000016
ESI=000b8000 EDI=00000700 EBP=00107fb0 ESP=00107fa4
EIP=0010117e EFL=00000206 [-----P-] CPL=0 II=0 A20=1 SMM=0 HLT=0
ES =0010 00000000 ffffffff 00cf9300 DPL=0 DS   [-WA]
CS =0008 00000000 ffffffff 00cf9a00 DPL=0 CS32 [-R-]
SS =0010 00000000 ffffffff 00cf9300 DPL=0 DS   [-WA]
DS =0010 00000000 ffffffff 00cf9300 DPL=0 DS   [-WA]
FS =0010 00000000 ffffffff 00cf9300 DPL=0 DS   [-WA]
GS =0010 00000000 ffffffff 00cf9300 DPL=0 DS   [-WA]
LDT=0000 00000000 0000ffff 00008200 DPL=0 LDT
TR =0000 00000000 0000ffff 00008b00 DPL=0 TSS32-busy
GDT=     00108008 00000017
IDT=     00108060 000007ff
CR0=80000011 CR2=00000000 CR3=00000000 CR4=00000000
DR0=00000000 DR1=00000000 DR2=00000000 DR3=00000000 
DR6=ffff0ff0 DR7=00000400
CCS=00000004 CCD=0000070a CCO=EFLAGS
EFER=0000000000000000
Servicing hardware INT=0x20
   796: v=20 e=0000 i=0 cpl=0 IP=0008:0010117e pc=0010117e SP=0010:d0000fa9 env->regs[R_EAX]=00000741
EAX=00000741 EBX=0000002f ECX=0000052f EDX=00000010
ESI=000b8000 EDI=00000700 EBP=d0000fb5 ESP=d0000fa9
EIP=0010117e EFL=00000202 [-------] CPL=0 II=0 A20=1 SMM=0 HLT=0
ES =0010 00000000 ffffffff 00cf9300 DPL=0 DS   [-WA]
CS =0008 00000000 ffffffff 00cf9a00 DPL=0 CS32 [-R-]
SS =0010 00000000 ffffffff 00cf9300 DPL=0 DS   [-WA]
DS =0010 00000000 ffffffff 00cf9300 DPL=0 DS   [-WA]
FS =0010 00000000 ffffffff 00cf9300 DPL=0 DS   [-WA]
GS =0010 00000000 ffffffff 00cf9300 DPL=0 DS   [-WA]
LDT=0000 00000000 0000ffff 00008200 DPL=0 LDT
TR =0000 00000000 0000ffff 00008b00 DPL=0 TSS32-busy
GDT=     00108008 00000017
IDT=     00108060 000007ff
CR0=80000011 CR2=00000000 CR3=00000000 CR4=00000000
DR0=00000000 DR1=00000000 DR2=00000000 DR3=00000000 
DR6=ffff0ff0 DR7=00000400
CCS=00000000 CCD=0000052f CCO=EFLAGS
EFER=0000000000000000
Servicing hardware INT=0x20
   797: v=20 e=0000 i=0 cpl=0 IP=0008:0010117e pc=0010117e SP=0010:d0001fb2 env->regs[R_EAX]=00000742
EAX=00000742 EBX=00000034 ECX=00000534 EDX=00000010
ESI=000b8000 EDI=00000700 EBP=d0001fbe ESP=d0001fb2
EIP=0010117e EFL=00000202 [-------] CPL=0 II=0 A20=1 SMM=0 HLT=0
ES =0010 00000000 ffffffff 00cf9300 DPL=0 DS   [-WA]
CS =0008 00000000 ffffffff 00cf9a00 DPL=0 CS32 [-R-]
SS =0010 00000000 ffffffff 00cf9300 DPL=0 DS   [-WA]
DS =0010 00000000 ffffffff 00cf9300 DPL=0 DS   [-WA]
FS =0010 00000000 ffffffff 00cf9300 DPL=0 DS   [-WA]
GS =0010 00000000 ffffffff 00cf9300 DPL=0 DS   [-WA]
LDT=0000 00000000 0000ffff 00008200 DPL=0 LDT
TR =0000 00000000 0000ffff 00008b00 DPL=0 TSS32-busy
GDT=     00108008 00000017
IDT=     00108060 000007ff
CR0=80000011 CR2=00000000 CR3=00000000 CR4=00000000
DR0=00000000 DR1=00000000 DR2=00000000 DR3=00000000 
DR6=ffff0ff0 DR7=00000400
CCS=00000000 CCD=00000534 CCO=EFLAGS
EFER=0000000000000000
Servicing hardware INT=0x20
   798: v=20 e=0000 i=0 cpl=0 IP=0008:0010117e pc=0010117e SP=0010:00107fa4 env->regs[R_EAX]=00000730
EAX=00000730 EBX=00000013 ECX=000003d3 EDX=0000000c
ESI=000b8000 EDI=00000700 EBP=00107fb0 ESP=00107fa4
EIP=0010117e EFL=00000202 [-------] CPL=0 II=0 A20=1 SMM=0 HLT=0
ES =0010 00000000 ffffffff 00cf9300 DPL=0 DS   [-WA]
CS =0008 00000000 ffffffff 00cf9a00 DPL=0 CS32 [-R-]
SS =0010 00000000 ffffffff 00cf9300 DPL=0 DS   [-WA]
DS =0010 00000000 ffffffff 00cf9300 DPL=0 DS   [-WA]
FS =0010 00000000 ffffffff 00cf9300 DPL=0 DS   [-WA]
GS =0010 00000000 ffffffff 00cf9300 DPL=0 DS   [-WA]
LDT=0000 00000000 0000ffff 00008200 DPL=0 LDT
TR =0000 00000000 0000ffff 00008b00 DPL=0 TSS32-busy
GDT=     00108008 00000017
IDT=     00108060 000007ff
CR0=80000011 CR2=00000000 CR3=00000000 CR4=00000000
DR0=00000000 DR1=00000000 DR2=00000000 DR3=00000000 
DR6=ffff0ff0 DR7=00000400
CCS=00000000 CCD=000003d3 CCO=EFLAGS
EFER=0000000000000000
Servicing hardware INT=0x20
   799: v=20 e=0000 i=0 cpl=0 IP=0008:0010117e pc=0010117e SP=0010:d0000fa9 env->regs[R_EAX]=00000741
EAX=00000741 EBX=0000003e ECX=000007be EDX=00000018
ESI=000b8000 EDI=00000700 EBP=d0000fb5 ESP=d0000fa9
EIP=0010117e EFL=00000206 [-----P-] CPL=0 II=0 A20=1 SMM=0 HLT=0
ES =0010 00000000 ffffffff 00cf9300 DPL=0 DS   [-WA]
CS =0008 00000000 ffffffff 00cf9a00 DPL=0 CS32 [-R-]
SS =0010 00000000 ffffffff 00cf9300 DPL=0 DS   [-WA]
DS =0010 00000000 ffffffff 00cf9300 DPL=0 DS   [-WA]
FS =0010 00000000 ffffffff 00cf9300 DPL=0 DS   [-WA]
GS =0010 00000000 ffffffff 00cf9300 DPL=0 DS   [-WA]
LDT=0000 00000000 0000ffff 00008200 DPL=0 LDT
TR =0000 00000000 0000ffff 00008b00 DPL=0 TSS32-busy
GDT=     00108008 00000017
IDT=     00108060 000007ff
CR0=80000011 CR2=00000000 CR3=00000000 CR4=00000000
DR0=00000000 DR1=00000000 DR2=00000000 DR3=00000000 
DR6=ffff0ff0 DR7=00000400
CCS=00000004 CCD=000007be CCO=EFLAGS
EFER=0000000000000000
Servicing hardware INT=0x20
   800: v=20 e=0000 i=0 cpl=0 IP=0008:0010117e pc=0010117e SP=0010:d0001fb2 env->regs[R_EAX]=00000742
EAX=00000742 EBX=0000004d ECX=000006dd EDX=00000015
ESI=000b8000 EDI=00000700 EBP=d0001fbe ESP=d0001fb2
EIP=0010117e EFL=00000206 [-----P-] CPL=0 II=0 A20=1 SMM=0 HLT=0
ES =0010 00000000 ffffffff 00cf9300 DPL=0 DS   [-WA]
CS =0008 00000000 ffffffff 00cf9a00 DPL=0 CS32 [-R-]
SS =0010 00000000 ffffffff 00cf9300 DPL=0 DS   [-WA]
DS =0010 00000000 ffffffff 00cf9300 DPL=0 DS   [-WA]
FS =0010 00000000 ffffffff 00cf9300 DPL=0 DS   [-WA]
GS =0010 00000000 ffffffff 00cf9300 DPL=0 DS   [-WA]
LDT=0000 00000000 0000ffff 00008200 DPL=0 LDT
TR =0000 00000000 0000ffff 00008b00 DPL=0 TSS32-busy
GDT=     00108008 00000017
IDT=     00108060 000007ff
CR0=80000011 CR2=00000000 CR3=00000000 CR4=00000000
DR0=00000000 DR1=00000000 DR2=00000000 DR3=00000000 
DR6=ffff0ff0 DR7=00000400
CCS=00000004 CCD=000006dd CCO=EFLAGS
EFER=0000000000000000
Servicing hardware INT=0x20
   801: v=20 e=0000 i=0 cpl=0 IP=0008:0010117e pc=0010117e SP=0010:00107fa4 env->regs[R_EAX]=00000730
EAX=00000730 EBX=00000045 ECX=000003b5 EDX=0000000b
ESI=000b8000 EDI=00000700 EBP=00107fb0 ESP=00107fa4
EIP=0010117e EFL=00000202 [-------] CPL=0 II=0 A20=1 SMM=0 HLT=0
ES =0010 00000000 ffffffff 00cf9300 DPL=0 DS   [-WA]
CS =0008 00000000 ffffffff 00cf9a00 DPL=0 CS32 [-R-]
SS =0010 00000000 ffffffff 00cf9300 DPL=0 DS   [-WA]
DS =0010 00000000 ffffffff 00cf9300 DPL=0 DS   [-WA]
FS =0010 00000000 ffffffff 00cf9300 DPL=0 DS   [-WA]
GS =0010 00000000 ffffffff 00cf9300 DPL=0 DS   [-WA]
LDT=0000 00000000 0000ffff 00008200 DPL=0 LDT
TR =0000 00000000 0000ffff 00008b00 DPL=0 TSS32-busy
GDT=     00108008 00000017
IDT=     00108060 000007ff
CR0=80000011 CR2=00000000 CR3=00000000 CR4=00000000
DR0=00000000 DR1=00000000 DR2=00000000 DR3=00000000 
DR6=ffff0ff0 DR7=00000400
CCS=00000000 CCD=000003b5 CCO=EFLAGS
EFER=0000000000000000
Servicing hardware INT=0x20
   802: v=20 e=0000 i=0 cpl=0 IP=0008:0010117e pc=0010117e SP=0010:d0000fa9 env->regs[R_EAX]=00000741
EAX=00000741 EBX=0000004b ECX=0000068b EDX=00000014
ESI=000b8000 EDI=00000700 EBP=d0000fb5 ESP=d0000fa9
EIP=0010117e EFL=00000206 [-----P-] CPL=0 II=0 A20=1 SMM=0 HLT=0
ES =0010 00000000 ffffffff 00cf9300 DPL=0 DS   [-WA]
CS =0008 00000000 ffffffff 00cf9a00 DPL=0 CS32 [-R-]
SS =0010 00000000 ffffffff 00cf9300 DPL=0 DS   [-WA]
DS =0010 00000000 ffffffff 00cf9300 DPL=0 DS   [-WA]
FS =0010 00000000 ffffffff 00cf9300 DPL=0 DS   [-WA]
GS =0010 00000000 ffffffff 00cf9300 DPL=0 DS   [-WA]
LDT=0000 00000000 0000ffff 00008200 DPL=0 LDT
TR =0000 00000000 0000ffff 00008b00 DPL=0 TSS32-busy
GDT=     00108008 00000017
IDT=     00108060 000007ff
CR0=80000011 CR2=00000000 CR3=00000000 CR4=00000000
DR0=00000000 DR1=00000000 DR2=00000000 DR3=00000000 
DR6=ffff0ff0 DR7=00000400
CCS=00000004 CCD=0000068b CCO=EFLAGS
EFER=0000000000000000
Servicing hardware INT=0x20
   803: v=20 e=0000 i=0 cpl=0 IP=0008:0010117e pc=0010117e SP=0010:d0001fb2 env->regs[R_EAX]=00000742
EAX=00000742 EBX=00000031 ECX=00000261 EDX=00000007
ESI=000b8000 EDI=00000700 EBP=d0001fbe ESP=d0001fb2
EIP=0010117e EFL=00000202 [-------] CPL=0 II=0 A20=1 SMM=0 HLT=0
ES =0010 00000000 ffffffff 00cf9300 DPL=0 DS   [-WA]
CS =0008 00000000 ffffffff 00cf9a00 DPL=0 CS32 [-R-]
SS =0010 00000000 ffffffff 00cf9300 DPL=0 DS   [-WA]
DS =0010 00000000 ffffffff 00cf9300 DPL=0 DS   [-WA]
FS =0010 00000000 ffffffff 00cf9300 DPL=0 DS   [-WA]
GS =0010 00000000 ffffffff 00cf9300 DPL=0 DS   [-WA]
LDT=0000 00000000 0000ffff 00008200 DPL=0 LDT
TR =0000 00000000 0000ffff 00008b00 DPL=0 TSS32-busy
GDT=     00108008 00000017
IDT=     00108060 000007ff
CR0=80000011 CR2=00000000 CR3=00000000 CR4=00000000
DR0=00000000 DR1=00000000 DR2=00000000 DR3=00000000 
DR6=ffff0ff0 DR7=00000400
CCS=00000000 CCD=00000261 CCO=EFLAGS
EFER=0000000000000000
Servicing hardware INT=0x20
   804: v=20 e=0000 i=0 cpl=0 IP=0008:0010117e pc=0010117e SP=0010:00107fa4 env->regs[R_EAX]=00000730
EAX=00000730 EBX=00000013 ECX=00000383 EDX=0000000b
ESI=000b8000 EDI=00000700 EBP=00107fb0 ESP=00107fa4
EIP=0010117e EFL=00000202 [-------] CPL=0 II=0 A20=1 SMM=0 HLT=0
ES =0010 00000000 ffffffff 00cf9300 DPL=0 DS   [-WA]
CS =0008 00000000 ffffffff 00cf9a00 DPL=0 CS32 [-R-]
SS =0010 00000000 ffffffff 00cf9300 DPL=0 DS   [-WA]
DS =0010 00000000 ffffffff 00cf9300 DPL=0 DS   [-WA]
FS =0010 00000000 ffffffff 00cf9300 DPL=0 DS   [-WA]
GS =0010 00000000 ffffffff 00cf9300 DPL=0 DS   [-WA]
LDT=0000 00000000 0000ffff 00008200 DPL=0 LDT
TR =0000 00000000 0000ffff 00008b00 DPL=0 TSS32-busy
GDT=     00108008 00000017
IDT=     00108060 000007ff
CR0=80000011 CR2=00000000 CR3=00000000 CR4=00000000
DR0=00000000 DR1=00000000 DR2=00000000 DR3=00000000 
DR6=ffff0ff0 DR7=00000400
CCS=00000000 CCD=00000383 CCO=EFLAGS
EFER=0000000000000000
Servicing hardware INT=0x20
   805: v=20 e=0000 i=0 cpl=0 IP=0008:0010117e pc=0010117e SP=0010:d0000fa9 env->regs[R_EAX]=00000741
EAX=00000741 EBX=00000007 ECX=00000647 EDX=00000014
ESI=000b8000 EDI=00000700 EBP=d0000fb5 ESP=d0000fa9
EIP=0010117e EFL=00000206 [-----P-] CPL=0 II=0 A20=1 SMM=0 HLT=0
ES =0010 00000000 ffffffff 00cf9300 DPL=0 DS   [-WA]
CS =0008 00000000 ffffffff 00cf9a00 DPL=0 CS32 [-R-]
SS =0010 00000000 ffffffff 00cf9300 DPL=0 DS   [-WA]
DS =0010 00000000 ffffffff 00cf9300 DPL=0 DS   [-WA]
FS =0010 00000000 ffffffff 00cf9300 DPL=0 DS   [-WA]
GS =0010 00000000 ffffffff 00cf9300 DPL=0 DS   [-WA]
LDT=0000 00000000 0000ffff 00008200 DPL=0 LDT
TR =0000 00000000 0000ffff 00008b00 DPL=0 TSS32-busy
GDT=     00108008 00000017
IDT=     00108060 000007ff
CR0=80000011 CR2=00000000 CR3=00000000 CR4=00000000
DR0=00000000 DR1=00000000 DR2=00000000 DR3=00000000 
DR6=ffff0ff0 DR7=00000400
CCS=00000004 CCD=00000647 CCO=EFLAGS
EFER=0000000000000000
Servicing hardware INT=0x20
   806: v=20 e=0000 i=0 cpl=0 IP=0008:0010117e pc=0010117e SP=0010:d0001fb2 env->regs[R_EAX]=00000742
EAX=00000742 EBX=00000042 ECX=000001d2 EDX=00000005
ESI=000b8000 EDI=00000700 EBP=d0001fbe ESP=d0001fb2
EIP=0010117e EFL=00000206 [-----P-] CPL=0 II=0 A20=1 SMM=0 HLT=0
ES =0010 00000000 ffffffff 00cf9300 DPL=0 DS   [-WA]
CS =0008 00000000 ffffffff 00cf9a00 DPL=0 CS32 [-R-]
SS =0010 00000000 ffffffff 00cf9300 DPL=0 DS   [-WA]
DS =0010 00000000 ffffffff 00cf9300 DPL=0 DS   [-WA]
FS =0010 00000000 ffffffff 00cf9300 DPL=0 DS   [-WA]
GS =0010 00000000 ffffffff 00cf9300 DPL=0 DS   [-WA]
LDT=0000 00000000 0000ffff 00008200 DPL=0 LDT
TR =0000 00000000 0000ffff 00008b00 DPL=0 TSS32-busy
GDT=     00108008 00000017
IDT=     00108060 000007ff
CR0=80000011 CR2=00000000 CR3=00000000 CR4=00000000
DR0=00000000 DR1=00000000 DR2=00000000 DR3=00000000 
DR6=ffff0ff0 DR7=00000400
CCS=00000004 CCD=000001d2 CCO=EFLAGS
EFER=0000000000000000
Servicing hardware INT=0x20
   807: v=20 e=0000 i=0 cpl=0 IP=0008:0010117e pc=0010117e SP=0010:00107fa4 env->regs[R_EAX]=00000730
EAX=00000730 EBX=00000048 ECX=000002c8 EDX=00000008
ESI=000b8000 EDI=00000700 EBP=00107fb0 ESP=00107fa4
EIP=0010117e EFL=00000202 [-------] CPL=0 II=0 A20=1 SMM=0 HLT=0
ES =0010 00000000 ffffffff 00cf9300 DPL=0 DS   [-WA]
CS =0008 00000000 ffffffff 00cf9a00 DPL=0 CS32 [-R-]
SS =0010 00000000 ffffffff 00cf9300 DPL=0 DS   [-WA]
DS =0010 00000000 ffffffff 00cf9300 DPL=0 DS   [-WA]
FS =0010 00000000 ffffffff 00cf9300 DPL=0 DS   [-WA]
GS =0010 00000000 ffffffff 00cf9300 DPL=0 DS   [-WA]
LDT=0000 00000000 0000ffff 00008200 DPL=0 LDT
TR =0000 00000000 0000ffff 00008b00 DPL=0 TSS32-busy
GDT=     00108008 00000017
IDT=     00108060 000007ff
CR0=80000011 CR2=00000000 CR3=00000000 CR4=00000000
DR0=00000000 DR1=00000000 DR2=00000000 DR3=00000000 
DR6=ffff0ff0 DR7=00000400
CCS=00000000 CCD=000002c8 CCO=EFLAGS
EFER=0000000000000000
Servicing hardware INT=0x20
   808: v=20 e=0000 i=0 cpl=0 IP=0008:0010117e pc=0010117e SP=0010:d0000fa9 env->regs[R_EAX]=00000741
EAX=00000741 EBX=00000007 ECX=000001e7 EDX=00000006
ESI=000b8000 EDI=00000700 EBP=d0000fb5 ESP=d0000fa9
EIP=0010117e EFL=00000206 [-----P-] CPL=0 II=0 A20=1 SMM=0 HLT=0
ES =0010 00000000 ffffffff 00cf9300 DPL=0 DS   [-WA]
CS =0008 00000000 ffffffff 00cf9a00 DPL=0 CS32 [-R-]
SS =0010 00000000 ffffffff 00cf9300 DPL=0 DS   [-WA]
DS =0010 00000000 ffffffff 00cf9300 DPL=0 DS   [-WA]
FS =0010 00000000 ffffffff 00cf9300 DPL=0 DS   [-WA]
GS =0010 00000000 ffffffff 00cf9300 DPL=0 DS   [-WA]
LDT=0000 00000000 0000ffff 00008200 DPL=0 LDT
TR =0000 00000000 0000ffff 00008b00 DPL=0 TSS32-busy
GDT=     00108008 00000017
IDT=     00108060 000007ff
CR0=80000011 CR2=00000000 CR3=00000000 CR4=00000000
DR0=00000000 DR1=00000000 DR2=00000000 DR3=00000000 
DR6=ffff0ff0 DR7=00000400
CCS=00000004 CCD=000001e7 CCO=EFLAGS
EFER=0000000000000000
Servicing hardware INT=0x20
   809: v=20 e=0000 i=0 cpl=0 IP=0008:0010117e pc=0010117e SP=0010:d0001fb2 env->regs[R_EAX]=00000742
EAX=00000742 EBX=0000003b ECX=0000062b EDX=00000013
ESI=000b8000 EDI=00000700 EBP=d0001fbe ESP=d0001fb2
EIP=0010117e EFL=00000206 [-----P-] CPL=0 II=0 A20=1 SMM=0 HLT=0
ES =0010 00000000 ffffffff 00cf9300 DPL=0 DS   [-WA]
CS =0008 00000000 ffffffff 00cf9a00 DPL=0 CS32 [-R-]
SS =0010 00000000 ffffffff 00cf9300 DPL=0 DS   [-WA]
DS =0010 00000000 ffffffff 00cf9300 DPL=0 DS   [-WA]
FS =0010 00000000 ffffffff 00cf9300 DPL=0 DS   [-WA]
GS =0010 00000000 ffffffff 00cf9300 DPL=0 DS   [-WA]
LDT=0000 00000000 0000ffff 00008200 DPL=0 LDT
TR =0000 00000000 0000ffff 00008b00 DPL=0 TSS32-busy
GDT=     00108008 00000017
IDT=     00108060 000007ff
CR0=80000011 CR2=00000000 CR3=00000000 CR4=00000000
DR0=00000000 DR1=00000000 DR2=00000000 DR3=00000000 
DR6=ffff0ff0 DR7=00000400
CCS=00000004 CCD=0000062b CCO=EFLAGS
EFER=0000000000000000
Servicing hardware INT=0x20
   810: v=20 e=0000 i=0 cpl=0 IP=0008:0010117e pc=0010117e SP=0010:00107fa4 env->regs[R_EAX]=00000730
EAX=00000730 EBX=00000007 ECX=00000237 EDX=00000007
ESI=000b8000 EDI=00000700 EBP=00107fb0 ESP=00107fa4
EIP=0010117e EFL=00000202 [-------] CPL=0 II=0 A20=1 SMM=0 HLT=0
ES =0010 00000000 ffffffff 00cf9300 DPL=0 DS   [-WA]
CS =0008 00000000 ffffffff 00cf9a00 DPL=0 CS32 [-R-]
SS =0010 00000000 ffffffff 00cf9300 DPL=0 DS   [-WA]
DS =0010 00000000 ffffffff 00cf9300 DPL=0 DS   [-WA]
FS =0010 00000000 ffffffff 00cf9300 DPL=0 DS   [-WA]
GS =0010 00000000 ffffffff 00cf9300 DPL=0 DS   [-WA]
LDT=0000 00000000 0000ffff 00008200 DPL=0 LDT
TR =0000 00000000 0000ffff 00008b00 DPL=0 TSS32-busy
GDT=     00108008 00000017
IDT=     00108060 000007ff
CR0=80000011 CR2=00000000 CR3=00000000 CR4=00000000
DR0=00000000 DR1=00000000 DR2=00000000 DR3=00000000 
DR6=ffff0ff0 DR7=00000400
CCS=00000000 CCD=00000237 CCO=EFLAGS
EFER=0000000000000000
Servicing hardware INT=0x20
   811: v=20 e=0000 i=0 cpl=0 IP=0008:0010117e pc=0010117e SP=0010:d0000fa9 env->regs[R_EAX]=00000741
EAX=00000741 EBX=00000022 ECX=00000702 EDX=00000016
ESI=000b8000 EDI=00000700 EBP=d0000fb5 ESP=d0000fa9
EIP=0010117e EFL=00000202 [-------] CPL=0 II=0 A20=1 SMM=0 HLT=0
ES =0010 00000000 ffffffff 00cf9300 DPL=0 DS   [-WA]
CS =0008 00000000 ffffffff 00cf9a00 DPL=0 CS32 [-R-]
SS =0010 00000000 ffffffff 00cf9300 DPL=0 DS   [-WA]
DS =0010 00000000 ffffffff 00cf9300 DPL=0 DS   [-WA]
FS =0010 00000000 ffffffff 00cf9300 DPL=0 DS   [-WA]
GS =0010 00000000 ffffffff 00cf9300 DPL=0 DS   [-WA]
LDT=0000 00000000 0000ffff 00008200 DPL=0 LDT
TR =0000 00000000 0000ffff 00008b00 DPL=0 TSS32-busy
GDT=     00108008 00000017
IDT=     00108060 000007ff
CR0=80000011 CR2=00000000 CR3=00000000 CR4=00000000
DR0=00000000 DR1=00000000 DR2=00000000 DR3=00000000 
DR6=ffff0ff0 DR7=00000400
CCS=00000000 CCD=00000702 CCO=EFLAGS
EFER=0000000000000000
Servicing hardware INT=0x20
   812: v=20 e=0000 i=0 cpl=0 IP=0008:0010117e pc=0010117e SP=0010:d0001fb2 env->regs[R_EAX]=00000742
EAX=00000742 EBX=0000004d ECX=0000045d EDX=0000000d
ESI=000b8000 EDI=00000700 EBP=d0001fbe ESP=d0001fb2
EIP=0010117e EFL=00000202 [-------] CPL=0 II=0 A20=1 SMM=0 HLT=0
ES =0010 00000000 ffffffff 00cf9300 DPL=0 DS   [-WA]
CS =0008 00000000 ffffffff 00cf9a00 DPL=0 CS32 [-R-]
SS =0010 00000000 ffffffff 00cf9300 DPL=0 DS   [-WA]
DS =0010 00000000 ffffffff 00cf9300 DPL=0 DS   [-WA]
FS =0010 00000000 ffffffff 00cf9300 DPL=0 DS   [-WA]
GS =0010 00000000 ffffffff 00cf9300 DPL=0 DS   [-WA]
LDT=0000 00000000 0000ffff 00008200 DPL=0 LDT
TR =0000 00000000 0000ffff 00008b00 DPL=0 TSS32-busy
GDT=     00108008 00000017
IDT=     00108060 000007ff
CR0=80000011 CR2=00000000 CR3=00000000 CR4=00000000
DR0=00000000 DR1=00000000 DR2=00000000 DR3=00000000 
DR6=ffff0ff0 DR7=00000400
CCS=00000000 CCD=0000045d CCO=EFLAGS
EFER=0000000000000000
Servicing hardware INT=0x20
   813: v=20 e=0000 i=0 cpl=0 IP=0008:0010117e pc=0010117e SP=0010:00107fa4 env->regs[R_EAX]=00000730
EAX=00000730 EBX=0000000d ECX=0000050d EDX=00000010
ESI=000b8000 EDI=00000700 EBP=00107fb0 ESP=00107fa4
EIP=0010117e EFL=00000202 [-------] CPL=0 II=0 A20=1 SMM=0 HLT=0
ES =0010 00000000 ffffffff 00cf9300 DPL=0 DS   [-WA]
CS =0008 00000000 ffffffff 00cf9a00 DPL=0 CS32 [-R-]
SS =0010 00000000 ffffffff 00cf9300 DPL=0 DS   [-WA]
DS =0010 00000000 ffffffff 00cf9300 DPL=0 DS   [-WA]
FS =0010 00000000 ffffffff 00cf9300 DPL=0 DS   [-WA]
GS =0010 00000000 ffffffff 00cf9300 DPL=0 DS   [-WA]
LDT=0000 00000000 0000ffff 00008200 DPL=0 LDT
TR =0000 00000000 0000ffff 00008b00 DPL=0 TSS32-busy
GDT=     00108008 00000017
IDT=     00108060 000007ff
CR0=80000011 CR2=00000000 CR3=00000000 CR4=00000000
DR0=00000000 DR1=00000000 DR2=00000000 DR3=00000000 
DR6=ffff0ff0 DR7=00000400
CCS=00000000 CCD=0000050d CCO=EFLAGS
EFER=0000000000000000
Servicing hardware INT=0x20
   814: v=20 e=0000 i=0 cpl=0 IP=0008:0010117e pc=0010117e SP=0010:d0000fa9 env->regs[R_EAX]=00000741
EAX=00000741 EBX=00000045 ECX=000006d5 EDX=00000015
ESI=000b8000 EDI=00000700 EBP=d0000fb5 ESP=d0000fa9
EIP=0010117e EFL=00000202 [-------] CPL=0 II=0 A20=1 SMM=0 HLT=0
ES =0010 00000000 ffffffff 00cf9300 DPL=0 DS   [-WA]
CS =0008 00000000 ffffffff 00cf9a00 DPL=0 CS32 [-R-]
SS =0010 00000000 ffffffff 00cf9300 DPL=0 DS   [-WA]
DS =0010 00000000 ffffffff 00cf9300 DPL=0 DS   [-WA]
FS =0010 00000000 ffffffff 00cf9300 DPL=0 DS   [-WA]
GS =0010 00000000 ffffffff 00cf9300 DPL=0 DS   [-WA]
LDT=0000 00000000 0000ffff 00008200 DPL=0 LDT
TR =0000 00000000 0000ffff 00008b00 DPL=0 TSS32-busy
GDT=     00108008 00000017
IDT=     00108060 000007ff
CR0=80000011 CR2=00000000 CR3=00000000 CR4=00000000
DR0=00000000 DR1=00000000 DR2=00000000 DR3=00000000 
DR6=ffff0ff0 DR7=00000400
CCS=00000000 CCD=000006d5 CCO=EFLAGS
EFER=0000000000000000
Servicing hardware INT=0x20
   815: v=20 e=0000 i=0 cpl=0 IP=0008:0010117e pc=0010117e SP=0010:d0001fb2 env->regs[R_EAX]=00000742
EAX=00000742 EBX=00000026 ECX=000006b6 EDX=00000015
ESI=000b8000 EDI=00000700 EBP=d0001fbe ESP=d0001fb2
EIP=0010117e EFL=00000202 [-------] CPL=0 II=0 A20=1 SMM=0 HLT=0
ES =0010 00000000 ffffffff 00cf9300 DPL=0 DS   [-WA]
CS =0008 00000000 ffffffff 00cf9a00 DPL=0 CS32 [-R-]
SS =0010 00000000 ffffffff 00cf9300 DPL=0 DS   [-WA]
DS =0010 00000000 ffffffff 00cf9300 DPL=0 DS   [-WA]
FS =0010 00000000 ffffffff 00cf9300 DPL=0 DS   [-WA]
GS =0010 00000000 ffffffff 00cf9300 DPL=0 DS   [-WA]
LDT=0000 00000000 0000ffff 00008200 DPL=0 LDT
TR =0000 00000000 0000ffff 00008b00 DPL=0 TSS32-busy
GDT=     00108008 00000017
IDT=     00108060 000007ff
CR0=80000011 CR2=00000000 CR3=00000000 CR4=00000000
DR0=00000000 DR1=00000000 DR2=00000000 DR3=00000000 
DR6=ffff0ff0 DR7=00000400
CCS=00000000 CCD=000006b6 CCO=EFLAGS
EFER=0000000000000000
Servicing hardware INT=0x20
   816: v=20 e=0000 i=0 cpl=0 IP=0008:0010117e pc=0010117e SP=0010:00107fa4 env->regs[R_EAX]=00000730
EAX=00000730 EBX=0000004e ECX=000002ce EDX=00000008
ESI=000b8000 EDI=00000700 EBP=00107fb0 ESP=00107fa4
EIP=0010117e EFL=00000202 [-------] CPL=0 II=0 A20=1 SMM=0 HLT=0
ES =0010 00000000 ffffffff 00cf9300 DPL=0 DS   [-WA]
CS =0008 00000000 ffffffff 00cf9a00 DPL=0 CS32 [-R-]
SS =0010 00000000 ffffffff 00cf9300 DPL=0 DS   [-WA]
DS =0010 00000000 ffffffff 00cf9300 DPL=0 DS   [-WA]
FS =0010 00000000 ffffffff 00cf9300 DPL=0 DS   [-WA]
GS =0010 00000000 ffffffff 00cf9300 DPL=0 DS   [-WA]
LDT=0000 00000000 0000ffff 00008200 DPL=0 LDT
TR =0000 00000000 0000ffff 00008b00 DPL=0 TSS32-busy
GDT=     00108008 00000017
IDT=     00108060 000007ff
CR0=80000011 CR2=00000000 CR3=00000000 CR4=00000000
DR0=00000000 DR1=00000000 DR2=00000000 DR3=00000000 
DR6=ffff0ff0 DR7=00000400
CCS=00000000 CCD=000002ce CCO=EFLAGS
EFER=0000000000000000
Servicing hardware INT=0x20
   817: v=20 e=0000 i=0 cpl=0 IP=0008:0010117e pc=0010117e SP=0010:d0000fa9 env->regs[R_EAX]=00000741
EAX=00000741 EBX=0000003c ECX=000004ec EDX=0000000f
ESI=000b8000 EDI=00000700 EBP=d0000fb5 ESP=d0000fa9
EIP=0010117e EFL=00000202 [-------] CPL=0 II=0 A20=1 SMM=0 HLT=0
ES =0010 00000000 ffffffff 00cf9300 DPL=0 DS   [-WA]
CS =0008 00000000 ffffffff 00cf9a00 DPL=0 CS32 [-R-]
SS =0010 00000000 ffffffff 00cf9300 DPL=0 DS   [-WA]
DS =0010 00000000 ffffffff 00cf9300 DPL=0 DS   [-WA]
FS =0010 00000000 ffffffff 00cf9300 DPL=0 DS   [-WA]
GS =0010 00000000 ffffffff 00cf9300 DPL=0 DS   [-WA]
LDT=0000 00000000 0000ffff 00008200 DPL=0 LDT
TR =0000 00000000 0000ffff 00008b00 DPL=0 TSS32-busy
GDT=     00108008 00000017
IDT=     00108060 000007ff
CR0=80000011 CR2=00000000 CR3=00000000 CR4=00000000
DR0=00000000 DR1=00000000 DR2=00000000 DR3=00000000 
DR6=ffff0ff0 DR7=00000400
CCS=00000000 CCD=000004ec CCO=EFLAGS
EFER=0000000000000000
Servicing hardware INT=0x20
   818: v=20 e=0000 i=0 cpl=0 IP=0008:0010117e pc=0010117e SP=0010:d0001fb2 env->regs[R_EAX]=00000742
EAX=00000742 EBX=00000017 ECX=00000107 EDX=00000003
ESI=000b8000 EDI=00000700 EBP=d0001fbe ESP=d0001fb2
EIP=0010117e EFL=00000202 [-------] CPL=0 II=0 A20=1 SMM=0 HLT=0
ES =0010 00000000 ffffffff 00cf9300 DPL=0 DS   [-WA]
CS =0008 00000000 ffffffff 00cf9a00 DPL=0 CS32 [-R-]
SS =0010 00000000 ffffffff 00cf9300 DPL=0 DS   [-WA]
DS =0010 00000000 ffffffff 00cf9300 DPL=0 DS   [-WA]
FS =0010 00000000 ffffffff 00cf9300 DPL=0 DS   [-WA]
GS =0010 00000000 ffffffff 00cf9300 DPL=0 DS   [-WA]
LDT=0000 00000000 0000ffff 00008200 DPL=0 LDT
TR =0000 00000000 0000ffff 00008b00 DPL=0 TSS32-busy
GDT=     00108008 00000017
IDT=     00108060 000007ff
CR0=80000011 CR2=00000000 CR3=00000000 CR4=00000000
DR0=00000000 DR1=00000000 DR2=00000000 DR3=00000000 
DR6=ffff0ff0 DR7=00000400
CCS=00000000 CCD=00000107 CCO=EFLAGS
EFER=0000000000000000
Servicing hardware INT=0x20
   819: v=20 e=0000 i=0 cpl=0 IP=0008:0010117e pc=0010117e SP=0010:00107fa4 env->regs[R_EAX]=00000730
EAX=00000730 EBX=00000016 ECX=000001f6 EDX=00000006
ESI=000b8000 EDI=00000700 EBP=00107fb0 ESP=00107fa4
EIP=0010117e EFL=00000206 [-----P-] CPL=0 II=0 A20=1 SMM=0 HLT=0
ES =0010 00000000 ffffffff 00cf9300 DPL=0 DS   [-WA]
CS =0008 00000000 ffffffff 00cf9a00 DPL=0 CS32 [-R-]
SS =0010 00000000 ffffffff 00cf9300 DPL=0 DS   [-WA]
DS =0010 00000000 ffffffff 00cf9300 DPL=0 DS   [-WA]
FS =0010 00000000 ffffffff 00cf9300 DPL=0 DS   [-WA]
GS =0010 00000000 ffffffff 00cf9300 DPL=0 DS   [-WA]
LDT=0000 00000000 0000ffff 00008200 DPL=0 LDT
TR =0000 00000000 0000ffff 00008b00 DPL=0 TSS32-busy
GDT=     00108008 00000017
IDT=     00108060 000007ff
CR0=80000011 CR2=00000000 CR3=00000000 CR4=00000000
DR0=00000000 DR1=00000000 DR2=00000000 DR3=00000000 
DR6=ffff0ff0 DR7=00000400
CCS=00000004 CCD=000001f6 CCO=EFLAGS
EFER=0000000000000000
Servicing hardware INT=0x20
   820: v=20 e=0000 i=0 cpl=0 IP=0008:0010117e pc=0010117e SP=0010:d0000fa9 env->regs[R_EAX]=00000741
EAX=00000741 EBX=00000036 ECX=00000216 EDX=00000006
ESI=000b8000 EDI=00000700 EBP=d0000fb5 ESP=d0000fa9
EIP=0010117e EFL=00000202 [-------] CPL=0 II=0 A20=1 SMM=0 HLT=0
ES =0010 00000000 ffffffff 00cf9300 DPL=0 DS   [-WA]
CS =0008 00000000 ffffffff 00cf9a00 DPL=0 CS32 [-R-]
SS =0010 00000000 ffffffff 00cf9300 DPL=0 DS   [-WA]
DS =0010 00000000 ffffffff 00cf9300 DPL=0 DS   [-WA]
FS =0010 00000000 ffffffff 00cf9300 DPL=0 DS   [-WA]
GS =0010 00000000 ffffffff 00cf9300 DPL=0 DS   [-WA]
LDT=0000 00000000 0000ffff 00008200 DPL=0 LDT
TR =0000 00000000 0000ffff 00008b00 DPL=0 TSS32-busy
GDT=     00108008 00000017
IDT=     00108060 000007ff
CR0=80000011 CR2=00000000 CR3=00000000 CR4=00000000
DR0=00000000 DR1=00000000 DR2=00000000 DR3=00000000 
DR6=ffff0ff0 DR7=00000400
CCS=00000000 CCD=00000216 CCO=EFLAGS
EFER=0000000000000000
Servicing hardware INT=0x20
   821: v=20 e=0000 i=0 cpl=0 IP=0008:0010117e pc=0010117e SP=0010:d0001fb2 env->regs[R_EAX]=00000742
EAX=00000742 EBX=00000046 ECX=000000e6 EDX=00000002
ESI=000b8000 EDI=00000700 EBP=d0001fbe ESP=d0001fb2
EIP=0010117e EFL=00000202 [-------] CPL=0 II=0 A20=1 SMM=0 HLT=0
ES =0010 00000000 ffffffff 00cf9300 DPL=0 DS   [-WA]
CS =0008 00000000 ffffffff 00cf9a00 DPL=0 CS32 [-R-]
SS =0010 00000000 ffffffff 00cf9300 DPL=0 DS   [-WA]
DS =0010 00000000 ffffffff 00cf9300 DPL=0 DS   [-WA]
FS =0010 00000000 ffffffff 00cf9300 DPL=0 DS   [-WA]
GS =0010 00000000 ffffffff 00cf9300 DPL=0 DS   [-WA]
LDT=0000 00000000 0000ffff 00008200 DPL=0 LDT
TR =0000 00000000 0000ffff 00008b00 DPL=0 TSS32-busy
GDT=     00108008 00000017
IDT=     00108060 000007ff
CR0=80000011 CR2=00000000 CR3=00000000 CR4=00000000
DR0=00000000 DR1=00000000 DR2=00000000 DR3=00000000 
DR6=ffff0ff0 DR7=00000400
CCS=00000000 CCD=000000e6 CCO=EFLAGS
EFER=0000000000000000
Servicing hardware INT=0x20
   822: v=20 e=0000 i=0 cpl=0 IP=0008:0010117e pc=0010117e SP=0010:00107fa4 env->regs[R_EAX]=00000730
EAX=00000730 EBX=00000030 ECX=00000580 EDX=00000011
ESI=000b8000 EDI=00000700 EBP=00107fb0 ESP=00107fa4
EIP=0010117e EFL=00000202 [-------] CPL=0 II=0 A20=1 SMM=0 HLT=0
ES =0010 00000000 ffffffff 00cf9300 DPL=0 DS   [-WA]
CS =0008 00000000 ffffffff 00cf9a00 DPL=0 CS32 [-R-]
SS =0010 00000000 ffffffff 00cf9300 DPL=0 DS   [-WA]
DS =0010 00000000 ffffffff 00cf9300 DPL=0 DS   [-WA]
FS =0010 00000000 ffffffff 00cf9300 DPL=0 DS   [-WA]
GS =0010 00000000 ffffffff 00cf9300 DPL=0 DS   [-WA]
LDT=0000 00000000 0000ffff 00008200 DPL=0 LDT
TR =0000 00000000 0000ffff 00008b00 DPL=0 TSS32-busy
GDT=     00108008 00000017
IDT=     00108060 000007ff
CR0=80000011 CR2=00000000 CR3=00000000 CR4=00000000
DR0=00000000 DR1=00000000 DR2=00000000 DR3=00000000 
DR6=ffff0ff0 DR7=00000400
CCS=00000000 CCD=00000580 CCO=EFLAGS
EFER=0000000000000000
Servicing hardware INT=0x20
   823: v=20 e=0000 i=0 cpl=0 IP=0008:0010117e pc=0010117e SP=0010:d0000fa9 env->regs[R_EAX]=00000741
EAX=00000741 EBX=00000028 ECX=000007a8 EDX=00000018
ESI=000b8000 EDI=00000700 EBP=d0000fb5 ESP=d0000fa9
EIP=0010117e EFL=00000202 [-------] CPL=0 II=0 A20=1 SMM=0 HLT=0
ES =0010 00000000 ffffffff 00cf9300 DPL=0 DS   [-WA]
CS =0008 00000000 ffffffff 00cf9a00 DPL=0 CS32 [-R-]
SS =0010 00000000 ffffffff 00cf9300 DPL=0 DS   [-WA]
DS =0010 00000000 ffffffff 00cf9300 DPL=0 DS   [-WA]
FS =0010 00000000 ffffffff 00cf9300 DPL=0 DS   [-WA]
GS =0010 00000000 ffffffff 00cf9300 DPL=0 DS   [-WA]
LDT=0000 00000000 0000ffff 00008200 DPL=0 LDT
TR =0000 00000000 0000ffff 00008b00 DPL=0 TSS32-busy
GDT=     00108008 00000017
IDT=     00108060 000007ff
CR0=80000011 CR2=00000000 CR3=00000000 CR4=00000000
DR0=00000000 DR1=00000000 DR2=00000000 DR3=00000000 
DR6=ffff0ff0 DR7=00000400
CCS=00000000 CCD=000007a8 CCO=EFLAGS
EFER=0000000000000000
Servicing hardware INT=0x20
   824: v=20 e=0000 i=0 cpl=0 IP=0008:0010117e pc=0010117e SP=0010:d0001fb2 env->regs[R_EAX]=00000742
EAX=00000742 EBX=00000046 ECX=00000316 EDX=00000009
ESI=000b8000 EDI=00000700 EBP=d0001fbe ESP=d0001fb2
EIP=0010117e EFL=00000202 [-------] CPL=0 II=0 A20=1 SMM=0 HLT=0
ES =0010 00000000 ffffffff 00cf9300 DPL=0 DS   [-WA]
CS =0008 00000000 ffffffff 00cf9a00 DPL=0 CS32 [-R-]
SS =0010 00000000 ffffffff 00cf9300 DPL=0 DS   [-WA]
DS =0010 00000000 ffffffff 00cf9300 DPL=0 DS   [-WA]
FS =0010 00000000 ffffffff 00cf9300 DPL=0 DS   [-WA]
GS =0010 00000000 ffffffff 00cf9300 DPL=0 DS   [-WA]
LDT=0000 00000000 0000ffff 00008200 DPL=0 LDT
TR =0000 00000000 0000ffff 00008b00 DPL=0 TSS32-busy
GDT=     00108008 00000017
IDT=     00108060 000007ff
CR0=80000011 CR2=00000000 CR3=00000000 CR4=00000000
DR0=00000000 DR1=00000000 DR2=00000000 DR3=00000000 
DR6=ffff0ff0 DR7=00000400
CCS=00000000 CCD=00000316 CCO=EFLAGS
EFER=0000000000000000
Servicing hardware INT=0x20
   825: v=20 e=0000 i=0 cpl=0 IP=0008:0010117e pc=0010117e SP=0010:00107fa4 env->regs[R_EAX]=00000730
EAX=00000730 EBX=0000000c ECX=000002dc EDX=00000009
ESI=000b8000 EDI=00000700 EBP=00107fb0 ESP=00107fa4
EIP=0010117e EFL=00000202 [-------] CPL=0 II=0 A20=1 SMM=0 HLT=0
ES =0010 00000000 ffffffff 00cf9300 DPL=0 DS   [-WA]
CS =0008 00000000 ffffffff 00cf9a00 DPL=0 CS32 [-R-]
SS =0010 00000000 ffffffff 00cf9300 DPL=0 DS   [-WA]
DS =0010 00000000 ffffffff 00cf9300 DPL=0 DS   [-WA]
FS =0010 00000000 ffffffff 00cf9300 DPL=0 DS   [-WA]
GS =0010 00000000 ffffffff 00cf9300 DPL=0 DS   [-WA]
LDT=0000 00000000 0000ffff 00008200 DPL=0 LDT
TR =0000 00000000 0000ffff 00008b00 DPL=0 TSS32-busy
GDT=     00108008 00000017
IDT=     00108060 000007ff
CR0=80000011 CR2=00000000 CR3=00000000 CR4=00000000
DR0=00000000 DR1=00000000 DR2=00000000 DR3=00000000 
DR6=ffff0ff0 DR7=00000400
CCS=00000000 CCD=000002dc CCO=EFLAGS
EFER=0000000000000000
Servicing hardware INT=0x20
   826: v=20 e=0000 i=0 cpl=0 IP=0008:0010117e pc=0010117e SP=0010:d0000fa9 env->regs[R_EAX]=00000741
EAX=00000741 EBX=00000036 ECX=000002b6 EDX=00000008
ESI=000b8000 EDI=00000700 EBP=d0000fb5 ESP=d0000fa9
EIP=0010117e EFL=00000202 [-------] CPL=0 II=0 A20=1 SMM=0 HLT=0
ES =0010 00000000 ffffffff 00cf9300 DPL=0 DS   [-WA]
CS =0008 00000000 ffffffff 00cf9a00 DPL=0 CS32 [-R-]
SS =0010 00000000 ffffffff 00cf9300 DPL=0 DS   [-WA]
DS =0010 00000000 ffffffff 00cf9300 DPL=0 DS   [-WA]
FS =0010 00000000 ffffffff 00cf9300 DPL=0 DS   [-WA]
GS =0010 00000000 ffffffff 00cf9300 DPL=0 DS   [-WA]
LDT=0000 00000000 0000ffff 00008200 DPL=0 LDT
TR =0000 00000000 0000ffff 00008b00 DPL=0 TSS32-busy
GDT=     00108008 00000017
IDT=     00108060 000007ff
CR0=80000011 CR2=00000000 CR3=00000000 CR4=00000000
DR0=00000000 DR1=00000000 DR2=00000000 DR3=00000000 
DR6=ffff0ff0 DR7=00000400
CCS=00000000 CCD=000002b6 CCO=EFLAGS
EFER=0000000000000000
Servicing hardware INT=0x20
   827: v=20 e=0000 i=0 cpl=0 IP=0008:0010117e pc=0010117e SP=0010:d0001fb2 env->regs[R_EAX]=00000742
EAX=00000742 EBX=00000000 ECX=00000050 EDX=00000001
ESI=000b8000 EDI=00000700 EBP=d0001fbe ESP=d0001fb2
EIP=0010117e EFL=00000206 [-----P-] CPL=0 II=0 A20=1 SMM=0 HLT=0
ES =0010 00000000 ffffffff 00cf9300 DPL=0 DS   [-WA]
CS =0008 00000000 ffffffff 00cf9a00 DPL=0 CS32 [-R-]
SS =0010 00000000 ffffffff 00cf9300 DPL=0 DS   [-WA]
DS =0010 00000000 ffffffff 00cf9300 DPL=0 DS   [-WA]
FS =0010 00000000 ffffffff 00cf9300 DPL=0 DS   [-WA]
GS =0010 00000000 ffffffff 00cf9300 DPL=0 DS   [-WA]
LDT=0000 00000000 0000ffff 00008200 DPL=0 LDT
TR =0000 00000000 0000ffff 00008b00 DPL=0 TSS32-busy
GDT=     00108008 00000017
IDT=     00108060 000007ff
CR0=80000011 CR2=00000000 CR3=00000000 CR4=00000000
DR0=00000000 DR1=00000000 DR2=00000000 DR3=00000000 
DR6=ffff0ff0 DR7=00000400
CCS=00000004 CCD=00000050 CCO=EFLAGS
EFER=0000000000000000
Servicing hardware INT=0x20
   828: v=20 e=0000 i=0 cpl=0 IP=0008:0010117e pc=0010117e SP=0010:00107fa4 env->regs[R_EAX]=00000730
EAX=00000730 EBX=00000040 ECX=00000180 EDX=00000004
ESI=000b8000 EDI=00000700 EBP=00107fb0 ESP=00107fa4
EIP=0010117e EFL=00000202 [-------] CPL=0 II=0 A20=1 SMM=0 HLT=0
ES =0010 00000000 ffffffff 00cf9300 DPL=0 DS   [-WA]
CS =0008 00000000 ffffffff 00cf9a00 DPL=0 CS32 [-R-]
SS =0010 00000000 ffffffff 00cf9300 DPL=0 DS   [-WA]
DS =0010 00000000 ffffffff 00cf9300 DPL=0 DS   [-WA]
FS =0010 00000000 ffffffff 00cf9300 DPL=0 DS   [-WA]
GS =0010 00000000 ffffffff 00cf9300 DPL=0 DS   [-WA]
LDT=0000 00000000 0000ffff 00008200 DPL=0 LDT
TR =0000 00000000 0000ffff 00008b00 DPL=0 TSS32-busy
GDT=     00108008 00000017
IDT=     00108060 000007ff
CR0=80000011 CR2=00000000 CR3=00000000 CR4=00000000
DR0=00000000 DR1=00000000 DR2=00000000 DR3=00000000 
DR6=ffff0ff0 DR7=00000400
CCS=00000000 CCD=00000180 CCO=EFLAGS
EFER=0000000000000000
Servicing hardware INT=0x20
   829: v=20 e=0000 i=0 cpl=0 IP=0008:0010117e pc=0010117e SP=0010:d0000fa9 env->regs[R_EAX]=00000741
EAX=00000741 EBX=00000025 ECX=00000165 EDX=00000004
ESI=000b8000 EDI=00000700 EBP=d0000fb5 ESP=d0000fa9
EIP=0010117e EFL=00000206 [-----P-] CPL=0 II=0 A20=1 SMM=0 HLT=0
ES =0010 00000000 ffffffff 00cf9300 DPL=0 DS   [-WA]
CS =0008 00000000 ffffffff 00cf9a00 DPL=0 CS32 [-R-]
SS =0010 00000000 ffffffff 00cf9300 DPL=0 DS   [-WA]
DS =0010 00000000 ffffffff 00cf9300 DPL=0 DS   [-WA]
FS =0010 00000000 ffffffff 00cf9300 DPL=0 DS   [-WA]
GS =0010 00000000 ffffffff 00cf9300 DPL=0 DS   [-WA]
LDT=0000 00000000 0000ffff 00008200 DPL=0 LDT
TR =0000 00000000 0000ffff 00008b00 DPL=0 TSS32-busy
GDT=     00108008 00000017
IDT=     00108060 000007ff
CR0=80000011 CR2=00000000 CR3=00000000 CR4=00000000
DR0=00000000 DR1=00000000 DR2=00000000 DR3=00000000 
DR6=ffff0ff0 DR7=00000400
CCS=00000004 CCD=00000165 CCO=EFLAGS
EFER=0000000000000000
Servicing hardware INT=0x20
   830: v=20 e=0000 i=0 cpl=0 IP=0008:0010117e pc=0010117e SP=0010:d0001fb2 env->regs[R_EAX]=00000742
EAX=00000742 EBX=0000004d ECX=0000027d EDX=00000007
ESI=000b8000 EDI=00000700 EBP=d0001fbe ESP=d0001fb2
EIP=0010117e EFL=00000206 [-----P-] CPL=0 II=0 A20=1 SMM=0 HLT=0
ES =0010 00000000 ffffffff 00cf9300 DPL=0 DS   [-WA]
CS =0008 00000000 ffffffff 00cf9a00 DPL=0 CS32 [-R-]
SS =0010 00000000 ffffffff 00cf9300 DPL=0 DS   [-WA]
DS =0010 00000000 ffffffff 00cf9300 DPL=0 DS   [-WA]
FS =0010 00000000 ffffffff 00cf9300 DPL=0 DS   [-WA]
GS =0010 00000000 ffffffff 00cf9300 DPL=0 DS   [-WA]
LDT=0000 00000000 0000ffff 00008200 DPL=0 LDT
TR =0000 00000000 0000ffff 00008b00 DPL=0 TSS32-busy
GDT=     00108008 00000017
IDT=     00108060 000007ff
CR0=80000011 CR2=00000000 CR3=00000000 CR4=00000000
DR0=00000000 DR1=00000000 DR2=00000000 DR3=00000000 
DR6=ffff0ff0 DR7=00000400
CCS=00000004 CCD=0000027d CCO=EFLAGS
EFER=0000000000000000
Servicing hardware INT=0x20
   831: v=20 e=0000 i=0 cpl=0 IP=0008:0010117e pc=0010117e SP=0010:00107fa4 env->regs[R_EAX]=00000730
EAX=00000730 EBX=00000026 ECX=000004d6 EDX=0000000f
ESI=000b8000 EDI=00000700 EBP=00107fb0 ESP=00107fa4
EIP=0010117e EFL=00000202 [-------] CPL=0 II=0 A20=1 SMM=0 HLT=0
ES =0010 00000000 ffffffff 00cf9300 DPL=0 DS   [-WA]
CS =0008 00000000 ffffffff 00cf9a00 DPL=0 CS32 [-R-]
SS =0010 00000000 ffffffff 00cf9300 DPL=0 DS   [-WA]
DS =0010 00000000 ffffffff 00cf9300 DPL=0 DS   [-WA]
FS =0010 00000000 ffffffff 00cf9300 DPL=0 DS   [-WA]
GS =0010 00000000 ffffffff 00cf9300 DPL=0 DS   [-WA]
LDT=0000 00000000 0000ffff 00008200 DPL=0 LDT
TR =0000 00000000 0000ffff 00008b00 DPL=0 TSS32-busy
GDT=     00108008 00000017
IDT=     00108060 000007ff
CR0=80000011 CR2=00000000 CR3=00000000 CR4=00000000
DR0=00000000 DR1=00000000 DR2=00000000 DR3=00000000 
DR6=ffff0ff0 DR7=00000400
CCS=00000000 CCD=000004d6 CCO=EFLAGS
EFER=0000000000000000
Servicing hardware INT=0x20
   832: v=20 e=0000 i=0 cpl=0 IP=0008:0010117e pc=0010117e SP=0010:d0000fa9 env->regs[R_EAX]=00000741
EAX=00000741 EBX=00000036 ECX=00000536 EDX=00000010
ESI=000b8000 EDI=00000700 EBP=d0000fb5 ESP=d0000fa9
EIP=0010117e EFL=00000206 [-----P-] CPL=0 II=0 A20=1 SMM=0 HLT=0
ES =0010 00000000 ffffffff 00cf9300 DPL=0 DS   [-WA]
CS =0008 00000000 ffffffff 00cf9a00 DPL=0 CS32 [-R-]
SS =0010 00000000 ffffffff 00cf9300 DPL=0 DS   [-WA]
DS =0010 00000000 ffffffff 00cf9300 DPL=0 DS   [-WA]
FS =0010 00000000 ffffffff 00cf9300 DPL=0 DS   [-WA]
GS =0010 00000000 ffffffff 00cf9300 DPL=0 DS   [-WA]
LDT=0000 00000000 0000ffff 00008200 DPL=0 LDT
TR =0000 00000000 0000ffff 00008b00 DPL=0 TSS32-busy
GDT=     00108008 00000017
IDT=     00108060 000007ff
CR0=80000011 CR2=00000000 CR3=00000000 CR4=00000000
DR0=00000000 DR1=00000000 DR2=00000000 DR3=00000000 
DR6=ffff0ff0 DR7=00000400
CCS=00000004 CCD=00000536 CCO=EFLAGS
EFER=0000000000000000
Servicing hardware INT=0x20
   833: v=20 e=0000 i=0 cpl=0 IP=0008:0010117e pc=0010117e SP=0010:d0001fb2 env->regs[R_EAX]=00000742
EAX=00000742 EBX=0000004c ECX=000003bc EDX=0000000b
ESI=000b8000 EDI=00000700 EBP=d0001fbe ESP=d0001fb2
EIP=0010117e EFL=00000202 [-------] CPL=0 II=0 A20=1 SMM=0 HLT=0
ES =0010 00000000 ffffffff 00cf9300 DPL=0 DS   [-WA]
CS =0008 00000000 ffffffff 00cf9a00 DPL=0 CS32 [-R-]
SS =0010 00000000 ffffffff 00cf9300 DPL=0 DS   [-WA]
DS =0010 00000000 ffffffff 00cf9300 DPL=0 DS   [-WA]
FS =0010 00000000 ffffffff 00cf9300 DPL=0 DS   [-WA]
GS =0010 00000000 ffffffff 00cf9300 DPL=0 DS   [-WA]
LDT=0000 00000000 0000ffff 00008200 DPL=0 LDT
TR =0000 00000000 0000ffff 00008b00 DPL=0 TSS32-busy
GDT=     00108008 00000017
IDT=     00108060 000007ff
CR0=80000011 CR2=00000000 CR3=00000000 CR4=00000000
DR0=00000000 DR1=00000000 DR2=00000000 DR3=00000000 
DR6=ffff0ff0 DR7=00000400
CCS=00000000 CCD=000003bc CCO=EFLAGS
EFER=0000000000000000
Servicing hardware INT=0x20
   834: v=20 e=0000 i=0 cpl=0 IP=0008:0010117e pc=0010117e SP=0010:00107fa4 env->regs[R_EAX]=00000730
EAX=00000730 EBX=00000010 ECX=000001f0 EDX=00000006
ESI=000b8000 EDI=00000700 EBP=00107fb0 ESP=00107fa4
EIP=0010117e EFL=00000206 [-----P-] CPL=0 II=0 A20=1 SMM=0 HLT=0
ES =0010 00000000 ffffffff 00cf9300 DPL=0 DS   [-WA]
CS =0008 00000000 ffffffff 00cf9a00 DPL=0 CS32 [-R-]
SS =0010 00000000 ffffffff 00cf9300 DPL=0 DS   [-WA]
DS =0010 00000000 ffffffff 00cf9300 DPL=0 DS   [-WA]
FS =0010 00000000 ffffffff 00cf9300 DPL=0 DS   [-WA]
GS =0010 00000000 ffffffff 00cf9300 DPL=0 DS   [-WA]
LDT=0000 00000000 0000ffff 00008200 DPL=0 LDT
TR =0000 00000000 0000ffff 00008b00 DPL=0 TSS32-busy
GDT=     00108008 00000017
IDT=     00108060 000007ff
CR0=80000011 CR2=00000000 CR3=00000000 CR4=00000000
DR0=00000000 DR1=00000000 DR2=00000000 DR3=00000000 
DR6=ffff0ff0 DR7=00000400
CCS=00000004 CCD=000001f0 CCO=EFLAGS
EFER=0000000000000000
Servicing hardware INT=0x20
   835: v=20 e=0000 i=0 cpl=0 IP=0008:0010117e pc=0010117e SP=0010:d0000fa9 env->regs[R_EAX]=00000741
EAX=00000741 EBX=00000027 ECX=00000257 EDX=00000007
ESI=000b8000 EDI=00000700 EBP=d0000fb5 ESP=d0000fa9
EIP=0010117e EFL=00000202 [-------] CPL=0 II=0 A20=1 SMM=0 HLT=0
ES =0010 00000000 ffffffff 00cf9300 DPL=0 DS   [-WA]
CS =0008 00000000 ffffffff 00cf9a00 DPL=0 CS32 [-R-]
SS =0010 00000000 ffffffff 00cf9300 DPL=0 DS   [-WA]
DS =0010 00000000 ffffffff 00cf9300 DPL=0 DS   [-WA]
FS =0010 00000000 ffffffff 00cf9300 DPL=0 DS   [-WA]
GS =0010 00000000 ffffffff 00cf9300 DPL=0 DS   [-WA]
LDT=0000 00000000 0000ffff 00008200 DPL=0 LDT
TR =0000 00000000 0000ffff 00008b00 DPL=0 TSS32-busy
GDT=     00108008 00000017
IDT=     00108060 000007ff
CR0=80000011 CR2=00000000 CR3=00000000 CR4=00000000
DR0=00000000 DR1=00000000 DR2=00000000 DR3=00000000 
DR6=ffff0ff0 DR7=00000400
CCS=00000000 CCD=00000257 CCO=EFLAGS
EFER=0000000000000000
Servicing hardware INT=0x20
   836: v=20 e=0000 i=0 cpl=0 IP=0008:0010117e pc=0010117e SP=0010:d0001fb2 env->regs[R_EAX]=00000742
EAX=00000742 EBX=0000003c ECX=0000067c EDX=00000014
ESI=000b8000 EDI=00000700 EBP=d0001fbe ESP=d0001fb2
EIP=0010117e EFL=00000202 [-------] CPL=0 II=0 A20=1 SMM=0 HLT=0
ES =0010 00000000 ffffffff 00cf9300 DPL=0 DS   [-WA]
CS =0008 00000000 ffffffff 00cf9a00 DPL=0 CS32 [-R-]
SS =0010 00000000 ffffffff 00cf9300 DPL=0 DS   [-WA]
DS =0010 00000000 ffffffff 00cf9300 DPL=0 DS   [-WA]
FS =0010 00000000 ffffffff 00cf9300 DPL=0 DS   [-WA]
GS =0010 00000000 ffffffff 00cf9300 DPL=0 DS   [-WA]
LDT=0000 00000000 0000ffff 00008200 DPL=0 LDT
TR =0000 00000000 0000ffff 00008b00 DPL=0 TSS32-busy
GDT=     00108008 00000017
IDT=     00108060 000007ff
CR0=80000011 CR2=00000000 CR3=00000000 CR4=00000000
DR0=00000000 DR1=00000000 DR2=00000000 DR3=00000000 
DR6=ffff0ff0 DR7=00000400
CCS=00000000 CCD=0000067c CCO=EFLAGS
EFER=0000000000000000
Servicing hardware INT=0x20
   837: v=20 e=0000 i=0 cpl=0 IP=0008:0010117e pc=0010117e SP=0010:00107fa4 env->regs[R_EAX]=00000730
EAX=00000730 EBX=00000007 ECX=000000a7 EDX=00000002
ESI=000b8000 EDI=00000700 EBP=00107fb0 ESP=00107fa4
EIP=0010117e EFL=00000202 [-------] CPL=0 II=0 A20=1 SMM=0 HLT=0
ES =0010 00000000 ffffffff 00cf9300 DPL=0 DS   [-WA]
CS =0008 00000000 ffffffff 00cf9a00 DPL=0 CS32 [-R-]
SS =0010 00000000 ffffffff 00cf9300 DPL=0 DS   [-WA]
DS =0010 00000000 ffffffff 00cf9300 DPL=0 DS   [-WA]
FS =0010 00000000 ffffffff 00cf9300 DPL=0 DS   [-WA]
GS =0010 00000000 ffffffff 00cf9300 DPL=0 DS   [-WA]
LDT=0000 00000000 0000ffff 00008200 DPL=0 LDT
TR =0000 00000000 0000ffff 00008b00 DPL=0 TSS32-busy
GDT=     00108008 00000017
IDT=     00108060 000007ff
CR0=80000011 CR2=00000000 CR3=00000000 CR4=00000000
DR0=00000000 DR1=00000000 DR2=00000000 DR3=00000000 
DR6=ffff0ff0 DR7=00000400
CCS=00000000 CCD=000000a7 CCO=EFLAGS
EFER=0000000000000000
Servicing hardware INT=0x20
   838: v=20 e=0000 i=0 cpl=0 IP=0008:0010117e pc=0010117e SP=0010:d0000fa9 env->regs[R_EAX]=00000741
EAX=00000741 EBX=0000000f ECX=0000055f EDX=00000011
ESI=000b8000 EDI=00000700 EBP=d0000fb5 ESP=d0000fa9
EIP=0010117e EFL=00000206 [-----P-] CPL=0 II=0 A20=1 SMM=0 HLT=0
ES =0010 00000000 ffffffff 00cf9300 DPL=0 DS   [-WA]
CS =0008 00000000 ffffffff 00cf9a00 DPL=0 CS32 [-R-]
SS =0010 00000000 ffffffff 00cf9300 DPL=0 DS   [-WA]
DS =0010 00000000 ffffffff 00cf9300 DPL=0 DS   [-WA]
FS =0010 00000000 ffffffff 00cf9300 DPL=0 DS   [-WA]
GS =0010 00000000 ffffffff 00cf9300 DPL=0 DS   [-WA]
LDT=0000 00000000 0000ffff 00008200 DPL=0 LDT
TR =0000 00000000 0000ffff 00008b00 DPL=0 TSS32-busy
GDT=     00108008 00000017
IDT=     00108060 000007ff
CR0=80000011 CR2=00000000 CR3=00000000 CR4=00000000
DR0=00000000 DR1=00000000 DR2=00000000 DR3=00000000 
DR6=ffff0ff0 DR7=00000400
CCS=00000004 CCD=0000055f CCO=EFLAGS
EFER=0000000000000000
Servicing hardware INT=0x20
   839: v=20 e=0000 i=0 cpl=0 IP=0008:0010117e pc=0010117e SP=0010:d0001fb2 env->regs[R_EAX]=00000742
EAX=00000742 EBX=00000004 ECX=000005a4 EDX=00000012
ESI=000b8000 EDI=00000700 EBP=d0001fbe ESP=d0001fb2
EIP=0010117e EFL=00000202 [-------] CPL=0 II=0 A20=1 SMM=0 HLT=0
ES =0010 00000000 ffffffff 00cf9300 DPL=0 DS   [-WA]
CS =0008 00000000 ffffffff 00cf9a00 DPL=0 CS32 [-R-]
SS =0010 00000000 ffffffff 00cf9300 DPL=0 DS   [-WA]
DS =0010 00000000 ffffffff 00cf9300 DPL=0 DS   [-WA]
FS =0010 00000000 ffffffff 00cf9300 DPL=0 DS   [-WA]
GS =0010 00000000 ffffffff 00cf9300 DPL=0 DS   [-WA]
LDT=0000 00000000 0000ffff 00008200 DPL=0 LDT
TR =0000 00000000 0000ffff 00008b00 DPL=0 TSS32-busy
GDT=     00108008 00000017
IDT=     00108060 000007ff
CR0=80000011 CR2=00000000 CR3=00000000 CR4=00000000
DR0=00000000 DR1=00000000 DR2=00000000 DR3=00000000 
DR6=ffff0ff0 DR7=00000400
CCS=00000000 CCD=000005a4 CCO=EFLAGS
EFER=0000000000000000
Servicing hardware INT=0x20
   840: v=20 e=0000 i=0 cpl=0 IP=0008:0010117e pc=0010117e SP=0010:00107fa4 env->regs[R_EAX]=00000730
EAX=00000730 EBX=00000014 ECX=00000654 EDX=00000014
ESI=000b8000 EDI=00000700 EBP=00107fb0 ESP=00107fa4
EIP=0010117e EFL=00000202 [-------] CPL=0 II=0 A20=1 SMM=0 HLT=0
ES =0010 00000000 ffffffff 00cf9300 DPL=0 DS   [-WA]
CS =0008 00000000 ffffffff 00cf9a00 DPL=0 CS32 [-R-]
SS =0010 00000000 ffffffff 00cf9300 DPL=0 DS   [-WA]
DS =0010 00000000 ffffffff 00cf9300 DPL=0 DS   [-WA]
FS =0010 00000000 ffffffff 00cf9300 DPL=0 DS   [-WA]
GS =0010 00000000 ffffffff 00cf9300 DPL=0 DS   [-WA]
LDT=0000 00000000 0000ffff 00008200 DPL=0 LDT
TR =0000 00000000 0000ffff 00008b00 DPL=0 TSS32-busy
GDT=     00108008 00000017
IDT=     00108060 000007ff
CR0=80000011 CR2=00000000 CR3=00000000 CR4=00000000
DR0=00000000 DR1=00000000 DR2=00000000 DR3=00000000 
DR6=ffff0ff0 DR7=00000400
CCS=00000000 CCD=00000654 CCO=EFLAGS
EFER=0000000000000000
Servicing hardware INT=0x20
   841: v=20 e=0000 i=0 cpl=0 IP=0008:0010117e pc=0010117e SP=0010:d0000fa9 env->regs[R_EAX]=00000741
EAX=00000741 EBX=0000000a ECX=0000041a EDX=0000000d
ESI=000b8000 EDI=00000700 EBP=d0000fb5 ESP=d0000fa9
EIP=0010117e EFL=00000202 [-------] CPL=0 II=0 A20=1 SMM=0 HLT=0
ES =0010 00000000 ffffffff 00cf9300 DPL=0 DS   [-WA]
CS =0008 00000000 ffffffff 00cf9a00 DPL=0 CS32 [-R-]
SS =0010 00000000 ffffffff 00cf9300 DPL=0 DS   [-WA]
DS =0010 00000000 ffffffff 00cf9300 DPL=0 DS   [-WA]
FS =0010 00000000 ffffffff 00cf9300 DPL=0 DS   [-WA]
GS =0010 00000000 ffffffff 00cf9300 DPL=0 DS   [-WA]
LDT=0000 00000000 0000ffff 00008200 DPL=0 LDT
TR =0000 00000000 0000ffff 00008b00 DPL=0 TSS32-busy
GDT=     00108008 00000017
IDT=     00108060 000007ff
CR0=80000011 CR2=00000000 CR3=00000000 CR4=00000000
DR0=00000000 DR1=00000000 DR2=00000000 DR3=00000000 
DR6=ffff0ff0 DR7=00000400
CCS=00000000 CCD=0000041a CCO=EFLAGS
EFER=0000000000000000
Servicing hardware INT=0x20
   842: v=20 e=0000 i=0 cpl=0 IP=0008:0010117e pc=0010117e SP=0010:d0001fb2 env->regs[R_EAX]=00000742
EAX=00000742 EBX=00000003 ECX=00000503 EDX=00000010
ESI=000b8000 EDI=00000700 EBP=d0001fbe ESP=d0001fb2
EIP=0010117e EFL=00000206 [-----P-] CPL=0 II=0 A20=1 SMM=0 HLT=0
ES =0010 00000000 ffffffff 00cf9300 DPL=0 DS   [-WA]
CS =0008 00000000 ffffffff 00cf9a00 DPL=0 CS32 [-R-]
SS =0010 00000000 ffffffff 00cf9300 DPL=0 DS   [-WA]
DS =0010 00000000 ffffffff 00cf9300 DPL=0 DS   [-WA]
FS =0010 00000000 ffffffff 00cf9300 DPL=0 DS   [-WA]
GS =0010 00000000 ffffffff 00cf9300 DPL=0 DS   [-WA]
LDT=0000 00000000 0000ffff 00008200 DPL=0 LDT
TR =0000 00000000 0000ffff 00008b00 DPL=0 TSS32-busy
GDT=     00108008 00000017
IDT=     00108060 000007ff
CR0=80000011 CR2=00000000 CR3=00000000 CR4=00000000
DR0=00000000 DR1=00000000 DR2=00000000 DR3=00000000 
DR6=ffff0ff0 DR7=00000400
CCS=00000004 CCD=00000503 CCO=EFLAGS
EFER=0000000000000000
Servicing hardware INT=0x20
   843: v=20 e=0000 i=0 cpl=0 IP=0008:0010117e pc=0010117e SP=0010:00107fa4 env->regs[R_EAX]=00000730
EAX=00000730 EBX=00000044 ECX=000005e4 EDX=00000012
ESI=000b8000 EDI=00000700 EBP=00107fb0 ESP=00107fa4
EIP=0010117e EFL=00000206 [-----P-] CPL=0 II=0 A20=1 SMM=0 HLT=0
ES =0010 00000000 ffffffff 00cf9300 DPL=0 DS   [-WA]
CS =0008 00000000 ffffffff 00cf9a00 DPL=0 CS32 [-R-]
SS =0010 00000000 ffffffff 00cf9300 DPL=0 DS   [-WA]
DS =0010 00000000 ffffffff 00cf9300 DPL=0 DS   [-WA]
FS =0010 00000000 ffffffff 00cf9300 DPL=0 DS   [-WA]
GS =0010 00000000 ffffffff 00cf9300 DPL=0 DS   [-WA]
LDT=0000 00000000 0000ffff 00008200 DPL=0 LDT
TR =0000 00000000 0000ffff 00008b00 DPL=0 TSS32-busy
GDT=     00108008 00000017
IDT=     00108060 000007ff
CR0=80000011 CR2=00000000 CR3=00000000 CR4=00000000
DR0=00000000 DR1=00000000 DR2=00000000 DR3=00000000 
DR6=ffff0ff0 DR7=00000400
CCS=00000004 CCD=000005e4 CCO=EFLAGS
EFER=0000000000000000
Servicing hardware INT=0x20
   844: v=20 e=0000 i=0 cpl=0 IP=0008:0010117e pc=0010117e SP=0010:d0000fa9 env->regs[R_EAX]=00000741
EAX=00000741 EBX=0000003b ECX=0000035b EDX=0000000a
ESI=000b8000 EDI=00000700 EBP=d0000fb5 ESP=d0000fa9
EIP=0010117e EFL=00000202 [-------] CPL=0 II=0 A20=1 SMM=0 HLT=0
ES =0010 00000000 ffffffff 00cf9300 DPL=0 DS   [-WA]
CS =0008 00000000 ffffffff 00cf9a00 DPL=0 CS32 [-R-]
SS =0010 00000000 ffffffff 00cf9300 DPL=0 DS   [-WA]
DS =0010 00000000 ffffffff 00cf9300 DPL=0 DS   [-WA]
FS =0010 00000000 ffffffff 00cf9300 DPL=0 DS   [-WA]
GS =0010 00000000 ffffffff 00cf9300 DPL=0 DS   [-WA]
LDT=0000 00000000 0000ffff 00008200 DPL=0 LDT
TR =0000 00000000 0000ffff 00008b00 DPL=0 TSS32-busy
GDT=     00108008 00000017
IDT=     00108060 000007ff
CR0=80000011 CR2=00000000 CR3=00000000 CR4=00000000
DR0=00000000 DR1=00000000 DR2=00000000 DR3=00000000 
DR6=ffff0ff0 DR7=00000400
CCS=00000000 CCD=0000035b CCO=EFLAGS
EFER=0000000000000000
Servicing hardware INT=0x20
   845: v=20 e=0000 i=0 cpl=0 IP=0008:0010117e pc=0010117e SP=0010:d0001fb2 env->regs[R_EAX]=00000742
EAX=00000742 EBX=0000001d ECX=0000015d EDX=00000004
ESI=000b8000 EDI=00000700 EBP=d0001fbe ESP=d0001fb2
EIP=0010117e EFL=00000202 [-------] CPL=0 II=0 A20=1 SMM=0 HLT=0
ES =0010 00000000 ffffffff 00cf9300 DPL=0 DS   [-WA]
CS =0008 00000000 ffffffff 00cf9a00 DPL=0 CS32 [-R-]
SS =0010 00000000 ffffffff 00cf9300 DPL=0 DS   [-WA]
DS =0010 00000000 ffffffff 00cf9300 DPL=0 DS   [-WA]
FS =0010 00000000 ffffffff 00cf9300 DPL=0 DS   [-WA]
GS =0010 00000000 ffffffff 00cf9300 DPL=0 DS   [-WA]
LDT=0000 00000000 0000ffff 00008200 DPL=0 LDT
TR =0000 00000000 0000ffff 00008b00 DPL=0 TSS32-busy
GDT=     00108008 00000017
IDT=     00108060 000007ff
CR0=80000011 CR2=00000000 CR3=00000000 CR4=00000000
DR0=00000000 DR1=00000000 DR2=00000000 DR3=00000000 
DR6=ffff0ff0 DR7=00000400
CCS=00000000 CCD=0000015d CCO=EFLAGS
EFER=0000000000000000
Servicing hardware INT=0x20
   846: v=20 e=0000 i=0 cpl=0 IP=0008:0010117e pc=0010117e SP=0010:00107fa4 env->regs[R_EAX]=00000730
EAX=00000730 EBX=0000001a ECX=0000006a EDX=00000001
ESI=000b8000 EDI=00000700 EBP=00107fb0 ESP=00107fa4
EIP=0010117e EFL=00000206 [-----P-] CPL=0 II=0 A20=1 SMM=0 HLT=0
ES =0010 00000000 ffffffff 00cf9300 DPL=0 DS   [-WA]
CS =0008 00000000 ffffffff 00cf9a00 DPL=0 CS32 [-R-]
SS =0010 00000000 ffffffff 00cf9300 DPL=0 DS   [-WA]
DS =0010 00000000 ffffffff 00cf9300 DPL=0 DS   [-WA]
FS =0010 00000000 ffffffff 00cf9300 DPL=0 DS   [-WA]
GS =0010 00000000 ffffffff 00cf9300 DPL=0 DS   [-WA]
LDT=0000 00000000 0000ffff 00008200 DPL=0 LDT
TR =0000 00000000 0000ffff 00008b00 DPL=0 TSS32-busy
GDT=     00108008 00000017
IDT=     00108060 000007ff
CR0=80000011 CR2=00000000 CR3=00000000 CR4=00000000
DR0=00000000 DR1=00000000 DR2=00000000 DR3=00000000 
DR6=ffff0ff0 DR7=00000400
CCS=00000004 CCD=0000006a CCO=EFLAGS
EFER=0000000000000000
Servicing hardware INT=0x20
   847: v=20 e=0000 i=0 cpl=0 IP=0008:0010117e pc=0010117e SP=0010:d0000fa9 env->regs[R_EAX]=00000741
EAX=00000741 EBX=00000027 ECX=000002a7 EDX=00000008
ESI=000b8000 EDI=00000700 EBP=d0000fb5 ESP=d0000fa9
EIP=0010117e EFL=00000202 [-------] CPL=0 II=0 A20=1 SMM=0 HLT=0
ES =0010 00000000 ffffffff 00cf9300 DPL=0 DS   [-WA]
CS =0008 00000000 ffffffff 00cf9a00 DPL=0 CS32 [-R-]
SS =0010 00000000 ffffffff 00cf9300 DPL=0 DS   [-WA]
DS =0010 00000000 ffffffff 00cf9300 DPL=0 DS   [-WA]
FS =0010 00000000 ffffffff 00cf9300 DPL=0 DS   [-WA]
GS =0010 00000000 ffffffff 00cf9300 DPL=0 DS   [-WA]
LDT=0000 00000000 0000ffff 00008200 DPL=0 LDT
TR =0000 00000000 0000ffff 00008b00 DPL=0 TSS32-busy
GDT=     00108008 00000017
IDT=     00108060 000007ff
CR0=80000011 CR2=00000000 CR3=00000000 CR4=00000000
DR0=00000000 DR1=00000000 DR2=00000000 DR3=00000000 
DR6=ffff0ff0 DR7=00000400
CCS=00000000 CCD=000002a7 CCO=EFLAGS
EFER=0000000000000000
Servicing hardware INT=0x20
   848: v=20 e=0000 i=0 cpl=0 IP=0008:0010117e pc=0010117e SP=0010:d0001fb2 env->regs[R_EAX]=00000742
EAX=00000742 EBX=00000038 ECX=00000448 EDX=0000000d
ESI=000b8000 EDI=00000700 EBP=d0001fbe ESP=d0001fb2
EIP=0010117e EFL=00000206 [-----P-] CPL=0 II=0 A20=1 SMM=0 HLT=0
ES =0010 00000000 ffffffff 00cf9300 DPL=0 DS   [-WA]
CS =0008 00000000 ffffffff 00cf9a00 DPL=0 CS32 [-R-]
SS =0010 00000000 ffffffff 00cf9300 DPL=0 DS   [-WA]
DS =0010 00000000 ffffffff 00cf9300 DPL=0 DS   [-WA]
FS =0010 00000000 ffffffff 00cf9300 DPL=0 DS   [-WA]
GS =0010 00000000 ffffffff 00cf9300 DPL=0 DS   [-WA]
LDT=0000 00000000 0000ffff 00008200 DPL=0 LDT
TR =0000 00000000 0000ffff 00008b00 DPL=0 TSS32-busy
GDT=     00108008 00000017
IDT=     00108060 000007ff
CR0=80000011 CR2=00000000 CR3=00000000 CR4=00000000
DR0=00000000 DR1=00000000 DR2=00000000 DR3=00000000 
DR6=ffff0ff0 DR7=00000400
CCS=00000004 CCD=00000448 CCO=EFLAGS
EFER=0000000000000000
Servicing hardware INT=0x20
   849: v=20 e=0000 i=0 cpl=0 IP=0008:0010117e pc=0010117e SP=0010:00107fa4 env->regs[R_EAX]=00000730
EAX=00000730 EBX=00000009 ECX=00000329 EDX=0000000a
ESI=000b8000 EDI=00000700 EBP=00107fb0 ESP=00107fa4
EIP=0010117e EFL=00000202 [-------] CPL=0 II=0 A20=1 SMM=0 HLT=0
ES =0010 00000000 ffffffff 00cf9300 DPL=0 DS   [-WA]
CS =0008 00000000 ffffffff 00cf9a00 DPL=0 CS32 [-R-]
SS =0010 00000000 ffffffff 00cf9300 DPL=0 DS   [-WA]
DS =0010 00000000 ffffffff 00cf9300 DPL=0 DS   [-WA]
FS =0010 00000000 ffffffff 00cf9300 DPL=0 DS   [-WA]
GS =0010 00000000 ffffffff 00cf9300 DPL=0 DS   [-WA]
LDT=0000 00000000 0000ffff 00008200 DPL=0 LDT
TR =0000 00000000 0000ffff 00008b00 DPL=0 TSS32-busy
GDT=     00108008 00000017
IDT=     00108060 000007ff
CR0=80000011 CR2=00000000 CR3=00000000 CR4=00000000
DR0=00000000 DR1=00000000 DR2=00000000 DR3=00000000 
DR6=ffff0ff0 DR7=00000400
CCS=00000000 CCD=00000329 CCO=EFLAGS
EFER=0000000000000000
Servicing hardware INT=0x20
   850: v=20 e=0000 i=0 cpl=0 IP=0008:0010117e pc=0010117e SP=0010:d0000fa9 env->regs[R_EAX]=00000741
EAX=00000741 EBX=00000009 ECX=00000469 EDX=0000000e
ESI=000b8000 EDI=00000700 EBP=d0000fb5 ESP=d0000fa9
EIP=0010117e EFL=00000206 [-----P-] CPL=0 II=0 A20=1 SMM=0 HLT=0
ES =0010 00000000 ffffffff 00cf9300 DPL=0 DS   [-WA]
CS =0008 00000000 ffffffff 00cf9a00 DPL=0 CS32 [-R-]
SS =0010 00000000 ffffffff 00cf9300 DPL=0 DS   [-WA]
DS =0010 00000000 ffffffff 00cf9300 DPL=0 DS   [-WA]
FS =0010 00000000 ffffffff 00cf9300 DPL=0 DS   [-WA]
GS =0010 00000000 ffffffff 00cf9300 DPL=0 DS   [-WA]
LDT=0000 00000000 0000ffff 00008200 DPL=0 LDT
TR =0000 00000000 0000ffff 00008b00 DPL=0 TSS32-busy
GDT=     00108008 00000017
IDT=     00108060 000007ff
CR0=80000011 CR2=00000000 CR3=00000000 CR4=00000000
DR0=00000000 DR1=00000000 DR2=00000000 DR3=00000000 
DR6=ffff0ff0 DR7=00000400
CCS=00000004 CCD=00000469 CCO=EFLAGS
EFER=0000000000000000
Servicing hardware INT=0x20
   851: v=20 e=0000 i=0 cpl=0 IP=0008:0010117e pc=0010117e SP=0010:d0001fb2 env->regs[R_EAX]=00000742
EAX=00000742 EBX=00000015 ECX=000002e5 EDX=00000009
ESI=000b8000 EDI=00000700 EBP=d0001fbe ESP=d0001fb2
EIP=0010117e EFL=00000202 [-------] CPL=0 II=0 A20=1 SMM=0 HLT=0
ES =0010 00000000 ffffffff 00cf9300 DPL=0 DS   [-WA]
CS =0008 00000000 ffffffff 00cf9a00 DPL=0 CS32 [-R-]
SS =0010 00000000 ffffffff 00cf9300 DPL=0 DS   [-WA]
DS =0010 00000000 ffffffff 00cf9300 DPL=0 DS   [-WA]
FS =0010 00000000 ffffffff 00cf9300 DPL=0 DS   [-WA]
GS =0010 00000000 ffffffff 00cf9300 DPL=0 DS   [-WA]
LDT=0000 00000000 0000ffff 00008200 DPL=0 LDT
TR =0000 00000000 0000ffff 00008b00 DPL=0 TSS32-busy
GDT=     00108008 00000017
IDT=     00108060 000007ff
CR0=80000011 CR2=00000000 CR3=00000000 CR4=00000000
DR0=00000000 DR1=00000000 DR2=00000000 DR3=00000000 
DR6=ffff0ff0 DR7=00000400
CCS=00000000 CCD=000002e5 CCO=EFLAGS
EFER=0000000000000000
Servicing hardware INT=0x20
   852: v=20 e=0000 i=0 cpl=0 IP=0008:0010117e pc=0010117e SP=0010:00107fa4 env->regs[R_EAX]=00000730
EAX=00000730 EBX=0000001b ECX=0000079b EDX=00000018
ESI=000b8000 EDI=00000700 EBP=00107fb0 ESP=00107fa4
EIP=0010117e EFL=00000202 [-------] CPL=0 II=0 A20=1 SMM=0 HLT=0
ES =0010 00000000 ffffffff 00cf9300 DPL=0 DS   [-WA]
CS =0008 00000000 ffffffff 00cf9a00 DPL=0 CS32 [-R-]
SS =0010 00000000 ffffffff 00cf9300 DPL=0 DS   [-WA]
DS =0010 00000000 ffffffff 00cf9300 DPL=0 DS   [-WA]
FS =0010 00000000 ffffffff 00cf9300 DPL=0 DS   [-WA]
GS =0010 00000000 ffffffff 00cf9300 DPL=0 DS   [-WA]
LDT=0000 00000000 0000ffff 00008200 DPL=0 LDT
TR =0000 00000000 0000ffff 00008b00 DPL=0 TSS32-busy
GDT=     00108008 00000017
IDT=     00108060 000007ff
CR0=80000011 CR2=00000000 CR3=00000000 CR4=00000000
DR0=00000000 DR1=00000000 DR2=00000000 DR3=00000000 
DR6=ffff0ff0 DR7=00000400
CCS=00000000 CCD=0000079b CCO=EFLAGS
EFER=0000000000000000
Servicing hardware INT=0x20
   853: v=20 e=0000 i=0 cpl=0 IP=0008:0010117e pc=0010117e SP=0010:d0000fa9 env->regs[R_EAX]=00000741
EAX=00000741 EBX=00000045 ECX=00000685 EDX=00000014
ESI=000b8000 EDI=00000700 EBP=d0000fb5 ESP=d0000fa9
EIP=0010117e EFL=00000202 [-------] CPL=0 II=0 A20=1 SMM=0 HLT=0
ES =0010 00000000 ffffffff 00cf9300 DPL=0 DS   [-WA]
CS =0008 00000000 ffffffff 00cf9a00 DPL=0 CS32 [-R-]
SS =0010 00000000 ffffffff 00cf9300 DPL=0 DS   [-WA]
DS =0010 00000000 ffffffff 00cf9300 DPL=0 DS   [-WA]
FS =0010 00000000 ffffffff 00cf9300 DPL=0 DS   [-WA]
GS =0010 00000000 ffffffff 00cf9300 DPL=0 DS   [-WA]
LDT=0000 00000000 0000ffff 00008200 DPL=0 LDT
TR =0000 00000000 0000ffff 00008b00 DPL=0 TSS32-busy
GDT=     00108008 00000017
IDT=     00108060 000007ff
CR0=80000011 CR2=00000000 CR3=00000000 CR4=00000000
DR0=00000000 DR1=00000000 DR2=00000000 DR3=00000000 
DR6=ffff0ff0 DR7=00000400
CCS=00000000 CCD=00000685 CCO=EFLAGS
EFER=0000000000000000
Servicing hardware INT=0x20
   854: v=20 e=0000 i=0 cpl=0 IP=0008:0010117e pc=0010117e SP=0010:d0001fb2 env->regs[R_EAX]=00000742
EAX=00000742 EBX=0000000c ECX=0000078c EDX=00000018
ESI=000b8000 EDI=00000700 EBP=d0001fbe ESP=d0001fb2
EIP=0010117e EFL=00000202 [-------] CPL=0 II=0 A20=1 SMM=0 HLT=0
ES =0010 00000000 ffffffff 00cf9300 DPL=0 DS   [-WA]
CS =0008 00000000 ffffffff 00cf9a00 DPL=0 CS32 [-R-]
SS =0010 00000000 ffffffff 00cf9300 DPL=0 DS   [-WA]
DS =0010 00000000 ffffffff 00cf9300 DPL=0 DS   [-WA]
FS =0010 00000000 ffffffff 00cf9300 DPL=0 DS   [-WA]
GS =0010 00000000 ffffffff 00cf9300 DPL=0 DS   [-WA]
LDT=0000 00000000 0000ffff 00008200 DPL=0 LDT
TR =0000 00000000 0000ffff 00008b00 DPL=0 TSS32-busy
GDT=     00108008 00000017
IDT=     00108060 000007ff
CR0=80000011 CR2=00000000 CR3=00000000 CR4=00000000
DR0=00000000 DR1=00000000 DR2=00000000 DR3=00000000 
DR6=ffff0ff0 DR7=00000400
CCS=00000000 CCD=0000078c CCO=EFLAGS
EFER=0000000000000000
Servicing hardware INT=0x20
   855: v=20 e=0000 i=0 cpl=0 IP=0008:0010117e pc=0010117e SP=0010:00107fa4 env->regs[R_EAX]=00000730
EAX=00000730 EBX=00000023 ECX=00000753 EDX=00000017
ESI=000b8000 EDI=00000700 EBP=00107fb0 ESP=00107fa4
EIP=0010117e EFL=00000206 [-----P-] CPL=0 II=0 A20=1 SMM=0 HLT=0
ES =0010 00000000 ffffffff 00cf9300 DPL=0 DS   [-WA]
CS =0008 00000000 ffffffff 00cf9a00 DPL=0 CS32 [-R-]
SS =0010 00000000 ffffffff 00cf9300 DPL=0 DS   [-WA]
DS =0010 00000000 ffffffff 00cf9300 DPL=0 DS   [-WA]
FS =0010 00000000 ffffffff 00cf9300 DPL=0 DS   [-WA]
GS =0010 00000000 ffffffff 00cf9300 DPL=0 DS   [-WA]
LDT=0000 00000000 0000ffff 00008200 DPL=0 LDT
TR =0000 00000000 0000ffff 00008b00 DPL=0 TSS32-busy
GDT=     00108008 00000017
IDT=     00108060 000007ff
CR0=80000011 CR2=00000000 CR3=00000000 CR4=00000000
DR0=00000000 DR1=00000000 DR2=00000000 DR3=00000000 
DR6=ffff0ff0 DR7=00000400
CCS=00000004 CCD=00000753 CCO=EFLAGS
EFER=0000000000000000
Servicing hardware INT=0x20
   856: v=20 e=0000 i=0 cpl=0 IP=0008:0010117e pc=0010117e SP=0010:d0000fa9 env->regs[R_EAX]=00000741
EAX=00000741 EBX=00000020 ECX=00000390 EDX=0000000b
ESI=000b8000 EDI=00000700 EBP=d0000fb5 ESP=d0000fa9
EIP=0010117e EFL=00000206 [-----P-] CPL=0 II=0 A20=1 SMM=0 HLT=0
ES =0010 00000000 ffffffff 00cf9300 DPL=0 DS   [-WA]
CS =0008 00000000 ffffffff 00cf9a00 DPL=0 CS32 [-R-]
SS =0010 00000000 ffffffff 00cf9300 DPL=0 DS   [-WA]
DS =0010 00000000 ffffffff 00cf9300 DPL=0 DS   [-WA]
FS =0010 00000000 ffffffff 00cf9300 DPL=0 DS   [-WA]
GS =0010 00000000 ffffffff 00cf9300 DPL=0 DS   [-WA]
LDT=0000 00000000 0000ffff 00008200 DPL=0 LDT
TR =0000 00000000 0000ffff 00008b00 DPL=0 TSS32-busy
GDT=     00108008 00000017
IDT=     00108060 000007ff
CR0=80000011 CR2=00000000 CR3=00000000 CR4=00000000
DR0=00000000 DR1=00000000 DR2=00000000 DR3=00000000 
DR6=ffff0ff0 DR7=00000400
CCS=00000004 CCD=00000390 CCO=EFLAGS
EFER=0000000000000000
